id,geo_match,geo_max,geo_top_in_cap,n_locs,has_gpe
216004,0.9840332269668579,0.7454875707626343,1.0,2,1
1085856,0.5,0.5,0.5,0,0
1169411,0.5,0.5,0.5,0,0
1117864,0.9922014474868774,0.9922014474868774,1.0,1,1
324716,0.5,0.5,0.5,0,0
1263756,0.9961101412773132,0.9961101412773132,1.0,1,1
55579,0.9998376369476318,0.9998376369476318,1.0,1,1
175689,0.5,0.5,0.5,0,0
377331,0.5,0.5,0.5,0,0
1080239,0.9986176490783691,0.9986176490783691,1.0,1,1
325372,0.5,0.5,0.5,0,0
138950,0.653990626335144,0.653990626335144,1.0,1,1
1186810,0.5,0.5,0.5,0,0
717838,0.9998255968093872,0.9996278285980225,1.0,2,1
90420,0.975343644618988,0.8283891081809998,1.0,2,1
727128,0.9371557831764221,0.9371557831764221,1.0,1,1
1230684,0.9858620166778564,0.9858620166778564,1.0,1,1
1446242,0.5,0.5,0.5,0,0
157951,0.5,0.5,0.5,0,0
1121248,0.5,0.5,0.5,0,0
386612,0.5,0.5,0.5,0,0
1072771,0.9999648332595825,0.9992662072181702,1.0,2,1
157771,0.7294264435768127,0.7294264435768127,1.0,1,1
1082113,0.5,0.5,0.5,0,0
1528375,0.9999922513961792,0.9999922513961792,1.0,1,1
533252,0.5,0.5,0.5,0,0
1516212,0.5,0.5,0.5,0,0
323043,0.5,0.5,0.5,0,0
420533,0.9257621169090271,0.9257621169090271,1.0,1,1
697323,0.5,0.5,0.5,0,0
764025,0.9947926998138428,0.9730318784713745,1.0,2,1
299918,0.9649694561958313,0.9649694561958313,1.0,1,1
1241537,0.8512917160987854,0.8512917160987854,1.0,1,1
352363,0.5,0.5,0.5,0,0
583032,0.5,0.5,0.5,0,0
616449,0.5,0.5,0.5,0,0
1238561,0.5,0.5,0.5,0,0
768726,0.5,0.5,0.5,0,0
416683,0.9991902709007263,0.9991902709007263,1.0,1,1
1550118,0.5,0.5,0.5,0,0
1538392,0.9989393353462219,0.9989393353462219,1.0,1,1
388829,0.9660231471061707,0.9660231471061707,1.0,1,1
1487790,0.5,0.5,0.5,0,0
1025001,0.9798160791397095,0.9798160791397095,1.0,1,1
250193,0.5,0.5,0.5,0,0
139658,0.9879336953163147,0.9879336953163147,1.0,1,1
569284,0.5162575244903564,0.5162575244903564,1.0,1,1
194837,0.9714797139167786,0.9714797139167786,1.0,1,1
1038347,0.5,0.5,0.5,0,0
542372,0.5,0.5,0.5,0,0
189946,0.5,0.5,0.5,0,0
1052865,0.9370223879814148,0.4725935757160187,1.0,2,1
896922,0.5,0.5,0.5,0,0
331578,0.5,0.5,0.5,0,0
941008,0.9703364372253418,0.9703364372253418,1.0,1,1
389881,0.9282384514808655,0.9282384514808655,1.0,1,1
663646,0.5,0.5,0.5,0,0
1190151,0.5,0.5,0.5,0,0
868146,0.5,0.5,0.5,0,0
55255,0.5,0.5,0.5,0,0
244840,0.9906788468360901,0.9906788468360901,1.0,1,1
668476,0.20503012835979462,0.20503012835979462,0.0,1,1
307050,0.971668541431427,0.971668541431427,1.0,1,1
438540,0.5,0.5,0.5,0,0
717607,0.9885755181312561,0.9794649481773376,1.0,2,1
1182822,0.5,0.5,0.5,0,0
1148967,0.9987377524375916,0.9987377524375916,1.0,1,1
690318,0.5,0.5,0.5,0,0
1548833,0.9908576607704163,0.9908576607704163,1.0,1,1
55059,0.9998320937156677,0.9763167500495911,1.0,2,1
284622,0.5,0.5,0.5,0,0
279289,0.9993225336074829,0.9993225336074829,1.0,1,1
623544,0.5,0.5,0.5,0,0
626067,0.6749075055122375,0.6749075055122375,1.0,1,1
1615464,0.8529683947563171,0.8529683947563171,1.0,1,1
490687,0.6804330945014954,0.6804330945014954,1.0,1,1
1545157,0.8803775310516357,0.8803775310516357,1.0,1,1
1466437,0.5,0.5,0.5,0,0
836443,0.5,0.5,0.5,0,0
784572,0.5,0.5,0.5,0,0
1021592,0.5,0.5,0.5,0,0
1451790,0.5,0.5,0.5,0,0
183760,0.9999890327453613,0.9999890327453613,1.0,1,1
1652377,0.9882382154464722,0.5789933204650879,1.0,2,1
245379,0.9914565682411194,0.9914565682411194,1.0,1,1
836127,0.5,0.5,0.5,0,0
313655,0.9925960898399353,0.9925960898399353,1.0,1,1
288777,0.9412990808486938,0.9412990808486938,1.0,1,1
312116,0.5,0.5,0.5,0,0
281869,0.5,0.5,0.5,0,0
1461757,0.5,0.5,0.5,0,0
179738,0.5,0.5,0.5,0,0
610466,0.5,0.5,0.5,0,0
1530900,0.7819421291351318,0.7819421291351318,1.0,1,1
378113,0.9965643286705017,0.9965643286705017,1.0,1,1
1507362,0.5,0.5,0.5,0,0
678684,0.7572378516197205,0.7572378516197205,1.0,1,1
162917,0.874569833278656,0.874569833278656,1.0,1,1
520851,0.9377134442329407,0.9377134442329407,1.0,1,1
103333,0.5,0.5,0.5,0,0
941906,0.866060197353363,0.866060197353363,1.0,1,1
765297,0.999911904335022,0.999911904335022,1.0,1,1
415856,0.5,0.5,0.5,0,0
398244,0.9999889135360718,0.9999889135360718,1.0,1,1
610466,0.5,0.5,0.5,0,0
318435,0.5,0.5,0.5,0,0
567520,0.5,0.5,0.5,0,0
1463823,0.5,0.5,0.5,0,0
839881,0.9997667670249939,0.9985830783843994,1.0,2,1
794796,0.5,0.5,0.5,0,0
989084,0.5,0.5,0.5,0,0
71628,0.9951321482658386,0.9951321482658386,1.0,1,1
626502,0.5,0.5,0.5,0,0
1674661,0.5,0.5,0.5,0,0
1003684,0.5,0.5,0.5,0,0
400100,0.8659350275993347,0.8659350275993347,1.0,1,1
620567,0.8867326378822327,0.8867326378822327,1.0,1,1
458242,0.5,0.5,0.5,0,0
919315,0.9447987079620361,0.93462073802948,1.0,2,1
1530770,0.5,0.5,0.5,0,0
528278,0.5,0.5,0.5,0,0
506937,0.5,0.5,0.5,0,0
1595763,0.9939917922019958,0.9939917922019958,1.0,1,1
771017,0.5,0.5,0.5,0,0
686088,0.5,0.5,0.5,0,0
764025,0.9947926998138428,0.9730318784713745,1.0,2,1
1511699,0.5,0.5,0.5,0,0
229290,0.5,0.5,0.5,0,0
806979,0.5,0.5,0.5,0,0
118255,0.5,0.5,0.5,0,0
665359,0.5,0.5,0.5,0,0
686464,0.882138729095459,0.882138729095459,1.0,1,1
828221,0.5,0.5,0.5,0,0
720877,0.5656673312187195,0.5656673312187195,1.0,1,1
75414,0.5,0.5,0.5,0,0
544928,0.5,0.5,0.5,0,0
109209,0.9988099336624146,0.9988099336624146,1.0,1,1
1193352,0.8375265598297119,0.8375265598297119,1.0,1,1
1237915,0.5793432593345642,0.5793432593345642,1.0,1,1
217683,0.5,0.5,0.5,0,0
449312,0.5,0.5,0.5,0,0
1251613,0.5,0.5,0.5,0,0
98908,0.5,0.5,0.5,0,0
1480527,0.5,0.5,0.5,0,0
1071634,0.9991881251335144,0.9991881251335144,1.0,1,1
354725,0.1945742815732956,0.1945742815732956,0.0,1,1
124031,0.5,0.5,0.5,0,0
323372,0.5,0.5,0.5,0,0
523389,0.5,0.5,0.5,0,0
419491,0.5,0.5,0.5,0,0
1265767,0.5,0.5,0.5,0,0
597964,0.5,0.5,0.5,0,0
1550118,0.5,0.5,0.5,0,0
597642,0.5,0.5,0.5,0,0
112857,0.8768411874771118,0.8768411874771118,1.0,1,1
731564,0.9999336004257202,0.8651277422904968,1.0,2,1
82288,0.8265506625175476,0.8265506625175476,1.0,1,1
249417,0.5,0.5,0.5,0,0
299304,0.5,0.5,0.5,0,0
999724,0.9991951584815979,0.9939724802970886,1.0,3,1
927797,0.7403460144996643,0.7403460144996643,1.0,1,1
796291,0.9905389547348022,0.9905389547348022,1.0,1,1
320491,0.5,0.5,0.5,0,0
995405,0.9134120345115662,0.9134120345115662,1.0,1,1
1043469,0.5,0.5,0.5,0,0
987962,0.8470426201820374,0.8470426201820374,1.0,1,1
956854,0.9961563944816589,0.9961563944816589,1.0,1,1
923042,0.5,0.5,0.5,0,0
1591220,0.5,0.5,0.5,0,0
676118,0.9954584836959839,0.9954584836959839,1.0,1,1
379235,0.9074419736862183,0.9074419736862183,1.0,1,1
563659,0.5,0.5,0.5,0,0
43003,0.5,0.5,0.5,0,0
265394,0.9816938042640686,0.9816938042640686,1.0,1,1
1482319,0.5,0.5,0.5,0,0
792067,0.9997767210006714,0.9909742474555969,1.0,2,1
1634428,0.7672343254089355,0.6652240753173828,1.0,2,1
809197,0.5,0.5,0.5,0,0
1466092,0.5,0.5,0.5,0,0
446813,0.9995704293251038,0.8018367886543274,1.0,2,1
1241591,0.5,0.5,0.5,0,0
88691,0.999584972858429,0.9768458604812622,1.0,2,1
346155,0.9983616471290588,0.9983616471290588,1.0,1,1
92735,0.5,0.5,0.5,0,0
154111,0.9958613514900208,0.9958613514900208,1.0,1,1
794914,0.5,0.5,0.5,0,0
1039556,0.5,0.5,0.5,0,0
309582,0.3151523470878601,0.3151523470878601,0.0,1,1
637732,0.5,0.5,0.5,0,0
495431,0.9872181415557861,0.9872181415557861,1.0,1,1
1445985,0.019563626497983932,0.019563626497983932,0.0,1,1
400247,0.5,0.5,0.5,0,0
1627250,0.5476258993148804,0.5108457803726196,1.0,2,1
61882,0.5,0.5,0.5,0,0
243702,0.9985212087631226,0.7987073659896851,1.0,2,1
249402,0.9969300627708435,0.9969300627708435,1.0,1,1
458208,0.5,0.5,0.5,0,0
312064,0.9162129759788513,0.9162129759788513,1.0,1,1
137261,0.5,0.5,0.5,0,0
1008170,0.5,0.5,0.5,0,0
419078,0.5,0.5,0.5,0,0
1195145,0.5,0.5,0.5,0,0
149554,0.5,0.5,0.5,0,0
571600,0.9735612869262695,0.9735612869262695,1.0,1,1
593348,0.5,0.5,0.5,0,0
988817,0.5,0.5,0.5,0,0
1446166,0.9962013959884644,0.7935744524002075,1.0,2,1
171610,0.9996304512023926,0.9996304512023926,1.0,1,1
1215597,0.9990229606628418,0.9990229606628418,1.0,1,1
820218,0.9892997741699219,0.9854245781898499,1.0,2,1
1269757,0.5,0.5,0.5,0,0
613231,0.5,0.5,0.5,0,0
1269369,0.5,0.5,0.5,0,0
662031,0.5,0.5,0.5,0,0
1487779,0.9693946242332458,0.9693946242332458,1.0,1,1
1598736,0.5,0.5,0.5,0,0
854838,0.5,0.5,0.5,0,0
246549,0.5,0.5,0.5,0,0
1203288,0.5,0.5,0.5,0,0
1172956,0.9999140501022339,0.9999140501022339,1.0,1,1
1210956,0.5,0.5,0.5,0,0
318435,0.5,0.5,0.5,0,0
575602,0.8596605062484741,0.4409615695476532,1.0,2,1
1239937,0.9990187883377075,0.9990187883377075,1.0,1,1
1641843,0.9996559619903564,0.9871202111244202,1.0,3,1
1512049,0.9901868104934692,0.9901868104934692,1.0,1,1
573087,0.5,0.5,0.5,0,0
149552,0.9900332093238831,0.9900332093238831,1.0,1,1
120259,0.5,0.5,0.5,0,0
375881,0.5,0.5,0.5,0,0
279289,0.9993225336074829,0.9993225336074829,1.0,1,1
1050169,0.9937300682067871,0.9937300682067871,1.0,1,1
140417,0.9998676180839539,0.999708354473114,1.0,2,1
220144,0.980993390083313,0.6172308325767517,1.0,2,1
686329,0.5,0.5,0.5,0,0
668476,0.20503012835979462,0.20503012835979462,0.0,1,1
1598421,0.8648816347122192,0.8648816347122192,1.0,1,1
346214,0.989816427230835,0.989816427230835,1.0,1,1
260225,0.5,0.5,0.5,0,0
1102894,0.5,0.5,0.5,0,0
1676687,0.5,0.5,0.5,0,0
1588194,0.9999878406524658,0.9999878406524658,1.0,1,1
995822,0.5,0.5,0.5,0,0
44617,0.9967769980430603,0.9967769980430603,1.0,1,1
526774,0.5,0.5,0.5,0,0
626814,0.5,0.5,0.5,0,0
582585,0.5,0.5,0.5,0,0
1141076,0.9998125433921814,0.9998125433921814,1.0,1,1
950590,0.26956889033317566,0.26956889033317566,0.0,1,1
233330,0.9999996423721313,0.9999996423721313,1.0,1,1
1646109,0.09391364455223083,0.09391364455223083,0.0,1,1
1273961,0.9998613595962524,0.9998613595962524,1.0,1,1
196360,0.9291359186172485,0.9291359186172485,1.0,1,1
965694,0.5,0.5,0.5,0,0
736701,0.5377201437950134,0.5377201437950134,1.0,1,1
394320,0.5,0.5,0.5,0,0
567603,0.5,0.5,0.5,0,0
573288,0.5,0.5,0.5,0,0
416897,0.5,0.5,0.5,0,0
96190,0.9935097098350525,0.9005554914474487,1.0,2,1
1228428,0.5,0.5,0.5,0,0
1141295,0.5,0.5,0.5,0,0
431817,0.5,0.5,0.5,0,0
744218,0.5,0.5,0.5,0,0
735428,0.5,0.5,0.5,0,0
812655,0.5,0.5,0.5,0,0
43988,0.9999806880950928,0.9999806880950928,1.0,1,1
430591,0.9892094135284424,0.598269522190094,1.0,2,1
1125865,0.9400274157524109,0.9400274157524109,1.0,1,1
416449,0.9997377991676331,0.9987157583236694,1.0,2,1
407110,0.9992269277572632,0.9992269277572632,1.0,1,1
1470271,0.9980023503303528,0.9980023503303528,1.0,1,1
954504,0.999985933303833,0.9226620197296143,1.0,2,1
1573554,0.8611681461334229,0.8611681461334229,1.0,1,1
389922,0.9783118367195129,0.9783118367195129,1.0,1,1
1003811,0.5,0.5,0.5,0,0
687867,0.5,0.5,0.5,0,0
1647124,0.5,0.5,0.5,0,0
750603,0.9999783039093018,0.9999783039093018,1.0,1,1
1452520,0.9987335801124573,0.9987335801124573,1.0,1,1
1596815,0.5,0.5,0.5,0,0
675342,0.9940470457077026,0.8307771682739258,1.0,2,1
1228241,0.5,0.5,0.5,0,0
701835,0.5,0.5,0.5,0,0
1235965,0.23842324316501617,0.23842324316501617,0.0,1,1
547660,0.9988143444061279,0.9988143444061279,1.0,1,1
1010255,0.5,0.5,0.5,0,0
497715,0.9989326596260071,0.9989326596260071,1.0,1,1
251485,0.5,0.5,0.5,0,0
960157,0.5,0.5,0.5,0,0
1082072,0.8150334358215332,0.8150334358215332,1.0,1,1
618196,0.5788151025772095,0.5788151025772095,1.0,1,1
163416,0.9874197840690613,0.9874197840690613,1.0,1,1
600962,0.9998853802680969,0.9997591376304626,1.0,2,1
1228799,0.5,0.5,0.5,0,0
1210406,0.5,0.5,0.5,0,0
808415,0.5,0.5,0.5,0,0
760921,0.991297721862793,0.991297721862793,1.0,1,1
1483041,0.8008813858032227,0.8008813858032227,1.0,1,1
484536,0.5,0.5,0.5,0,0
1271223,0.934349775314331,0.934349775314331,1.0,1,1
1042281,0.9810251593589783,0.9810251593589783,1.0,1,1
1052626,0.9998912811279297,0.5931503772735596,1.0,2,1
857446,0.5,0.5,0.5,0,0
1086862,0.9976165294647217,0.9976165294647217,1.0,1,1
553631,0.5,0.5,0.5,0,0
1622318,0.5,0.5,0.5,0,0
909867,0.325430303812027,0.325430303812027,0.0,1,1
41443,0.9999330639839172,0.9451696872711182,1.0,2,1
128439,0.5,0.5,0.5,0,0
489850,0.9991908669471741,0.9991908669471741,1.0,1,1
804705,0.306593120098114,0.306593120098114,0.0,1,1
266214,0.9958853125572205,0.9958853125572205,1.0,1,1
1578528,0.5,0.5,0.5,0,0
87251,0.9626860022544861,0.9626860022544861,1.0,1,1
313201,0.5,0.5,0.5,0,0
834891,0.5,0.5,0.5,0,0
46489,0.5,0.5,0.5,0,0
50343,0.6042057871818542,0.6042057871818542,1.0,1,1
1039138,0.5,0.5,0.5,0,0
978575,0.9853678345680237,0.9853678345680237,1.0,1,1
758730,0.9990756511688232,0.9990756511688232,1.0,1,1
1166150,0.40247371792793274,0.3573397099971771,0.0,2,1
856632,0.9997909665107727,0.9997909665107727,1.0,1,1
672278,0.5,0.5,0.5,0,0
226415,0.6315090656280518,0.3304905891418457,0.0,2,1
134370,0.5,0.5,0.5,0,0
832056,0.9976947903633118,0.9976947903633118,1.0,1,1
109168,0.9999002814292908,0.9910586476325989,1.0,2,1
328247,0.8099493384361267,0.8099493384361267,1.0,1,1
950560,0.5,0.5,0.5,0,0
1642034,0.5,0.5,0.5,0,0
1507362,0.5,0.5,0.5,0,0
80209,0.5,0.5,0.5,0,0
390735,0.5,0.5,0.5,0,0
101404,0.5,0.5,0.5,0,0
724600,0.9998809099197388,0.9569684267044067,1.0,3,1
1468108,0.9987415671348572,0.9987415671348572,1.0,1,1
77557,0.5,0.5,0.5,0,0
244184,0.5,0.5,0.5,0,0
104595,0.7708277106285095,0.7708277106285095,1.0,1,1
1541626,0.9998968839645386,0.9998968839645386,1.0,1,1
1210406,0.5,0.5,0.5,0,0
299410,0.5,0.5,0.5,0,0
559300,0.9996843338012695,0.9996843338012695,1.0,1,1
1603941,0.5,0.5,0.5,0,0
677564,0.5,0.5,0.5,0,0
1526507,0.5,0.5,0.5,0,0
1137242,0.9989719390869141,0.9989719390869141,1.0,1,1
1240197,0.5554670095443726,0.5554670095443726,1.0,1,1
1579889,0.46525150537490845,0.46525150537490845,0.0,1,1
946717,0.5372199416160583,0.5372199416160583,1.0,1,1
131252,0.9357324242591858,0.9357324242591858,1.0,1,1
335529,0.9998372793197632,0.9998372793197632,1.0,1,1
1070120,0.9888928532600403,0.9888928532600403,1.0,1,1
987939,0.5,0.5,0.5,0,0
534821,0.5,0.5,0.5,0,0
705434,0.999993085861206,0.917611300945282,1.0,2,1
1151214,0.9728158712387085,0.9728158712387085,1.0,1,1
371005,0.5,0.5,0.5,0,0
764550,0.5,0.5,0.5,0,0
67507,0.5,0.5,0.5,0,0
644043,0.711323618888855,0.711323618888855,1.0,1,1
1490985,0.9003651142120361,0.9003651142120361,1.0,1,1
476441,0.9964836835861206,0.9964836835861206,1.0,1,1
413517,0.5,0.5,0.5,0,0
1250024,0.6855560541152954,0.6855560541152954,1.0,1,1
304723,0.5,0.5,0.5,0,0
1206207,0.5,0.5,0.5,0,0
95232,0.988243818283081,0.988243818283081,1.0,1,1
848491,0.8231568336486816,0.8231568336486816,1.0,1,1
1246109,0.9949638843536377,0.9949638843536377,1.0,1,1
1222687,0.9986498355865479,0.9079514741897583,1.0,2,1
770455,0.99993896484375,0.99993896484375,1.0,1,1
201905,0.8563518524169922,0.7172926068305969,1.0,2,1
365899,0.5,0.5,0.5,0,0
720538,0.5,0.5,0.5,0,0
710161,0.5,0.5,0.5,0,0
1536265,0.5,0.5,0.5,0,0
871676,0.9830700159072876,0.9830700159072876,1.0,1,1
184033,0.5,0.5,0.5,0,0
228732,0.5,0.5,0.5,0,0
779328,0.5,0.5,0.5,0,0
1471634,0.9998277425765991,0.9700210094451904,1.0,2,1
1273656,0.9123288989067078,0.9123288989067078,1.0,1,1
902092,0.9999716281890869,0.7009217143058777,1.0,2,1
401911,0.5,0.5,0.5,0,0
896922,0.5,0.5,0.5,0,0
309566,0.9987198114395142,0.9987198114395142,1.0,1,1
584339,0.9997077584266663,0.9989063739776611,1.0,2,1
990397,0.6077213883399963,0.6077213883399963,1.0,1,1
896529,0.5,0.5,0.5,0,0
138926,0.9997493624687195,0.49987468123435974,1.0,2,1
265128,0.9871604442596436,0.9871604442596436,1.0,1,1
1543039,0.9624496102333069,0.9624496102333069,1.0,1,1
162917,0.874569833278656,0.874569833278656,1.0,1,1
806979,0.5,0.5,0.5,0,0
1671969,0.9975212216377258,0.9975212216377258,1.0,1,1
367663,0.9999902248382568,0.9999902248382568,1.0,1,1
260211,0.998229444026947,0.998229444026947,1.0,1,1
167625,0.9879992008209229,0.9879992008209229,1.0,1,1
1046608,0.5,0.5,0.5,0,0
823259,0.5,0.5,0.5,0,0
1534197,0.5,0.5,0.5,0,0
1469082,0.9998869895935059,0.9998664855957031,1.0,2,1
864715,0.5,0.5,0.5,0,0
927953,0.5,0.5,0.5,0,0
1228799,0.5,0.5,0.5,0,0
1243306,0.5,0.5,0.5,0,0
304042,0.9963546991348267,0.9963546991348267,1.0,1,1
1286254,0.5,0.5,0.5,0,0
1074049,0.9020717144012451,0.7697347402572632,1.0,2,1
1042419,0.9999942779541016,0.9999942779541016,1.0,1,1
1604307,0.9997908473014832,0.9997908473014832,1.0,1,1
1264042,0.5,0.5,0.5,0,0
53068,0.9998443126678467,0.9161314368247986,1.0,2,1
1484356,0.5,0.5,0.5,0,0
1109230,0.9546194672584534,0.9546194672584534,1.0,1,1
1254909,0.5,0.5,0.5,0,0
324716,0.5,0.5,0.5,0,0
81093,0.5,0.5,0.5,0,0
1027672,0.9985036849975586,0.9985036849975586,1.0,1,1
1545676,0.9992614388465881,0.9992614388465881,1.0,1,1
77605,0.9971622228622437,0.9345943927764893,1.0,3,1
431192,0.9870156049728394,0.9870156049728394,1.0,1,1
335529,0.9998372793197632,0.9998372793197632,1.0,1,1
590456,0.9999803304672241,0.9999803304672241,1.0,1,1
544817,0.5,0.5,0.5,0,0
183911,0.9834080338478088,0.9834080338478088,1.0,1,1
696189,0.5,0.5,0.5,0,0
737916,0.5,0.5,0.5,0,0
1477848,0.5,0.5,0.5,0,0
690263,0.9983493089675903,0.9983493089675903,1.0,1,1
1255128,0.9965618252754211,0.9965618252754211,1.0,1,1
1259108,0.5,0.5,0.5,0,0
99221,0.5,0.5,0.5,0,0
176974,0.9998633861541748,0.9998633861541748,1.0,1,1
434817,0.5,0.5,0.5,0,0
425556,0.5,0.5,0.5,0,0
1670675,0.5,0.5,0.5,0,0
567886,0.5,0.5,0.5,0,0
678742,0.9954134821891785,0.9954134821891785,1.0,1,1
1165396,0.5,0.5,0.5,0,0
215615,0.9425002932548523,0.9425002932548523,1.0,1,1
761055,0.5,0.5,0.5,0,0
128929,0.5,0.5,0.5,0,0
116193,0.5,0.5,0.5,0,0
56489,0.999976634979248,0.999976634979248,1.0,1,1
940394,0.9901909828186035,0.9901909828186035,1.0,1,1
1227905,0.9727733731269836,0.9727733731269836,1.0,1,1
385697,0.5,0.5,0.5,0,0
750846,0.5,0.5,0.5,0,0
148392,0.26065897941589355,0.26065897941589355,0.0,1,1
1447628,0.864190936088562,0.864190936088562,1.0,1,1
376131,0.9844521284103394,0.9844521284103394,1.0,1,1
189485,0.5,0.5,0.5,0,0
718393,0.5,0.5,0.5,0,0
57886,0.5,0.5,0.5,0,0
602564,0.9875327944755554,0.9875327944755554,1.0,1,1
830382,0.5,0.5,0.5,0,0
1649519,0.9993025660514832,0.9440513253211975,1.0,2,1
175689,0.5,0.5,0.5,0,0
774723,0.5,0.5,0.5,0,0
404879,0.9995562434196472,0.9995562434196472,1.0,1,1
1246934,0.9922904372215271,0.9922904372215271,1.0,1,1
66186,0.9807314276695251,0.7832165360450745,1.0,3,1
963915,0.9993547201156616,0.6140314340591431,1.0,4,1
1528910,0.5,0.5,0.5,0,0
580954,0.9487816095352173,0.9487816095352173,1.0,1,1
238956,0.5,0.5,0.5,0,0
676118,0.9954584836959839,0.9954584836959839,1.0,1,1
421572,0.5,0.5,0.5,0,0
962967,0.5,0.5,0.5,0,0
854806,0.21563981473445892,0.21563981473445892,0.0,1,1
698999,0.5,0.5,0.5,0,0
1212439,0.5,0.5,0.5,0,0
1226568,0.9999767541885376,0.7275036573410034,1.0,3,1
80463,0.985774040222168,0.985774040222168,1.0,1,1
806347,0.5,0.5,0.5,0,0
1142807,0.961214005947113,0.961214005947113,1.0,1,1
343325,0.5,0.5,0.5,0,0
141204,0.9991423487663269,0.9977236390113831,1.0,2,1
193398,0.9991857409477234,0.9991857409477234,1.0,1,1
238780,0.8145199418067932,0.8145199418067932,1.0,1,1
1039405,0.9982733130455017,0.4987054765224457,1.0,3,1
1240336,0.9999939799308777,0.994210958480835,1.0,3,1
1549065,0.5,0.5,0.5,0,0
1449651,0.999975323677063,0.999975323677063,1.0,1,1
1262770,0.5,0.5,0.5,0,0
181363,0.9891602993011475,0.6978172659873962,1.0,2,1
1152648,0.5,0.5,0.5,0,0
109209,0.9988099336624146,0.9988099336624146,1.0,1,1
472525,0.9986112117767334,0.9986112117767334,1.0,1,1
755396,0.5,0.5,0.5,0,0
1216085,0.5,0.5,0.5,0,0
452907,0.5,0.5,0.5,0,0
1085250,0.5,0.5,0.5,0,0
212734,0.26295754313468933,0.26295754313468933,0.0,1,1
180190,0.9985874891281128,0.9985874891281128,1.0,1,1
218594,0.5,0.5,0.5,0,0
1599311,0.9931004047393799,0.9931004047393799,1.0,1,1
969764,0.23598074913024902,0.23598074913024902,0.0,1,1
823944,0.5,0.5,0.5,0,0
478656,0.5,0.5,0.5,0,0
665046,0.5,0.5,0.5,0,0
416334,0.5,0.5,0.5,0,0
1179966,0.5,0.5,0.5,0,0
202515,0.8591557145118713,0.7422155737876892,1.0,2,1
981086,0.9864128828048706,0.9864128828048706,1.0,1,1
477112,0.5,0.5,0.5,0,0
1241537,0.8512917160987854,0.8512917160987854,1.0,1,1
1259323,0.5,0.5,0.5,0,0
143664,0.9330571293830872,0.9330571293830872,1.0,1,1
246441,0.9905998110771179,0.9905998110771179,1.0,1,1
300729,0.5,0.5,0.5,0,0
1560103,0.5,0.5,0.5,0,0
668444,0.9998643398284912,0.9079095721244812,1.0,2,1
668685,0.9999748468399048,0.9999748468399048,1.0,1,1
404539,0.5,0.5,0.5,0,0
677112,0.9999765157699585,0.9999765157699585,1.0,1,1
95232,0.988243818283081,0.988243818283081,1.0,1,1
254882,0.5,0.5,0.5,0,0
186457,0.9998606443405151,0.9998606443405151,1.0,1,1
1606803,0.9994828701019287,0.9994828701019287,1.0,1,1
795579,0.5,0.5,0.5,0,0
1062715,0.998229444026947,0.998229444026947,1.0,1,1
1130107,0.5,0.5,0.5,0,0
1639505,0.9995085000991821,0.9995085000991821,1.0,1,1
1232045,0.9986175298690796,0.9986175298690796,1.0,1,1
200233,0.8869661092758179,0.8869661092758179,1.0,1,1
444860,0.9997256398200989,0.9997256398200989,1.0,1,1
87124,0.5,0.5,0.5,0,0
179575,0.9958009123802185,0.9958009123802185,1.0,1,1
986051,0.9975836873054504,0.696374237537384,1.0,2,1
662402,0.5,0.5,0.5,0,0
626346,0.5,0.5,0.5,0,0
625470,0.5,0.5,0.5,0,0
590601,0.5,0.5,0.5,0,0
69890,0.9999946355819702,0.9999946355819702,1.0,1,1
203179,0.9589199423789978,0.9441904425621033,1.0,2,1
87303,0.5,0.5,0.5,0,0
121964,0.715939998626709,0.715939998626709,1.0,1,1
282357,0.5,0.5,0.5,0,0
934604,0.9806016683578491,0.9466762542724609,1.0,2,1
848391,0.5,0.5,0.5,0,0
936714,0.9992992281913757,0.5826987624168396,1.0,2,1
863300,0.5,0.5,0.5,0,0
385912,0.5,0.5,0.5,0,0
399431,0.5,0.5,0.5,0,0
1512049,0.9901868104934692,0.9901868104934692,1.0,1,1
1188993,0.9964271783828735,0.9853696823120117,1.0,2,1
1458818,0.5,0.5,0.5,0,0
997813,0.9968278408050537,0.5987547636032104,1.0,2,1
253002,0.9946197271347046,0.9946197271347046,1.0,1,1
1124563,0.9989194869995117,0.9989194869995117,1.0,1,1
498737,0.5,0.5,0.5,0,0
761596,0.5,0.5,0.5,0,0
1454309,0.5,0.5,0.5,0,0
72970,0.5,0.5,0.5,0,0
1037409,0.9999408721923828,0.9999233484268188,1.0,2,1
321046,0.5,0.5,0.5,0,0
772737,0.5,0.5,0.5,0,0
323643,0.5,0.5,0.5,0,0
498352,0.9945487380027771,0.8990925550460815,1.0,2,1
342699,0.9937512278556824,0.4968756139278412,1.0,2,1
537789,0.9978346228599548,0.9875642657279968,1.0,2,1
1642637,0.5,0.5,0.5,0,0
1585139,0.5,0.5,0.5,0,0
1155519,0.5,0.5,0.5,0,0
419078,0.5,0.5,0.5,0,0
1140322,0.9910919070243835,0.9910919070243835,1.0,1,1
387470,0.44298145174980164,0.44298145174980164,0.0,1,1
219339,0.5,0.5,0.5,0,0
205898,0.5,0.5,0.5,0,0
1071578,0.9996698498725891,0.995703399181366,1.0,4,1
1607643,0.9983536005020142,0.9983536005020142,1.0,1,1
100601,0.5,0.5,0.5,0,0
1172936,0.5,0.5,0.5,0,0
1651312,0.5,0.5,0.5,0,0
174257,0.5,0.5,0.5,0,0
602041,0.9998295307159424,0.9998295307159424,1.0,1,1
561919,0.784140408039093,0.784140408039093,1.0,1,1
679682,0.9999926090240479,0.9292608499526978,1.0,2,1
814050,0.8148131966590881,0.8148131966590881,1.0,1,1
1156658,0.998569905757904,0.6320009231567383,1.0,3,1
931710,0.9988117218017578,0.5669657588005066,1.0,3,1
115924,0.5,0.5,0.5,0,0
188256,0.9969520568847656,0.9969520568847656,1.0,1,1
539701,0.9978684186935425,0.9978684186935425,1.0,1,1
1113032,0.5,0.5,0.5,0,0
315478,0.5,0.5,0.5,0,0
372417,0.999787449836731,0.6704644560813904,1.0,2,1
895142,0.5,0.5,0.5,0,0
1142807,0.961214005947113,0.961214005947113,1.0,1,1
209955,0.5,0.5,0.5,0,0
338849,0.5,0.5,0.5,0,0
1510438,0.27999305725097656,0.27999305725097656,0.0,1,1
327722,0.9997786283493042,0.9986067414283752,1.0,2,1
1233528,0.9993076324462891,0.9993076324462891,1.0,1,1
663692,0.5,0.5,0.5,0,0
999840,0.9917596578598022,0.9585212469100952,1.0,4,1
251485,0.5,0.5,0.5,0,0
294306,0.9991040825843811,0.9991040825843811,1.0,1,1
558714,0.9896581768989563,0.9896581768989563,1.0,1,1
948099,0.5,0.5,0.5,0,0
423423,0.5,0.5,0.5,0,0
814485,0.5,0.5,0.5,0,0
1505562,0.5,0.5,0.5,0,0
360232,0.4477967917919159,0.4477967917919159,0.0,1,1
1522244,0.5,0.5,0.5,0,0
792321,0.5,0.5,0.5,0,0
478656,0.5,0.5,0.5,0,0
1560775,0.5,0.5,0.5,0,0
349671,0.5,0.5,0.5,0,0
696493,0.9999895691871643,0.9942833781242371,1.0,2,1
1085155,0.5,0.5,0.5,0,0
249417,0.5,0.5,0.5,0,0
537789,0.9978346228599548,0.9875642657279968,1.0,2,1
223214,0.9986792206764221,0.9986792206764221,1.0,1,1
415856,0.5,0.5,0.5,0,0
1471511,0.9993295669555664,0.9993295669555664,1.0,1,1
941392,0.5,0.5,0.5,0,0
104994,0.9927374720573425,0.9927374720573425,1.0,1,1
333597,0.5,0.5,0.5,0,0
447939,0.5,0.5,0.5,0,0
1526504,0.8338010311126709,0.8338010311126709,1.0,1,1
367253,0.960412859916687,0.960412859916687,1.0,1,1
90429,0.5,0.5,0.5,0,0
360666,0.5,0.5,0.5,0,0
1189727,0.5,0.5,0.5,0,0
297705,0.9331701397895813,0.9331701397895813,1.0,1,1
69138,0.5,0.5,0.5,0,0
507334,0.5,0.5,0.5,0,0
719067,0.9917975664138794,0.601601779460907,1.0,2,1
226747,0.5,0.5,0.5,0,0
1586989,0.9999452829360962,0.9999452829360962,1.0,1,1
734932,0.5,0.5,0.5,0,0
100297,0.9815256595611572,0.9815256595611572,1.0,1,1
1476478,0.5,0.5,0.5,0,0
209840,0.9999778270721436,0.9999778270721436,1.0,1,1
1129719,0.5,0.5,0.5,0,0
226415,0.6315090656280518,0.3304905891418457,0.0,2,1
277813,0.9942168593406677,0.8701955080032349,1.0,2,1
285706,0.5,0.5,0.5,0,0
222316,0.45337244868278503,0.45337244868278503,0.0,1,1
1661632,0.5,0.5,0.5,0,0
423092,0.5,0.5,0.5,0,0
95030,0.9978098273277283,0.9978098273277283,1.0,1,1
128291,0.9729782938957214,0.9729782938957214,1.0,1,1
1120192,0.9998656511306763,0.9998656511306763,1.0,1,1
234290,0.5,0.5,0.5,0,0
1676283,0.998988151550293,0.9986931681632996,1.0,2,1
935774,0.5,0.5,0.5,0,0
1571815,0.5,0.5,0.5,0,0
1058037,0.5,0.5,0.5,0,0
684243,0.5,0.5,0.5,0,0
1280875,0.5,0.5,0.5,0,0
876636,0.5,0.5,0.5,0,0
1643867,0.5,0.5,0.5,0,0
510779,0.5,0.5,0.5,0,0
361378,0.8190199136734009,0.7950016856193542,1.0,2,1
1647248,0.9991631507873535,0.9991631507873535,1.0,1,1
393346,0.5,0.5,0.5,0,0
368453,0.5,0.5,0.5,0,0
737292,0.5,0.5,0.5,0,0
327121,0.9999831914901733,0.9999831914901733,1.0,1,1
1257471,0.5,0.5,0.5,0,0
226818,0.5,0.5,0.5,0,0
597642,0.5,0.5,0.5,0,0
1545676,0.9992614388465881,0.9992614388465881,1.0,1,1
199941,0.9907712936401367,0.9907712936401367,1.0,1,1
570185,0.9993157386779785,0.9993157386779785,1.0,1,1
79227,0.5,0.5,0.5,0,0
162930,0.999716579914093,0.4998582899570465,1.0,2,1
203098,0.5,0.5,0.5,0,0
107909,0.5,0.5,0.5,0,0
203735,0.9781551957130432,0.9781551957130432,1.0,1,1
344740,0.5,0.5,0.5,0,0
93954,0.5,0.5,0.5,0,0
1588199,0.9960842132568359,0.9960842132568359,1.0,1,1
1517481,0.5,0.5,0.5,0,0
780524,0.9918968081474304,0.9918968081474304,1.0,1,1
235772,0.9993304014205933,0.9631222486495972,1.0,2,1
773852,0.9976686835289001,0.9976686835289001,1.0,1,1
1549065,0.5,0.5,0.5,0,0
981897,0.9999881982803345,0.9999881982803345,1.0,1,1
130365,0.9054147601127625,0.9054147601127625,1.0,1,1
1613467,0.8044258952140808,0.8044258952140808,1.0,1,1
1007601,0.5,0.5,0.5,0,0
1039916,0.5,0.5,0.5,0,0
689749,0.9997875094413757,0.697838306427002,1.0,3,1
895934,0.5,0.5,0.5,0,0
1275106,0.5,0.5,0.5,0,0
55255,0.5,0.5,0.5,0,0
947053,0.9544224739074707,0.923183023929596,1.0,2,1
952995,0.5,0.5,0.5,0,0
837032,0.5,0.5,0.5,0,0
401743,0.36469629406929016,0.27278560400009155,0.0,2,1
1208573,0.5,0.5,0.5,0,0
981897,0.9999881982803345,0.9999881982803345,1.0,1,1
552726,0.5,0.5,0.5,0,0
601684,0.9917768239974976,0.9917768239974976,1.0,1,1
1491530,0.5,0.5,0.5,0,0
336731,0.9996703863143921,0.9996703863143921,1.0,1,1
797391,0.5,0.5,0.5,0,0
405913,0.5,0.5,0.5,0,0
229605,0.5,0.5,0.5,0,0
474222,0.5,0.5,0.5,0,0
1537557,0.5,0.5,0.5,0,0
763321,0.5,0.5,0.5,0,0
259243,0.5,0.5,0.5,0,0
1541626,0.9998968839645386,0.9998968839645386,1.0,1,1
110384,0.9408491253852844,0.9408491253852844,1.0,1,1
1489349,0.5,0.5,0.5,0,0
454438,0.5771618485450745,0.5771618485450745,1.0,1,1
926883,0.5,0.5,0.5,0,0
1491640,0.9985124468803406,0.9985124468803406,1.0,1,1
1081340,0.9478546977043152,0.9478546977043152,1.0,1,1
74076,0.9881362915039062,0.9881362915039062,1.0,1,1
987242,0.5,0.5,0.5,0,0
510075,0.5,0.5,0.5,0,0
101848,0.5,0.5,0.5,0,0
273535,0.5,0.5,0.5,0,0
799245,0.5,0.5,0.5,0,0
428375,0.9990866780281067,0.7360826134681702,1.0,2,1
787996,0.5,0.5,0.5,0,0
941906,0.866060197353363,0.866060197353363,1.0,1,1
1578896,0.5,0.5,0.5,0,0
311170,0.998120129108429,0.998120129108429,1.0,1,1
1658013,0.9624409675598145,0.7955626845359802,1.0,2,1
1491530,0.5,0.5,0.5,0,0
1596343,0.5,0.5,0.5,0,0
327722,0.9997786283493042,0.9986067414283752,1.0,2,1
41599,0.9989325404167175,0.9989325404167175,1.0,1,1
1579889,0.46525150537490845,0.46525150537490845,0.0,1,1
219301,0.5,0.5,0.5,0,0
197511,0.5,0.5,0.5,0,0
1090156,0.999430239200592,0.9967323541641235,1.0,2,1
828173,0.5,0.5,0.5,0,0
486576,0.5,0.5,0.5,0,0
500628,0.5,0.5,0.5,0,0
70078,0.8509215116500854,0.8509215116500854,1.0,1,1
141512,0.5,0.5,0.5,0,0
1039824,0.28483250737190247,0.16236935555934906,0.0,2,1
514183,0.9934491515159607,0.9934491515159607,1.0,1,1
823100,0.9848756790161133,0.9748132228851318,1.0,2,1
1010255,0.5,0.5,0.5,0,0
1014176,0.9994741082191467,0.9994741082191467,1.0,1,1
695412,0.999761164188385,0.999761164188385,1.0,1,1
278605,0.5,0.5,0.5,0,0
586956,0.5,0.5,0.5,0,0
82794,0.5,0.5,0.5,0,0
990889,0.987916111946106,0.987916111946106,1.0,1,1
237398,0.9878848195075989,0.9878848195075989,1.0,1,1
729503,0.5,0.5,0.5,0,0
313590,0.5,0.5,0.5,0,0
348912,0.5,0.5,0.5,0,0
92318,0.371638685464859,0.371638685464859,0.0,1,1
913878,0.5,0.5,0.5,0,0
118977,0.9026325941085815,0.7784512639045715,1.0,2,1
487055,0.9997995495796204,0.9931765794754028,1.0,2,1
1586561,0.9034856557846069,0.9034856557846069,1.0,1,1
510282,0.9796738028526306,0.9796738028526306,1.0,1,1
1233651,0.9689792990684509,0.9689792990684509,1.0,1,1
1600619,0.5,0.5,0.5,0,0
62782,0.9446901679039001,0.9446901679039001,1.0,1,1
1649587,0.5,0.5,0.5,0,0
1135004,0.9996987581253052,0.9996987581253052,1.0,1,1
623668,0.5,0.5,0.5,0,0
1054431,0.9985619783401489,0.9813315868377686,1.0,2,1
225673,0.9999821186065674,0.9999821186065674,1.0,1,1
1504808,0.5,0.5,0.5,0,0
719826,0.9998239278793335,0.4996172785758972,1.0,3,1
743169,0.5,0.5,0.5,0,0
1682986,0.9945658445358276,0.9945658445358276,1.0,1,1
212335,0.5,0.5,0.5,0,0
381857,0.5,0.5,0.5,0,0
1478738,0.5,0.5,0.5,0,0
184086,0.9999972581863403,0.9999972581863403,1.0,1,1
1086046,0.5,0.5,0.5,0,0
1505662,0.7627975344657898,0.7627975344657898,1.0,1,1
87273,0.5,0.5,0.5,0,0
467284,0.5,0.5,0.5,0,0
1634428,0.7672343254089355,0.6652240753173828,1.0,2,1
476543,0.9036564230918884,0.9036564230918884,1.0,1,1
230206,0.5,0.5,0.5,0,0
689837,0.5,0.5,0.5,0,0
418498,0.5,0.5,0.5,0,0
233351,0.5163115859031677,0.5163115859031677,1.0,1,1
333834,0.5,0.5,0.5,0,0
1080892,0.9999169111251831,0.9999169111251831,1.0,1,1
1533637,0.5,0.5,0.5,0,0
559099,0.5,0.5,0.5,0,0
217016,0.5,0.5,0.5,0,0
903869,0.5,0.5,0.5,0,0
1233892,0.5,0.5,0.5,0,0
474631,0.5,0.5,0.5,0,0
1198988,0.8234275579452515,0.8234275579452515,1.0,1,1
469785,0.5,0.5,0.5,0,0
242173,0.593936026096344,0.4807188808917999,1.0,2,1
1120638,0.5,0.5,0.5,0,0
612156,0.9999008178710938,0.9999008178710938,1.0,1,1
357366,0.996527373790741,0.8121313452720642,1.0,2,1
153723,0.9870839715003967,0.9870839715003967,1.0,1,1
171108,0.26384663581848145,0.26384663581848145,0.0,1,1
148419,0.9528455138206482,0.9528455138206482,1.0,1,1
1656728,0.5,0.5,0.5,0,0
1507182,0.5,0.5,0.5,0,0
385340,0.5,0.5,0.5,0,0
43003,0.5,0.5,0.5,0,0
943215,0.5,0.5,0.5,0,0
1511483,0.9025640487670898,0.9025640487670898,1.0,1,1
1083128,0.9367610812187195,0.5990990400314331,1.0,2,1
892839,0.497988224029541,0.45377209782600403,0.0,2,1
280391,0.996796190738678,0.996796190738678,1.0,1,1
406486,0.9976601004600525,0.9889260530471802,1.0,2,1
702010,0.5,0.5,0.5,0,0
467284,0.5,0.5,0.5,0,0
1177817,0.653037428855896,0.653037428855896,1.0,1,1
510107,0.5,0.5,0.5,0,0
841366,0.5,0.5,0.5,0,0
1135038,0.5,0.5,0.5,0,0
764066,0.9742394685745239,0.9742394685745239,1.0,1,1
1094869,0.5,0.5,0.5,0,0
942855,0.5,0.5,0.5,0,0
355840,0.5,0.5,0.5,0,0
114920,0.883395791053772,0.5204524397850037,1.0,2,1
1681870,0.9998165965080261,0.9998165965080261,1.0,1,1
1602948,0.9998385906219482,0.9998385906219482,1.0,1,1
200771,0.9998961687088013,0.5431258678436279,1.0,2,1
669508,0.5,0.5,0.5,0,0
737680,0.7051243782043457,0.7051243782043457,1.0,1,1
1204005,0.5,0.5,0.5,0,0
311124,0.9942945837974548,0.6756677031517029,1.0,4,1
245356,0.5,0.5,0.5,0,0
706574,0.996623158454895,0.996623158454895,1.0,1,1
1015715,0.5,0.5,0.5,0,0
1494696,0.9997565150260925,0.9997565150260925,1.0,1,1
306496,0.5,0.5,0.5,0,0
60890,0.999962329864502,0.999962329864502,1.0,1,1
304803,0.5,0.5,0.5,0,0
1092110,0.5,0.5,0.5,0,0
357366,0.996527373790741,0.8121313452720642,1.0,2,1
160452,0.5,0.5,0.5,0,0
620087,0.5,0.5,0.5,0,0
1050169,0.9937300682067871,0.9937300682067871,1.0,1,1
115857,0.9942545890808105,0.8112591505050659,1.0,2,1
274915,0.5,0.5,0.5,0,0
298661,0.9999849200248718,0.9410905241966248,1.0,2,1
1640671,0.5,0.5,0.5,0,0
917254,0.9999810457229614,0.9999810457229614,1.0,1,1
1138237,0.5,0.5,0.5,0,0
411159,0.9999626874923706,0.9999626874923706,1.0,1,1
913586,0.860785186290741,0.860785186290741,1.0,1,1
438686,0.5,0.5,0.5,0,0
533366,0.9653499126434326,0.9653499126434326,1.0,1,1
834891,0.5,0.5,0.5,0,0
681244,0.5,0.5,0.5,0,0
785801,0.5,0.5,0.5,0,0
685002,0.9999531507492065,0.9999531507492065,1.0,1,1
652706,0.9917937517166138,0.8916904330253601,1.0,2,1
213762,0.5,0.5,0.5,0,0
1156742,0.9999189376831055,0.8400641083717346,1.0,2,1
1092297,0.06295688450336456,0.06295688450336456,0.0,1,1
1545867,0.9794256091117859,0.9794256091117859,1.0,1,1
151123,0.5,0.5,0.5,0,0
219791,0.5,0.5,0.5,0,0
1215929,0.5,0.5,0.5,0,0
1665620,0.5,0.5,0.5,0,0
289206,0.9730894565582275,0.9730894565582275,1.0,1,1
1484113,0.9995090961456299,0.9995090961456299,1.0,1,1
1561113,0.999201238155365,0.8291954398155212,1.0,2,1
779461,0.9974042773246765,0.9974042773246765,1.0,1,1
413523,0.8926752209663391,0.4976290166378021,1.0,2,1
981086,0.9864128828048706,0.9864128828048706,1.0,1,1
241713,0.5,0.5,0.5,0,0
141716,0.6977416276931763,0.4929300546646118,1.0,2,1
117584,0.6448827981948853,0.6448827981948853,1.0,1,1
837032,0.5,0.5,0.5,0,0
66186,0.9807314276695251,0.7832165360450745,1.0,3,1
887168,0.04710482060909271,0.04710482060909271,0.0,1,1
670971,0.5,0.5,0.5,0,0
541634,0.5,0.5,0.5,0,0
80854,0.5,0.5,0.5,0,0
1189727,0.5,0.5,0.5,0,0
1471634,0.9998277425765991,0.9700210094451904,1.0,2,1
255710,0.9999904036521912,0.6390378475189209,1.0,3,1
110384,0.9408491253852844,0.9408491253852844,1.0,1,1
999724,0.9991951584815979,0.9939724802970886,1.0,3,1
1665332,0.9999780654907227,0.9999780654907227,1.0,1,1
169439,0.9957947731018066,0.9957947731018066,1.0,1,1
79668,0.5,0.5,0.5,0,0
999242,0.5,0.5,0.5,0,0
708310,0.5,0.5,0.5,0,0
234839,0.5,0.5,0.5,0,0
794594,0.9889945387840271,0.9889945387840271,1.0,1,1
1179355,0.853144645690918,0.8496147394180298,1.0,2,1
600078,0.9911918044090271,0.9911918044090271,1.0,1,1
1449651,0.999975323677063,0.999975323677063,1.0,1,1
1042577,0.5,0.5,0.5,0,0
444860,0.9997256398200989,0.9997256398200989,1.0,1,1
339670,0.5,0.5,0.5,0,0
1648099,0.9982465505599976,0.9982465505599976,1.0,1,1
190627,0.5,0.5,0.5,0,0
1157302,0.9142213463783264,0.9142213463783264,1.0,1,1
312530,0.5,0.5,0.5,0,0
169451,0.9978752136230469,0.9978752136230469,1.0,1,1
355739,0.5,0.5,0.5,0,0
1470347,0.9994200468063354,0.9994200468063354,1.0,1,1
902554,0.9990432858467102,0.9926823973655701,1.0,2,1
1634021,0.5,0.5,0.5,0,0
988309,0.9958610534667969,0.5026566982269287,1.0,2,1
1271223,0.934349775314331,0.934349775314331,1.0,1,1
1260532,0.5,0.5,0.5,0,0
1148967,0.9987377524375916,0.9987377524375916,1.0,1,1
58439,0.5,0.5,0.5,0,0
196736,0.900079607963562,0.900079607963562,1.0,1,1
1008170,0.5,0.5,0.5,0,0
1614294,0.9999892711639404,0.9999892711639404,1.0,1,1
1153483,0.5,0.5,0.5,0,0
311570,0.5,0.5,0.5,0,0
1471511,0.9993295669555664,0.9993295669555664,1.0,1,1
978942,0.9970623254776001,0.9674378633499146,1.0,2,1
535582,0.9977722764015198,0.9977722764015198,1.0,1,1
534104,0.6289106011390686,0.6289106011390686,1.0,1,1
352175,0.5,0.5,0.5,0,0
113720,0.9965007305145264,0.9965007305145264,1.0,1,1
903662,0.5,0.5,0.5,0,0
523389,0.5,0.5,0.5,0,0
1610659,0.9983500242233276,0.9983500242233276,1.0,1,1
313201,0.5,0.5,0.5,0,0
68175,0.5,0.5,0.5,0,0
349671,0.5,0.5,0.5,0,0
60890,0.999962329864502,0.999962329864502,1.0,1,1
280890,0.9999957084655762,0.9682397246360779,1.0,3,1
1269841,0.5,0.5,0.5,0,0
1042281,0.9810251593589783,0.9810251593589783,1.0,1,1
1190665,0.9999641180038452,0.9999641180038452,1.0,1,1
699409,0.9976375102996826,0.9266356229782104,1.0,2,1
117704,0.999991774559021,0.98978590965271,1.0,3,1
548499,0.9823231101036072,0.9823231101036072,1.0,1,1
1474995,0.9999040365219116,0.5937809348106384,1.0,2,1
1655600,0.5,0.5,0.5,0,0
1535584,0.5,0.5,0.5,0,0
655077,0.5,0.5,0.5,0,0
260371,0.9993256330490112,0.9986006617546082,1.0,2,1
1105744,0.9996684789657593,0.9996684789657593,1.0,1,1
999840,0.9917596578598022,0.9585212469100952,1.0,4,1
1597576,0.9721287488937378,0.9721287488937378,1.0,1,1
284622,0.5,0.5,0.5,0,0
112078,0.5,0.5,0.5,0,0
1600465,0.997122585773468,0.994391143321991,1.0,2,1
498517,0.2859072983264923,0.2859072983264923,0.0,1,1
360870,0.5,0.5,0.5,0,0
710161,0.5,0.5,0.5,0,0
1676504,0.5,0.5,0.5,0,0
467597,0.9849780797958374,0.9849780797958374,1.0,1,1
720900,0.9999127388000488,0.9999127388000488,1.0,1,1
902092,0.9999716281890869,0.7009217143058777,1.0,2,1
1000284,0.5,0.5,0.5,0,0
148967,0.9348446726799011,0.9348446726799011,1.0,1,1
830028,0.9980744123458862,0.5634350180625916,1.0,3,1
1520550,0.5,0.5,0.5,0,0
182059,0.5,0.5,0.5,0,0
1515373,0.5,0.5,0.5,0,0
1514634,0.5,0.5,0.5,0,0
533252,0.5,0.5,0.5,0,0
1127678,0.5,0.5,0.5,0,0
1684942,0.5,0.5,0.5,0,0
739809,0.5,0.5,0.5,0,0
266243,0.5,0.5,0.5,0,0
782232,0.34704750776290894,0.34704750776290894,0.0,1,1
1513766,0.9980744123458862,0.9980744123458862,1.0,1,1
897075,0.5454500317573547,0.5454500317573547,1.0,1,1
325289,0.5,0.5,0.5,0,0
1060598,0.5,0.5,0.5,0,0
504121,0.5,0.5,0.5,0,0
945546,0.5447186231613159,0.5447186231613159,1.0,1,1
1604631,0.5,0.5,0.5,0,0
693780,0.9999815225601196,0.9996399879455566,1.0,2,1
1155592,0.5,0.5,0.5,0,0
1637497,0.5,0.5,0.5,0,0
436287,0.5,0.5,0.5,0,0
377586,0.9970086812973022,0.9819706678390503,1.0,2,1
278535,0.5,0.5,0.5,0,0
75056,0.5,0.5,0.5,0,0
1006349,0.9970296621322632,0.9970296621322632,1.0,1,1
866754,0.5,0.5,0.5,0,0
291603,0.999991774559021,0.999991774559021,1.0,1,1
563803,0.5,0.5,0.5,0,0
1490807,0.5,0.5,0.5,0,0
300083,0.5,0.5,0.5,0,0
224103,0.5,0.5,0.5,0,0
1642846,0.5,0.5,0.5,0,0
308259,0.5,0.5,0.5,0,0
492120,0.5,0.5,0.5,0,0
548754,0.5,0.5,0.5,0,0
97971,0.9996391534805298,0.9711706638336182,1.0,2,1
1007994,0.5,0.5,0.5,0,0
471852,0.5,0.5,0.5,0,0
262929,0.5,0.5,0.5,0,0
549796,0.5,0.5,0.5,0,0
620567,0.8867326378822327,0.8867326378822327,1.0,1,1
1214028,0.9847384691238403,0.9847384691238403,1.0,1,1
1210471,0.9998751878738403,0.9998751878738403,1.0,1,1
639820,0.5,0.5,0.5,0,0
72854,0.9870749115943909,0.9810622334480286,1.0,2,1
774584,0.5,0.5,0.5,0,0
647016,0.5,0.5,0.5,0,0
456486,0.5,0.5,0.5,0,0
327121,0.9999831914901733,0.9999831914901733,1.0,1,1
324947,0.9998512268066406,0.9888265132904053,1.0,2,1
591245,0.8570098876953125,0.8570098876953125,1.0,1,1
795579,0.5,0.5,0.5,0,0
1518236,0.9998332262039185,0.9998332262039185,1.0,1,1
968035,0.9975621104240417,0.7427589297294617,1.0,3,1
1087684,0.9893319606781006,0.9893319606781006,1.0,1,1
371005,0.5,0.5,0.5,0,0
500775,0.9990975856781006,0.8118506669998169,1.0,2,1
905625,0.9997437596321106,0.8391887545585632,1.0,2,1
129252,0.5,0.5,0.5,0,0
535319,0.5,0.5,0.5,0,0
418498,0.5,0.5,0.5,0,0
1134970,0.9999815225601196,0.9999815225601196,1.0,1,1
517848,0.5,0.5,0.5,0,0
775743,0.9781824350357056,0.9781824350357056,1.0,1,1
1054800,0.5,0.5,0.5,0,0
157498,0.9997394680976868,0.9997394680976868,1.0,1,1
863760,0.9989951252937317,0.9989951252937317,1.0,1,1
835432,0.5,0.5,0.5,0,0
244016,0.5,0.5,0.5,0,0
89803,0.5,0.5,0.5,0,0
167835,0.9990109205245972,0.9990109205245972,1.0,1,1
618974,0.5,0.5,0.5,0,0
325372,0.5,0.5,0.5,0,0
1040672,0.9983148574829102,0.9983148574829102,1.0,1,1
184905,0.5,0.5,0.5,0,0
1536780,0.5,0.5,0.5,0,0
862634,0.9998370409011841,0.9998370409011841,1.0,1,1
942236,0.5,0.5,0.5,0,0
843451,0.9997757077217102,0.9997757077217102,1.0,1,1
80463,0.985774040222168,0.985774040222168,1.0,1,1
403160,0.9029665589332581,0.9029665589332581,1.0,1,1
311170,0.998120129108429,0.998120129108429,1.0,1,1
770640,0.9999828338623047,0.9999828338623047,1.0,1,1
1594118,0.9999736547470093,0.8470457792282104,1.0,2,1
1268395,0.9953208565711975,0.9953208565711975,1.0,1,1
299304,0.5,0.5,0.5,0,0
1070899,0.17561717331409454,0.17561717331409454,0.0,1,1
415582,0.5,0.5,0.5,0,0
1556487,0.5,0.5,0.5,0,0
541634,0.5,0.5,0.5,0,0
211650,0.9999322891235352,0.9999322891235352,1.0,1,1
1575962,0.5,0.5,0.5,0,0
306792,0.9485081434249878,0.9485081434249878,1.0,1,1
248397,0.5,0.5,0.5,0,0
238956,0.5,0.5,0.5,0,0
733350,0.5,0.5,0.5,0,0
1599894,0.5,0.5,0.5,0,0
1560103,0.5,0.5,0.5,0,0
989581,0.5,0.5,0.5,0,0
1514295,0.6666508913040161,0.6666508913040161,1.0,1,1
189661,0.5,0.5,0.5,0,0
1094134,0.5,0.5,0.5,0,0
794612,0.5,0.5,0.5,0,0
297898,0.28590866923332214,0.28590866923332214,0.0,1,1
164880,0.27585020661354065,0.27585020661354065,0.0,1,1
172863,0.5,0.5,0.5,0,0
1536459,0.9991624355316162,0.9991624355316162,1.0,1,1
678843,0.9967122077941895,0.9967122077941895,1.0,1,1
438781,0.5,0.5,0.5,0,0
1176081,0.8128006458282471,0.8128006458282471,1.0,1,1
529404,0.9124588370323181,0.9124588370323181,1.0,1,1
461046,0.5,0.5,0.5,0,0
764550,0.5,0.5,0.5,0,0
66042,0.9511439204216003,0.6718155741691589,1.0,2,1
902802,0.008552558720111847,0.008552558720111847,0.0,1,1
1511483,0.9025640487670898,0.9025640487670898,1.0,1,1
204386,0.06537982821464539,0.06537982821464539,0.0,1,1
1054699,0.7264609932899475,0.7264609932899475,1.0,1,1
1604118,0.5,0.5,0.5,0,0
182133,0.5,0.5,0.5,0,0
1546817,0.5,0.5,0.5,0,0
279423,0.9995961785316467,0.9995961785316467,1.0,1,1
1488391,0.9996623396873474,0.7694061994552612,1.0,2,1
142728,0.9918198585510254,0.9918198585510254,1.0,1,1
312116,0.5,0.5,0.5,0,0
61283,0.5,0.5,0.5,0,0
932113,0.9827301502227783,0.9827301502227783,1.0,1,1
39999,0.5,0.5,0.5,0,0
53298,0.9997273087501526,0.9997273087501526,1.0,1,1
1227465,0.5,0.5,0.5,0,0
555289,0.5,0.5,0.5,0,0
474780,0.5,0.5,0.5,0,0
546076,0.5,0.5,0.5,0,0
668347,0.5,0.5,0.5,0,0
174182,0.7188170552253723,0.7188170552253723,1.0,1,1
115934,0.5,0.5,0.5,0,0
887168,0.04710482060909271,0.04710482060909271,0.0,1,1
222316,0.45337244868278503,0.45337244868278503,0.0,1,1
146024,0.8835659027099609,0.8835659027099609,1.0,1,1
292578,0.5,0.5,0.5,0,0
1490136,0.8529696464538574,0.8422994017601013,1.0,2,1
163324,0.6658658385276794,0.6658658385276794,1.0,1,1
705984,0.5,0.5,0.5,0,0
190723,0.9933342933654785,0.9113839268684387,1.0,2,1
365899,0.5,0.5,0.5,0,0
1634021,0.5,0.5,0.5,0,0
524082,0.5,0.5,0.5,0,0
1603941,0.5,0.5,0.5,0,0
217821,0.0013455234002321959,0.0013455234002321959,0.0,1,1
339273,0.5,0.5,0.5,0,0
382769,0.9997270703315735,0.9997270703315735,1.0,1,1
1161995,0.5,0.5,0.5,0,0
1054972,0.5,0.5,0.5,0,0
669492,0.9999963045120239,0.9999963045120239,1.0,1,1
114244,0.5,0.5,0.5,0,0
277955,0.9998028874397278,0.9998028874397278,1.0,1,1
1253426,0.9996205568313599,0.9994217157363892,1.0,2,1
325454,0.9124972224235535,0.9124972224235535,1.0,1,1
284782,0.5,0.5,0.5,0,0
277955,0.9998028874397278,0.9998028874397278,1.0,1,1
338203,0.777153730392456,0.777153730392456,1.0,1,1
535733,0.9995042085647583,0.767339825630188,1.0,2,1
433884,0.5,0.5,0.5,0,0
236977,0.9990756511688232,0.7454255223274231,1.0,2,1
461245,0.5381200909614563,0.5316179394721985,1.0,2,1
705984,0.5,0.5,0.5,0,0
424208,0.9997311234474182,0.9997311234474182,1.0,1,1
56108,0.4770866334438324,0.4770866334438324,0.0,1,1
216004,0.9840332269668579,0.7454875707626343,1.0,2,1
1169593,0.5,0.5,0.5,0,0
328826,0.5,0.5,0.5,0,0
936377,0.7530302405357361,0.7530302405357361,1.0,1,1
533366,0.9653499126434326,0.9653499126434326,1.0,1,1
89805,0.9392899870872498,0.9392899870872498,1.0,1,1
863300,0.5,0.5,0.5,0,0
1488304,0.5,0.5,0.5,0,0
1052865,0.9370223879814148,0.4725935757160187,1.0,2,1
174993,0.5,0.5,0.5,0,0
416449,0.9997377991676331,0.9987157583236694,1.0,2,1
920314,0.8276151418685913,0.8276151418685913,1.0,1,1
1274630,0.9855060577392578,0.9855060577392578,1.0,1,1
126775,0.7447937726974487,0.7447937726974487,1.0,1,1
429237,0.5,0.5,0.5,0,0
489849,0.5,0.5,0.5,0,0
1054800,0.5,0.5,0.5,0,0
208437,0.5,0.5,0.5,0,0
1151214,0.9728158712387085,0.9728158712387085,1.0,1,1
1553722,0.5,0.5,0.5,0,0
989605,0.5,0.5,0.5,0,0
107208,0.7901020050048828,0.7901020050048828,1.0,1,1
1665606,0.5,0.5,0.5,0,0
1501995,0.5,0.5,0.5,0,0
1624302,0.5,0.5,0.5,0,0
409759,0.5,0.5,0.5,0,0
1003684,0.5,0.5,0.5,0,0
66062,0.9998944997787476,0.4987156093120575,1.0,3,1
124473,0.931026041507721,0.931026041507721,1.0,1,1
618196,0.5788151025772095,0.5788151025772095,1.0,1,1
874262,0.9999217987060547,0.9999217987060547,1.0,1,1
1279560,0.9913263320922852,0.9397111535072327,1.0,2,1
699286,0.9966492056846619,0.9966492056846619,1.0,1,1
67507,0.5,0.5,0.5,0,0
192194,0.9996132254600525,0.9901034832000732,1.0,2,1
1517260,0.5,0.5,0.5,0,0
539628,0.5,0.5,0.5,0,0
1233007,0.9999030828475952,0.9995477795600891,1.0,3,1
838477,0.9735629558563232,0.9735629558563232,1.0,1,1
139658,0.9879336953163147,0.9879336953163147,1.0,1,1
179063,0.11090965569019318,0.11090965569019318,0.0,1,1
810502,0.5,0.5,0.5,0,0
933031,0.9999599456787109,0.9999599456787109,1.0,1,1
848917,0.9874407052993774,0.9874407052993774,1.0,1,1
1592543,0.5,0.5,0.5,0,0
734932,0.5,0.5,0.5,0,0
827437,0.5,0.5,0.5,0,0
1269841,0.5,0.5,0.5,0,0
1112144,0.5,0.5,0.5,0,0
539888,0.5,0.5,0.5,0,0
1000364,0.5,0.5,0.5,0,0
1470271,0.9980023503303528,0.9980023503303528,1.0,1,1
416743,0.5,0.5,0.5,0,0
1041581,0.9999494552612305,0.9999494552612305,1.0,1,1
257967,0.6607850193977356,0.6607850193977356,1.0,1,1
906049,0.5,0.5,0.5,0,0
925469,0.5,0.5,0.5,0,0
678742,0.9954134821891785,0.9954134821891785,1.0,1,1
389081,0.5,0.5,0.5,0,0
1464077,0.5,0.5,0.5,0,0
1618512,0.7430613040924072,0.7430613040924072,1.0,1,1
1604118,0.5,0.5,0.5,0,0
618957,0.5,0.5,0.5,0,0
1608565,0.5,0.5,0.5,0,0
362796,0.5,0.5,0.5,0,0
1619232,0.9961752891540527,0.9961752891540527,1.0,1,1
118977,0.9026325941085815,0.7784512639045715,1.0,2,1
772737,0.5,0.5,0.5,0,0
322528,0.9997965693473816,0.9997965693473816,1.0,1,1
831101,0.5,0.5,0.5,0,0
282458,0.9609647393226624,0.9609647393226624,1.0,1,1
369908,0.7645551562309265,0.7645551562309265,1.0,1,1
413517,0.5,0.5,0.5,0,0
1449518,0.5,0.5,0.5,0,0
1536265,0.5,0.5,0.5,0,0
1630397,0.5,0.5,0.5,0,0
108093,0.9362646341323853,0.9362646341323853,1.0,1,1
296416,0.9999953508377075,0.9999953508377075,1.0,1,1
120259,0.5,0.5,0.5,0,0
83060,0.5,0.5,0.5,0,0
89693,0.9721025228500366,0.6078044772148132,1.0,2,1
456148,0.9910328984260559,0.9910328984260559,1.0,1,1
1078690,0.5,0.5,0.5,0,0
583277,0.9729194641113281,0.9644535779953003,1.0,2,1
370535,0.9998340606689453,0.9810855388641357,1.0,2,1
1597581,0.5,0.5,0.5,0,0
1020741,0.8175888657569885,0.8175888657569885,1.0,1,1
686507,0.5,0.5,0.5,0,0
1041676,0.5,0.5,0.5,0,0
207109,0.9999262094497681,0.9999262094497681,1.0,1,1
1638012,0.5,0.5,0.5,0,0
833117,0.20204328000545502,0.20204328000545502,0.0,1,1
838733,0.9493699669837952,0.8241501450538635,1.0,2,1
494225,0.5,0.5,0.5,0,0
945611,0.5,0.5,0.5,0,0
105285,0.5,0.5,0.5,0,0
831507,0.5,0.5,0.5,0,0
356490,0.5,0.5,0.5,0,0
959865,0.5,0.5,0.5,0,0
930145,0.9996942281723022,0.9996942281723022,1.0,1,1
992532,0.5,0.5,0.5,0,0
628331,0.9999940395355225,0.9936259984970093,1.0,2,1
974212,0.5,0.5,0.5,0,0
183911,0.9834080338478088,0.9834080338478088,1.0,1,1
1493081,0.5,0.5,0.5,0,0
1231276,0.5,0.5,0.5,0,0
54052,0.8472888469696045,0.8472888469696045,1.0,1,1
570185,0.9993157386779785,0.9993157386779785,1.0,1,1
1456323,0.9886375069618225,0.9886375069618225,1.0,1,1
590814,0.7909243106842041,0.4385685622692108,1.0,2,1
260058,0.9937769770622253,0.8054064512252808,1.0,2,1
548914,0.5,0.5,0.5,0,0
642123,0.5,0.5,0.5,0,0
958628,0.5,0.5,0.5,0,0
1596343,0.5,0.5,0.5,0,0
41106,0.9762079119682312,0.6926603317260742,1.0,2,1
1193769,0.9621073007583618,0.9621073007583618,1.0,1,1
360232,0.4477967917919159,0.4477967917919159,0.0,1,1
407110,0.9992269277572632,0.9992269277572632,1.0,1,1
278368,0.9996153116226196,0.9996153116226196,1.0,1,1
530185,0.5,0.5,0.5,0,0
434526,0.9999991059303284,0.9700914621353149,1.0,2,1
898374,0.5,0.5,0.5,0,0
93687,0.5,0.5,0.5,0,0
168238,0.5,0.5,0.5,0,0
996995,0.5,0.5,0.5,0,0
85241,0.9886001348495483,0.986332356929779,1.0,2,1
102047,0.9998151659965515,0.9997909665107727,1.0,2,1
1063359,0.8182691335678101,0.8182691335678101,1.0,1,1
862365,0.5,0.5,0.5,0,0
725827,0.5,0.5,0.5,0,0
389259,0.998997151851654,0.998997151851654,1.0,1,1
336738,0.5,0.5,0.5,0,0
387116,0.5,0.5,0.5,0,0
850556,0.5,0.5,0.5,0,0
1126848,0.9610407948493958,0.9610407948493958,1.0,1,1
655145,0.5,0.5,0.5,0,0
246441,0.9905998110771179,0.9905998110771179,1.0,1,1
327789,0.9735751152038574,0.5884009003639221,1.0,2,1
1684269,0.5,0.5,0.5,0,0
1063359,0.8182691335678101,0.8182691335678101,1.0,1,1
868542,0.9937844276428223,0.9937844276428223,1.0,1,1
1482660,0.5,0.5,0.5,0,0
420042,0.5,0.5,0.5,0,0
195709,0.5,0.5,0.5,0,0
100601,0.5,0.5,0.5,0,0
367671,0.5,0.5,0.5,0,0
969846,0.5,0.5,0.5,0,0
550456,0.5,0.5,0.5,0,0
1223116,0.9996730089187622,0.6778991222381592,1.0,3,1
360172,0.9253399968147278,0.9253399968147278,1.0,1,1
394320,0.5,0.5,0.5,0,0
1057042,0.9991095066070557,0.9971464276313782,1.0,2,1
1641901,0.9998070597648621,0.9998070597648621,1.0,1,1
826050,0.660252571105957,0.660252571105957,1.0,1,1
192286,0.8291184902191162,0.8291184902191162,1.0,1,1
1258581,0.5,0.5,0.5,0,0
1152726,0.5,0.5,0.5,0,0
171186,0.5,0.5,0.5,0,0
1251605,0.5,0.5,0.5,0,0
1222740,0.5,0.5,0.5,0,0
1183353,0.5,0.5,0.5,0,0
1075746,0.878917396068573,0.878917396068573,1.0,1,1
720448,0.9997393488883972,0.9997393488883972,1.0,1,1
549849,0.9997841715812683,0.8992710113525391,1.0,2,1
79115,0.7606216669082642,0.7606216669082642,1.0,1,1
836127,0.5,0.5,0.5,0,0
125987,0.5,0.5,0.5,0,0
1259615,0.5,0.5,0.5,0,0
1573659,0.9995208978652954,0.9995208978652954,1.0,1,1
396978,0.5,0.5,0.5,0,0
1647516,0.9974740147590637,0.9974740147590637,1.0,1,1
389213,0.5,0.5,0.5,0,0
92901,0.9993901252746582,0.9993901252746582,1.0,1,1
188281,0.870929479598999,0.870929479598999,1.0,1,1
392395,0.9940412640571594,0.9940412640571594,1.0,1,1
1082747,0.999560534954071,0.999560534954071,1.0,1,1
316850,0.9073594808578491,0.9073594808578491,1.0,1,1
462312,0.9994865655899048,0.9994865655899048,1.0,1,1
167625,0.9879992008209229,0.9879992008209229,1.0,1,1
691195,0.9999809265136719,0.9999809265136719,1.0,1,1
506440,0.5,0.5,0.5,0,0
1518236,0.9998332262039185,0.9998332262039185,1.0,1,1
1263926,0.9996454119682312,0.8947235941886902,1.0,2,1
338563,0.5,0.5,0.5,0,0
423943,0.5,0.5,0.5,0,0
1139219,0.5,0.5,0.5,0,0
238137,0.9484506845474243,0.9484506845474243,1.0,1,1
870677,0.9998071193695068,0.8830760717391968,1.0,2,1
920314,0.8276151418685913,0.8276151418685913,1.0,1,1
1565152,0.5,0.5,0.5,0,0
310995,0.5,0.5,0.5,0,0
1242602,0.9994446039199829,0.9910089373588562,1.0,2,1
183987,0.6597307324409485,0.3171672821044922,0.0,3,1
958628,0.5,0.5,0.5,0,0
1453304,0.5,0.5,0.5,0,0
1004780,0.9997574090957642,0.705715537071228,1.0,3,1
251200,0.5,0.5,0.5,0,0
316326,0.5,0.5,0.5,0,0
334519,0.8877896666526794,0.8877896666526794,1.0,1,1
471852,0.5,0.5,0.5,0,0
249358,0.9565970301628113,0.9565970301628113,1.0,1,1
304803,0.5,0.5,0.5,0,0
889943,0.32304465770721436,0.32304465770721436,0.0,1,1
708310,0.5,0.5,0.5,0,0
1633152,0.916423499584198,0.693305492401123,1.0,2,1
289371,0.949158251285553,0.626632034778595,1.0,2,1
720538,0.5,0.5,0.5,0,0
898611,0.8571317791938782,0.8571317791938782,1.0,1,1
768726,0.5,0.5,0.5,0,0
1231276,0.5,0.5,0.5,0,0
1179355,0.853144645690918,0.8496147394180298,1.0,2,1
654381,0.9570648074150085,0.9570648074150085,1.0,1,1
1258581,0.5,0.5,0.5,0,0
1582445,0.9890744090080261,0.8620147705078125,1.0,2,1
1063063,0.5,0.5,0.5,0,0
1199712,0.5,0.5,0.5,0,0
320635,0.5,0.5,0.5,0,0
259240,0.5,0.5,0.5,0,0
1461595,0.9716559648513794,0.9716559648513794,1.0,1,1
265136,0.5,0.5,0.5,0,0
417105,0.28563594818115234,0.28563594818115234,0.0,1,1
332438,0.9621943235397339,0.864753782749176,1.0,2,1
906710,0.5,0.5,0.5,0,0
1476618,0.999637246131897,0.9867379665374756,1.0,3,1
778614,0.5,0.5,0.5,0,0
630102,0.5,0.5,0.5,0,0
626633,0.5,0.5,0.5,0,0
452907,0.5,0.5,0.5,0,0
184503,0.5,0.5,0.5,0,0
328916,0.5,0.5,0.5,0,0
425814,0.5,0.5,0.5,0,0
1577740,0.5001685619354248,0.5001685619354248,1.0,1,1
61882,0.5,0.5,0.5,0,0
1668267,0.5,0.5,0.5,0,0
1143055,0.9706181287765503,0.9706181287765503,1.0,1,1
218118,0.9040498733520508,0.9040498733520508,1.0,1,1
1465504,0.5,0.5,0.5,0,0
1019641,0.5,0.5,0.5,0,0
58197,0.4452190399169922,0.4452190399169922,0.0,1,1
526351,0.5,0.5,0.5,0,0
118468,0.9999934434890747,0.4263482987880707,1.0,3,1
762213,0.5,0.5,0.5,0,0
257811,0.9999980926513672,0.9723032116889954,1.0,2,1
469460,0.5,0.5,0.5,0,0
535446,0.5,0.5,0.5,0,0
787735,0.9999866485595703,0.9999866485595703,1.0,1,1
1161995,0.5,0.5,0.5,0,0
1198515,0.9087159037590027,0.9087159037590027,1.0,1,1
1532207,0.9998623132705688,0.9998623132705688,1.0,1,1
775743,0.9781824350357056,0.9781824350357056,1.0,1,1
644842,0.5,0.5,0.5,0,0
348823,0.9981366395950317,0.9981366395950317,1.0,1,1
1184043,0.9885882139205933,0.9885882139205933,1.0,1,1
1536458,0.9983425140380859,0.9983425140380859,1.0,1,1
78997,0.7379701733589172,0.7379701733589172,1.0,1,1
259707,0.9628223776817322,0.9628223776817322,1.0,1,1
710116,0.5,0.5,0.5,0,0
178473,0.7755714058876038,0.6204759478569031,1.0,2,1
46879,0.5746124982833862,0.5746124982833862,1.0,1,1
213762,0.5,0.5,0.5,0,0
1036852,0.5,0.5,0.5,0,0
923213,0.9745717644691467,0.7736036777496338,1.0,2,1
1604831,0.999994695186615,0.9999516010284424,1.0,2,1
520375,0.995354175567627,0.995354175567627,1.0,1,1
897776,0.9998929500579834,0.9998929500579834,1.0,1,1
434891,0.9853755831718445,0.9853755831718445,1.0,1,1
169245,0.5,0.5,0.5,0,0
1146060,0.5,0.5,0.5,0,0
71322,0.9861627817153931,0.7402992248535156,1.0,2,1
140934,0.993179202079773,0.993179202079773,1.0,1,1
415601,0.5,0.5,0.5,0,0
1273656,0.9123288989067078,0.9123288989067078,1.0,1,1
1681870,0.9998165965080261,0.9998165965080261,1.0,1,1
162114,0.9976409673690796,0.9199791550636292,1.0,3,1
1477848,0.5,0.5,0.5,0,0
852385,0.9998139142990112,0.64986652135849,1.0,2,1
137366,0.971461832523346,0.971461832523346,1.0,1,1
836085,0.5,0.5,0.5,0,0
1235965,0.23842324316501617,0.23842324316501617,0.0,1,1
1274692,0.9942461848258972,0.9942461848258972,1.0,1,1
188281,0.870929479598999,0.870929479598999,1.0,1,1
1571244,0.5,0.5,0.5,0,0
798386,0.5,0.5,0.5,0,0
523264,0.5,0.5,0.5,0,0
64566,0.5,0.5,0.5,0,0
474979,0.5,0.5,0.5,0,0
1498748,0.9268068075180054,0.9268068075180054,1.0,1,1
1502137,0.9999560117721558,0.9999560117721558,1.0,1,1
556924,0.5,0.5,0.5,0,0
97343,0.5,0.5,0.5,0,0
52064,0.5,0.5,0.5,0,0
591613,0.9998195171356201,0.505384087562561,1.0,2,1
1204808,0.997173547744751,0.997173547744751,1.0,1,1
54859,0.5,0.5,0.5,0,0
339670,0.5,0.5,0.5,0,0
837745,0.9999995231628418,0.9999995231628418,1.0,1,1
383928,0.9998389482498169,0.9998389482498169,1.0,1,1
290162,0.5,0.5,0.5,0,0
1038993,0.5,0.5,0.5,0,0
698765,0.5,0.5,0.5,0,0
223312,0.5,0.5,0.5,0,0
503453,0.5,0.5,0.5,0,0
138550,0.01757589541375637,0.01757589541375637,0.0,1,1
1612259,0.5,0.5,0.5,0,0
470127,0.265531986951828,0.265531986951828,0.0,1,1
911183,0.5,0.5,0.5,0,0
575324,0.5,0.5,0.5,0,0
803481,0.9977066516876221,0.7636467218399048,1.0,3,1
1478607,0.5,0.5,0.5,0,0
99221,0.5,0.5,0.5,0,0
1453304,0.5,0.5,0.5,0,0
527069,0.9906820058822632,0.9906820058822632,1.0,1,1
792321,0.5,0.5,0.5,0,0
240749,0.5,0.5,0.5,0,0
938386,0.9951360821723938,0.8219045996665955,1.0,2,1
262750,0.5,0.5,0.5,0,0
1107253,0.9275227785110474,0.9275227785110474,1.0,1,1
637732,0.5,0.5,0.5,0,0
637554,0.5,0.5,0.5,0,0
279724,0.5,0.5,0.5,0,0
44617,0.9967769980430603,0.9967769980430603,1.0,1,1
548499,0.9823231101036072,0.9823231101036072,1.0,1,1
113094,0.5,0.5,0.5,0,0
443375,0.81345134973526,0.81345134973526,1.0,1,1
549849,0.9997841715812683,0.8992710113525391,1.0,2,1
787129,0.5,0.5,0.5,0,0
1641646,0.9889813661575317,0.9889813661575317,1.0,1,1
924596,0.5,0.5,0.5,0,0
171610,0.9996304512023926,0.9996304512023926,1.0,1,1
58602,0.5,0.5,0.5,0,0
1099202,0.5,0.5,0.5,0,0
1623373,0.5,0.5,0.5,0,0
851370,0.5,0.5,0.5,0,0
1156541,0.9997762441635132,0.8094677925109863,1.0,2,1
215689,0.43477296829223633,0.43477296829223633,0.0,1,1
1574563,0.9696874618530273,0.9696874618530273,1.0,1,1
81093,0.5,0.5,0.5,0,0
207856,0.9995344877243042,0.9994493126869202,1.0,2,1
767048,0.9999417066574097,0.9999417066574097,1.0,1,1
1478607,0.5,0.5,0.5,0,0
86891,0.4058552384376526,0.4058552384376526,0.0,1,1
719997,0.9998621940612793,0.9998621940612793,1.0,1,1
983977,0.5,0.5,0.5,0,0
206448,0.9803497791290283,0.7647289037704468,1.0,2,1
683512,0.9983884692192078,0.994565486907959,1.0,2,1
1068951,0.9715480208396912,0.9715480208396912,1.0,1,1
824598,0.5,0.5,0.5,0,0
283993,0.5,0.5,0.5,0,0
808415,0.5,0.5,0.5,0,0
1523952,0.9997826814651489,0.9874064326286316,1.0,2,1
344574,0.2482217401266098,0.2482217401266098,0.0,1,1
1081196,0.9989051818847656,0.9989051818847656,1.0,1,1
129699,0.5,0.5,0.5,0,0
319359,0.999999463558197,0.999998927116394,1.0,2,1
435128,0.20705386996269226,0.20705386996269226,0.0,1,1
509576,0.9998806715011597,0.9998806715011597,1.0,1,1
1196198,0.5,0.5,0.5,0,0
668461,0.9945835471153259,0.9945835471153259,1.0,1,1
1540737,0.9990240335464478,0.7495968341827393,1.0,2,1
223312,0.5,0.5,0.5,0,0
1050203,0.5,0.5,0.5,0,0
1497124,0.9339983463287354,0.9163884520530701,1.0,2,1
970682,0.5,0.5,0.5,0,0
976167,0.5,0.5,0.5,0,0
719997,0.9998621940612793,0.9998621940612793,1.0,1,1
936052,0.5,0.5,0.5,0,0
1472904,0.5,0.5,0.5,0,0
498509,0.5,0.5,0.5,0,0
48283,0.5,0.5,0.5,0,0
748754,0.6357247829437256,0.6357247829437256,1.0,1,1
1014176,0.9994741082191467,0.9994741082191467,1.0,1,1
1066655,0.6576007008552551,0.6576007008552551,1.0,1,1
608254,0.5,0.5,0.5,0,0
1122148,0.9901629686355591,0.9901629686355591,1.0,1,1
341989,0.5,0.5,0.5,0,0
1626339,0.8848886489868164,0.8683242797851562,1.0,2,1
416046,0.5,0.5,0.5,0,0
912601,0.9978922009468079,0.9978922009468079,1.0,1,1
824598,0.5,0.5,0.5,0,0
1563266,0.9946887493133545,0.9946887493133545,1.0,1,1
1085250,0.5,0.5,0.5,0,0
1498748,0.9268068075180054,0.9268068075180054,1.0,1,1
658009,0.5,0.5,0.5,0,0
40286,0.19838838279247284,0.19838838279247284,0.0,1,1
770507,0.9999740123748779,0.9999740123748779,1.0,1,1
92901,0.9993901252746582,0.9993901252746582,1.0,1,1
1677323,0.9977679252624512,0.6175298690795898,1.0,2,1
295606,0.5,0.5,0.5,0,0
1280973,0.7016951441764832,0.7016951441764832,1.0,1,1
358216,0.5,0.5,0.5,0,0
1062578,0.5,0.5,0.5,0,0
153377,0.9956050515174866,0.9956050515174866,1.0,1,1
677864,0.9605355858802795,0.9605355858802795,1.0,1,1
1665808,0.9992830753326416,0.9938710927963257,1.0,2,1
1670675,0.5,0.5,0.5,0,0
299918,0.9649694561958313,0.9649694561958313,1.0,1,1
986425,0.5,0.5,0.5,0,0
64651,0.9992732405662537,0.9992732405662537,1.0,1,1
203096,0.5,0.5,0.5,0,0
1515373,0.5,0.5,0.5,0,0
1175773,0.46970033645629883,0.46970033645629883,0.0,1,1
248524,0.5,0.5,0.5,0,0
89745,0.87673020362854,0.87673020362854,1.0,1,1
1453137,0.5,0.5,0.5,0,0
545298,0.5,0.5,0.5,0,0
1082113,0.5,0.5,0.5,0,0
210357,0.9781216382980347,0.791115939617157,1.0,2,1
810633,0.5,0.5,0.5,0,0
488157,0.12276939302682877,0.12276939302682877,0.0,1,1
1168152,0.5,0.5,0.5,0,0
352992,0.9999234676361084,0.9999234676361084,1.0,1,1
1666242,0.9995700716972351,0.9995700716972351,1.0,1,1
773852,0.9976686835289001,0.9976686835289001,1.0,1,1
992453,0.5,0.5,0.5,0,0
281869,0.5,0.5,0.5,0,0
236687,0.9959195256233215,0.9959020018577576,1.0,2,1
348748,0.9989997744560242,0.9989997744560242,1.0,1,1
103333,0.5,0.5,0.5,0,0
1535584,0.5,0.5,0.5,0,0
58439,0.5,0.5,0.5,0,0
1534197,0.5,0.5,0.5,0,0
240165,0.9925941228866577,0.8523562550544739,1.0,2,1
1472573,0.5,0.5,0.5,0,0
891284,0.9592593312263489,0.9592593312263489,1.0,1,1
118468,0.9999934434890747,0.4263482987880707,1.0,3,1
45042,0.5,0.5,0.5,0,0
740213,0.9997020959854126,0.9977120161056519,1.0,2,1
268078,0.5,0.5,0.5,0,0
352667,0.9995669722557068,0.9995669722557068,1.0,1,1
629087,0.9842065572738647,0.9842065572738647,1.0,1,1
503015,0.5,0.5,0.5,0,0
561712,0.5,0.5,0.5,0,0
166053,0.825901985168457,0.6251659393310547,1.0,2,1
993709,0.9995872378349304,0.9768798351287842,1.0,2,1
1083209,0.5,0.5,0.5,0,0
1134242,0.9922438263893127,0.9922438263893127,1.0,1,1
639479,0.8582266569137573,0.8582266569137573,1.0,1,1
621383,0.9856963157653809,0.913959264755249,1.0,2,1
938386,0.9951360821723938,0.8219045996665955,1.0,2,1
271612,0.9341305494308472,0.9341305494308472,1.0,1,1
109331,0.926699697971344,0.926699697971344,1.0,1,1
122433,0.9992266893386841,0.9992266893386841,1.0,1,1
224374,0.9999494552612305,0.5946173071861267,1.0,2,1
1060406,0.5,0.5,0.5,0,0
77065,0.5,0.5,0.5,0,0
1476478,0.5,0.5,0.5,0,0
1496270,0.9768689274787903,0.9768689274787903,1.0,1,1
473407,0.999718964099884,0.999718964099884,1.0,1,1
245174,0.5,0.5,0.5,0,0
1068739,0.5,0.5,0.5,0,0
758799,0.2956511676311493,0.2956511676311493,0.0,1,1
1480701,0.5,0.5,0.5,0,0
676733,0.5,0.5,0.5,0,0
1217189,0.5,0.5,0.5,0,0
613552,0.5,0.5,0.5,0,0
1537971,0.5,0.5,0.5,0,0
1586561,0.9034856557846069,0.9034856557846069,1.0,1,1
1156541,0.9997762441635132,0.8094677925109863,1.0,2,1
1526504,0.8338010311126709,0.8338010311126709,1.0,1,1
482377,0.999642550945282,0.8093475103378296,1.0,2,1
216488,0.9989839196205139,0.9989839196205139,1.0,1,1
535582,0.9977722764015198,0.9977722764015198,1.0,1,1
1091544,0.9998760223388672,0.9998760223388672,1.0,1,1
1450822,0.5,0.5,0.5,0,0
903310,0.5,0.5,0.5,0,0
1599894,0.5,0.5,0.5,0,0
633884,0.5,0.5,0.5,0,0
344014,0.9331448078155518,0.9331448078155518,1.0,1,1
1156578,0.5,0.5,0.5,0,0
255710,0.9999904036521912,0.6390378475189209,1.0,3,1
1634760,0.5,0.5,0.5,0,0
1583814,0.3640190660953522,0.3640190660953522,0.0,1,1
216793,0.5,0.5,0.5,0,0
586956,0.5,0.5,0.5,0,0
55364,0.9866262674331665,0.6835638284683228,1.0,2,1
39631,0.5,0.5,0.5,0,0
109757,0.47601935267448425,0.34952473640441895,0.0,2,1
665978,0.9997790455818176,0.7945185899734497,1.0,2,1
670295,0.5,0.5,0.5,0,0
420114,0.9776108860969543,0.5009865164756775,1.0,2,1
1097735,0.9696197509765625,0.9696197509765625,1.0,1,1
256249,0.5,0.5,0.5,0,0
173881,0.9436327219009399,0.9436327219009399,1.0,1,1
630102,0.5,0.5,0.5,0,0
1614360,0.9990624785423279,0.9990624785423279,1.0,1,1
1110614,0.5,0.5,0.5,0,0
1102984,0.9999135732650757,0.9999135732650757,1.0,1,1
1250166,0.5,0.5,0.5,0,0
892839,0.497988224029541,0.45377209782600403,0.0,2,1
1250627,0.997098445892334,0.997098445892334,1.0,1,1
667928,0.9982130527496338,0.9982130527496338,1.0,1,1
401911,0.5,0.5,0.5,0,0
417105,0.28563594818115234,0.28563594818115234,0.0,1,1
601684,0.9917768239974976,0.9917768239974976,1.0,1,1
485454,0.5,0.5,0.5,0,0
364414,0.5,0.5,0.5,0,0
84493,0.3873675465583801,0.3873675465583801,0.0,1,1
338203,0.777153730392456,0.777153730392456,1.0,1,1
362284,0.5,0.5,0.5,0,0
889943,0.32304465770721436,0.32304465770721436,0.0,1,1
419334,0.5,0.5,0.5,0,0
415601,0.5,0.5,0.5,0,0
441928,0.9996669292449951,0.9820036292076111,1.0,2,1
1105744,0.9996684789657593,0.9996684789657593,1.0,1,1
442969,0.997848391532898,0.9885320663452148,1.0,2,1
1023835,0.5,0.5,0.5,0,0
1666022,0.9925476908683777,0.9925476908683777,1.0,1,1
1640679,0.990104615688324,0.9724043011665344,1.0,2,1
39179,0.5,0.5,0.5,0,0
299059,0.8881248831748962,0.8881248831748962,1.0,1,1
195074,0.5,0.5,0.5,0,0
934488,0.5,0.5,0.5,0,0
244184,0.5,0.5,0.5,0,0
1102894,0.5,0.5,0.5,0,0
359961,0.5,0.5,0.5,0,0
275566,0.9355114102363586,0.9355114102363586,1.0,1,1
1654953,0.9999483823776245,0.7389106750488281,1.0,2,1
307135,0.5,0.5,0.5,0,0
482068,0.9999750852584839,0.9999750852584839,1.0,1,1
988817,0.5,0.5,0.5,0,0
344474,0.5,0.5,0.5,0,0
1258845,0.999645471572876,0.9307347536087036,1.0,2,1
1445985,0.019563626497983932,0.019563626497983932,0.0,1,1
242718,0.5,0.5,0.5,0,0
1528375,0.9999922513961792,0.9999922513961792,1.0,1,1
1603525,0.5,0.5,0.5,0,0
290726,0.8875667452812195,0.8875667452812195,1.0,1,1
93954,0.5,0.5,0.5,0,0
849929,0.9999130964279175,0.9696893692016602,1.0,2,1
1260452,0.5,0.5,0.5,0,0
935774,0.5,0.5,0.5,0,0
1530838,0.5,0.5,0.5,0,0
439840,0.5,0.5,0.5,0,0
1458818,0.5,0.5,0.5,0,0
482296,0.12469008564949036,0.12469008564949036,0.0,1,1
632117,0.9998971223831177,0.9998971223831177,1.0,1,1
321704,0.9388617873191833,0.9388617873191833,1.0,1,1
724367,0.8037486672401428,0.8037486672401428,1.0,1,1
230592,0.9928473830223083,0.9928473830223083,1.0,1,1
1247775,0.8827791213989258,0.6348601579666138,1.0,2,1
580013,0.5,0.5,0.5,0,0
266214,0.9958853125572205,0.9958853125572205,1.0,1,1
794612,0.5,0.5,0.5,0,0
1176081,0.8128006458282471,0.8128006458282471,1.0,1,1
407417,0.5,0.5,0.5,0,0
439296,0.9474647045135498,0.9474647045135498,1.0,1,1
728236,0.5,0.5,0.5,0,0
854226,0.9994179010391235,0.9994179010391235,1.0,1,1
83564,0.819664478302002,0.819664478302002,1.0,1,1
1193769,0.9621073007583618,0.9621073007583618,1.0,1,1
950521,0.5,0.5,0.5,0,0
1199712,0.5,0.5,0.5,0,0
1071012,0.5,0.5,0.5,0,0
731802,0.5,0.5,0.5,0,0
995309,0.5,0.5,0.5,0,0
282582,0.9996055364608765,0.9803361296653748,1.0,2,1
203562,0.5,0.5,0.5,0,0
498194,0.5,0.5,0.5,0,0
482068,0.9999750852584839,0.9999750852584839,1.0,1,1
419698,0.6880915760993958,0.6880915760993958,1.0,1,1
1166150,0.40247371792793274,0.3573397099971771,0.0,2,1
1130107,0.5,0.5,0.5,0,0
327238,0.5,0.5,0.5,0,0
1538766,0.9994670152664185,0.9989939332008362,1.0,2,1
1138823,0.5,0.5,0.5,0,0
380011,0.5,0.5,0.5,0,0
246752,0.5,0.5,0.5,0,0
1208985,0.8421860933303833,0.8421860933303833,1.0,1,1
1281357,0.9971776008605957,0.9971776008605957,1.0,1,1
1500251,0.5,0.5,0.5,0,0
713141,0.5,0.5,0.5,0,0
989084,0.5,0.5,0.5,0,0
153137,0.9996680021286011,0.9751899242401123,1.0,3,1
804012,0.9992339611053467,0.9992339611053467,1.0,1,1
220144,0.980993390083313,0.6172308325767517,1.0,2,1
338117,0.5,0.5,0.5,0,0
262161,0.5,0.5,0.5,0,0
116983,0.3698936998844147,0.3698936998844147,0.0,1,1
483679,0.9999631643295288,0.6486945748329163,1.0,2,1
759038,0.9994795322418213,0.9965264201164246,1.0,2,1
1018091,0.9685898423194885,0.9685898423194885,1.0,1,1
178584,0.5,0.5,0.5,0,0
925369,0.9993730783462524,0.9959923624992371,1.0,2,1
116983,0.3698936998844147,0.3698936998844147,0.0,1,1
115924,0.5,0.5,0.5,0,0
1100429,0.9815366864204407,0.9815366864204407,1.0,1,1
367663,0.9999902248382568,0.9999902248382568,1.0,1,1
567081,0.8726546764373779,0.8726546764373779,1.0,1,1
1230809,0.9983874559402466,0.9983874559402466,1.0,1,1
1595446,0.9998806715011597,0.9998806715011597,1.0,1,1
1101675,0.9958509206771851,0.8434494137763977,1.0,2,1
683048,0.9592525362968445,0.9592525362968445,1.0,1,1
569683,0.5,0.5,0.5,0,0
1275106,0.5,0.5,0.5,0,0
45382,0.99997478723526,0.9999512434005737,1.0,2,1
1002662,0.9956705570220947,0.9956705570220947,1.0,1,1
290352,0.5,0.5,0.5,0,0
1081340,0.9478546977043152,0.9478546977043152,1.0,1,1
343504,0.8164817094802856,0.8164817094802856,1.0,1,1
203562,0.5,0.5,0.5,0,0
1649275,0.5,0.5,0.5,0,0
257166,0.9437860250473022,0.9437860250473022,1.0,1,1
45382,0.99997478723526,0.9999512434005737,1.0,2,1
157771,0.7294264435768127,0.7294264435768127,1.0,1,1
341989,0.5,0.5,0.5,0,0
1545867,0.9794256091117859,0.9794256091117859,1.0,1,1
388476,0.9999191164970398,0.99937504529953,1.0,2,1
781423,0.9999976754188538,0.9993913173675537,1.0,2,1
97971,0.9996391534805298,0.9711706638336182,1.0,2,1
1120780,0.9671819806098938,0.9671819806098938,1.0,1,1
838477,0.9735629558563232,0.9735629558563232,1.0,1,1
1044591,0.5,0.5,0.5,0,0
246957,0.5,0.5,0.5,0,0
1539546,0.5,0.5,0.5,0,0
1577923,0.5,0.5,0.5,0,0
81260,0.5,0.5,0.5,0,0
92735,0.5,0.5,0.5,0,0
898611,0.8571317791938782,0.8571317791938782,1.0,1,1
545971,0.9997743964195251,0.9997743964195251,1.0,1,1
195560,0.9923518300056458,0.9923518300056458,1.0,1,1
437830,0.5,0.5,0.5,0,0
159064,0.5,0.5,0.5,0,0
989605,0.5,0.5,0.5,0,0
1063393,0.9999310970306396,0.9999310970306396,1.0,1,1
178744,0.9999803304672241,0.6188357472419739,1.0,2,1
392946,0.992673397064209,0.7242669463157654,1.0,2,1
992532,0.5,0.5,0.5,0,0
626633,0.5,0.5,0.5,0,0
236546,0.5,0.5,0.5,0,0
600962,0.9998853802680969,0.9997591376304626,1.0,2,1
1641841,0.999616265296936,0.999616265296936,1.0,1,1
442080,0.5,0.5,0.5,0,0
534104,0.6289106011390686,0.6289106011390686,1.0,1,1
688552,0.5,0.5,0.5,0,0
1494832,0.9835585951805115,0.9835585951805115,1.0,1,1
1036334,0.5,0.5,0.5,0,0
295092,0.9999971389770508,0.9999971389770508,1.0,1,1
102288,0.5,0.5,0.5,0,0
424332,0.5,0.5,0.5,0,0
858820,0.5,0.5,0.5,0,0
1058037,0.5,0.5,0.5,0,0
1057021,0.5,0.5,0.5,0,0
274915,0.5,0.5,0.5,0,0
364415,0.9945451021194458,0.9945451021194458,1.0,1,1
1178259,0.5,0.5,0.5,0,0
625751,0.9999028444290161,0.9999028444290161,1.0,1,1
244016,0.5,0.5,0.5,0,0
1482012,0.9999923706054688,0.9999923706054688,1.0,1,1
43583,0.5536792278289795,0.5536792278289795,1.0,1,1
335343,0.5,0.5,0.5,0,0
112857,0.8768411874771118,0.8768411874771118,1.0,1,1
1165875,0.5,0.5,0.5,0,0
950560,0.5,0.5,0.5,0,0
509686,0.5,0.5,0.5,0,0
1042577,0.5,0.5,0.5,0,0
192776,0.4691304862499237,0.4691304862499237,0.0,1,1
1575181,0.9962890148162842,0.9962890148162842,1.0,1,1
164111,0.5,0.5,0.5,0,0
357524,0.5,0.5,0.5,0,0
350731,0.6998140215873718,0.6998140215873718,1.0,1,1
244839,0.5,0.5,0.5,0,0
163243,0.99783855676651,0.99783855676651,1.0,1,1
1193335,0.5,0.5,0.5,0,0
433884,0.5,0.5,0.5,0,0
424619,0.9974290728569031,0.9974290728569031,1.0,1,1
1254613,0.5,0.5,0.5,0,0
542965,0.9971612691879272,0.9576025605201721,1.0,3,1
1166679,0.5,0.5,0.5,0,0
377784,0.9698261022567749,0.9698261022567749,1.0,1,1
1072902,0.5,0.5,0.5,0,0
977157,0.8732588291168213,0.8732588291168213,1.0,1,1
42034,0.9879716038703918,0.9879716038703918,1.0,1,1
58602,0.5,0.5,0.5,0,0
160452,0.5,0.5,0.5,0,0
360666,0.5,0.5,0.5,0,0
124249,0.996260404586792,0.8897219300270081,1.0,2,1
137155,0.999961256980896,0.8449915647506714,1.0,3,1
154871,0.9357044696807861,0.47193512320518494,1.0,3,1
613398,0.5,0.5,0.5,0,0
879934,0.9942179918289185,0.9942179918289185,1.0,1,1
1573948,0.5,0.5,0.5,0,0
720448,0.9997393488883972,0.9997393488883972,1.0,1,1
1601962,0.9852649569511414,0.9852649569511414,1.0,1,1
1578244,0.5,0.5,0.5,0,0
762303,0.5,0.5,0.5,0,0
136994,0.2166043519973755,0.2166043519973755,0.0,1,1
392395,0.9940412640571594,0.9940412640571594,1.0,1,1
424332,0.5,0.5,0.5,0,0
427438,0.5,0.5,0.5,0,0
1630397,0.5,0.5,0.5,0,0
524426,0.5,0.5,0.5,0,0
177420,0.9371601939201355,0.9371601939201355,1.0,1,1
1544540,0.5,0.5,0.5,0,0
502059,0.9816986322402954,0.6579204201698303,1.0,2,1
350731,0.6998140215873718,0.6998140215873718,1.0,1,1
932113,0.9827301502227783,0.9827301502227783,1.0,1,1
974568,0.9998903274536133,0.9998903274536133,1.0,1,1
1221422,0.5,0.5,0.5,0,0
623668,0.5,0.5,0.5,0,0
720877,0.5656673312187195,0.5656673312187195,1.0,1,1
653928,0.5,0.5,0.5,0,0
877792,0.5,0.5,0.5,0,0
235782,0.7163382172584534,0.5052016973495483,1.0,2,1
1274393,0.5,0.5,0.5,0,0
151302,0.5,0.5,0.5,0,0
235733,0.9999138116836548,0.9999138116836548,1.0,1,1
238682,0.9996306896209717,0.9996306896209717,1.0,1,1
1007994,0.5,0.5,0.5,0,0
1566593,0.896729052066803,0.896729052066803,1.0,1,1
767316,0.5,0.5,0.5,0,0
1036401,0.5,0.5,0.5,0,0
520875,0.5,0.5,0.5,0,0
1543196,0.5,0.5,0.5,0,0
1485812,0.5,0.5,0.5,0,0
146270,0.5,0.5,0.5,0,0
435107,0.9980656504631042,0.9980656504631042,1.0,1,1
597558,0.5,0.5,0.5,0,0
1060598,0.5,0.5,0.5,0,0
170619,0.5,0.5,0.5,0,0
592065,0.9984908103942871,0.7423810362815857,1.0,2,1
92367,0.8700568675994873,0.8700568675994873,1.0,1,1
115857,0.9942545890808105,0.8112591505050659,1.0,2,1
1498762,0.9998431205749512,0.9998431205749512,1.0,1,1
1169411,0.5,0.5,0.5,0,0
761596,0.5,0.5,0.5,0,0
936377,0.7530302405357361,0.7530302405357361,1.0,1,1
345408,0.9675072431564331,0.5558388829231262,1.0,2,1
1228311,0.9999959468841553,0.9650344252586365,1.0,2,1
1273961,0.9998613595962524,0.9998613595962524,1.0,1,1
868146,0.5,0.5,0.5,0,0
588919,0.5,0.5,0.5,0,0
1249415,0.9999654293060303,0.9058344960212708,1.0,2,1
261398,0.5,0.5,0.5,0,0
153180,0.9826722145080566,0.9826722145080566,1.0,1,1
73509,0.5,0.5,0.5,0,0
752710,0.5,0.5,0.5,0,0
1050203,0.5,0.5,0.5,0,0
810502,0.5,0.5,0.5,0,0
1584984,0.920453667640686,0.920453667640686,1.0,1,1
1581945,0.9998183250427246,0.674216628074646,1.0,2,1
706123,0.8981553912162781,0.8981553912162781,1.0,1,1
772199,0.5,0.5,0.5,0,0
1120780,0.9671819806098938,0.9671819806098938,1.0,1,1
1607328,0.8517449498176575,0.8517449498176575,1.0,1,1
77651,0.5,0.5,0.5,0,0
321704,0.9388617873191833,0.9388617873191833,1.0,1,1
290726,0.8875667452812195,0.8875667452812195,1.0,1,1
384916,0.7530217170715332,0.7530217170715332,1.0,1,1
202299,0.5,0.5,0.5,0,0
380257,0.35436761379241943,0.35436761379241943,0.0,1,1
405913,0.5,0.5,0.5,0,0
727103,0.9988988637924194,0.9988988637924194,1.0,1,1
1007038,0.9999550580978394,0.9999550580978394,1.0,1,1
43695,0.9998770952224731,0.9998770952224731,1.0,1,1
305513,0.5,0.5,0.5,0,0
181903,0.9754863381385803,0.9754863381385803,1.0,1,1
635838,0.9923425316810608,0.9923425316810608,1.0,1,1
207829,0.7794603705406189,0.7794603705406189,1.0,1,1
582104,0.9995667338371277,0.9227694272994995,1.0,2,1
58197,0.4452190399169922,0.4452190399169922,0.0,1,1
400981,0.8828151226043701,0.8828151226043701,1.0,1,1
955612,0.5,0.5,0.5,0,0
151756,0.4217197299003601,0.4217197299003601,0.0,1,1
234647,0.8618572354316711,0.6425366401672363,1.0,2,1
1565152,0.5,0.5,0.5,0,0
902554,0.9990432858467102,0.9926823973655701,1.0,2,1
765268,0.5,0.5,0.5,0,0
661030,0.5,0.5,0.5,0,0
1597410,0.5,0.5,0.5,0,0
880436,0.5,0.5,0.5,0,0
1591708,0.5,0.5,0.5,0,0
1013887,0.5,0.5,0.5,0,0
1139088,0.5,0.5,0.5,0,0
438781,0.5,0.5,0.5,0,0
677564,0.5,0.5,0.5,0,0
83741,0.5,0.5,0.5,0,0
319140,0.923505425453186,0.923505425453186,1.0,1,1
1232492,0.5220080018043518,0.5220080018043518,1.0,1,1
1134970,0.9999815225601196,0.9999815225601196,1.0,1,1
1269722,0.5,0.5,0.5,0,0
1462808,0.5,0.5,0.5,0,0
208992,0.9788442254066467,0.9788442254066467,1.0,1,1
774584,0.5,0.5,0.5,0,0
1089869,0.9996318817138672,0.9996318817138672,1.0,1,1
1505562,0.5,0.5,0.5,0,0
423943,0.5,0.5,0.5,0,0
1539546,0.5,0.5,0.5,0,0
345455,0.5,0.5,0.5,0,0
1148183,0.5,0.5,0.5,0,0
663388,0.9999697208404541,0.9999697208404541,1.0,1,1
248196,0.9991913437843323,0.9991913437843323,1.0,1,1
1169785,0.9995569586753845,0.9995569586753845,1.0,1,1
325454,0.9124972224235535,0.9124972224235535,1.0,1,1
777849,0.5,0.5,0.5,0,0
1046608,0.5,0.5,0.5,0,0
1664413,0.6582139134407043,0.6582139134407043,1.0,1,1
398244,0.9999889135360718,0.9999889135360718,1.0,1,1
689837,0.5,0.5,0.5,0,0
795417,0.5,0.5,0.5,0,0
1627062,0.9998350143432617,0.9998350143432617,1.0,1,1
142525,0.6837418079376221,0.6762914061546326,1.0,2,1
810302,0.9964878559112549,0.6348053812980652,1.0,3,1
1461595,0.9716559648513794,0.9716559648513794,1.0,1,1
837745,0.9999995231628418,0.9999995231628418,1.0,1,1
868542,0.9937844276428223,0.9937844276428223,1.0,1,1
414946,0.5,0.5,0.5,0,0
1502673,0.9961751699447632,0.9961751699447632,1.0,1,1
1515888,0.9486100673675537,0.8906171321868896,1.0,2,1
107992,0.5,0.5,0.5,0,0
136998,0.9285919666290283,0.9285919666290283,1.0,1,1
216184,0.5,0.5,0.5,0,0
47759,0.5,0.5,0.5,0,0
1187476,0.5,0.5,0.5,0,0
196360,0.9291359186172485,0.9291359186172485,1.0,1,1
202605,0.9995986819267273,0.9995986819267273,1.0,1,1
404510,0.5,0.5,0.5,0,0
1093300,0.9999133348464966,0.9999133348464966,1.0,1,1
225673,0.9999821186065674,0.9999821186065674,1.0,1,1
1008864,0.9496997594833374,0.9496997594833374,1.0,1,1
265266,0.5,0.5,0.5,0,0
1186058,0.5,0.5,0.5,0,0
1483388,0.9992464780807495,0.9992464780807495,1.0,1,1
1033569,0.9916356205940247,0.9422962069511414,1.0,2,1
1476460,0.9999961256980896,0.9996229410171509,1.0,2,1
460817,0.5,0.5,0.5,0,0
999242,0.5,0.5,0.5,0,0
227777,0.9656729698181152,0.9656729698181152,1.0,1,1
1017597,0.5,0.5,0.5,0,0
576151,0.9999994039535522,0.9644473791122437,1.0,2,1
712120,0.5,0.5,0.5,0,0
1254662,0.5,0.5,0.5,0,0
438884,0.5,0.5,0.5,0,0
1026898,0.5,0.5,0.5,0,0
838733,0.9493699669837952,0.8241501450538635,1.0,2,1
261264,0.9971855282783508,0.987667977809906,1.0,2,1
159848,0.8812884092330933,0.8812884092330933,1.0,1,1
262750,0.5,0.5,0.5,0,0
1531207,0.9933894872665405,0.9933894872665405,1.0,1,1
936052,0.5,0.5,0.5,0,0
261637,0.5,0.5,0.5,0,0
667928,0.9982130527496338,0.9982130527496338,1.0,1,1
837567,0.5,0.5,0.5,0,0
522103,0.9994739890098572,0.8938320875167847,1.0,2,1
1014005,0.5,0.5,0.5,0,0
1218796,0.5,0.5,0.5,0,0
195074,0.5,0.5,0.5,0,0
883438,0.5,0.5,0.5,0,0
443734,0.5,0.5,0.5,0,0
770304,0.5,0.5,0.5,0,0
205365,0.5,0.5,0.5,0,0
1030588,0.8737571835517883,0.7593082189559937,1.0,2,1
260427,0.5,0.5,0.5,0,0
1109230,0.9546194672584534,0.9546194672584534,1.0,1,1
599199,0.9998975992202759,0.9998975992202759,1.0,1,1
132055,0.5,0.5,0.5,0,0
151062,0.5,0.5,0.5,0,0
364414,0.5,0.5,0.5,0,0
333826,0.5,0.5,0.5,0,0
1142061,0.5,0.5,0.5,0,0
1267952,0.9999959468841553,0.9999959468841553,1.0,1,1
731501,0.5,0.5,0.5,0,0
486564,0.999333381652832,0.9952864050865173,1.0,2,1
230699,0.6824106574058533,0.6824106574058533,1.0,1,1
141641,0.9999741911888123,0.9997276663780212,1.0,2,1
425556,0.5,0.5,0.5,0,0
1139176,0.5,0.5,0.5,0,0
556458,0.9788308143615723,0.4445967972278595,1.0,3,1
941436,0.5,0.5,0.5,0,0
117584,0.6448827981948853,0.6448827981948853,1.0,1,1
917254,0.9999810457229614,0.9999810457229614,1.0,1,1
1052191,0.9348412156105042,0.9348412156105042,1.0,1,1
169451,0.9978752136230469,0.9978752136230469,1.0,1,1
1461630,0.5,0.5,0.5,0,0
218543,0.5,0.5,0.5,0,0
1280875,0.5,0.5,0.5,0,0
93687,0.5,0.5,0.5,0,0
658009,0.5,0.5,0.5,0,0
618974,0.5,0.5,0.5,0,0
385796,0.9999555349349976,0.9407980442047119,1.0,2,1
702665,0.5,0.5,0.5,0,0
1639505,0.9995085000991821,0.9995085000991821,1.0,1,1
192306,0.9881303906440735,0.9758517742156982,1.0,2,1
1274630,0.9855060577392578,0.9855060577392578,1.0,1,1
1067025,0.9947940707206726,0.9947940707206726,1.0,1,1
1184849,0.5,0.5,0.5,0,0
286475,0.5,0.5,0.5,0,0
362796,0.5,0.5,0.5,0,0
571600,0.9735612869262695,0.9735612869262695,1.0,1,1
1660251,0.9997548460960388,0.9659045934677124,1.0,2,1
854838,0.5,0.5,0.5,0,0
281343,0.5,0.5,0.5,0,0
1595371,0.8963478207588196,0.8963478207588196,1.0,1,1
1666717,0.9998111128807068,0.9998111128807068,1.0,1,1
1230684,0.9858620166778564,0.9858620166778564,1.0,1,1
1076618,0.999480664730072,0.999480664730072,1.0,1,1
307312,0.5,0.5,0.5,0,0
142218,0.9992712140083313,0.9992712140083313,1.0,1,1
64566,0.5,0.5,0.5,0,0
1263039,0.9275493621826172,0.9275493621826172,1.0,1,1
102395,0.746191680431366,0.746191680431366,1.0,1,1
333704,0.5,0.5,0.5,0,0
658566,0.5,0.5,0.5,0,0
423236,0.5,0.5,0.5,0,0
1190665,0.9999641180038452,0.9999641180038452,1.0,1,1
1250700,0.5082327723503113,0.5082327723503113,1.0,1,1
1112445,0.5,0.5,0.5,0,0
377331,0.5,0.5,0.5,0,0
315775,0.5,0.5,0.5,0,0
349877,0.9996638298034668,0.8403109908103943,1.0,2,1
560421,0.9998485445976257,0.9827398061752319,1.0,2,1
555289,0.5,0.5,0.5,0,0
390860,0.5,0.5,0.5,0,0
810302,0.9964878559112549,0.6348053812980652,1.0,3,1
1138237,0.5,0.5,0.5,0,0
44490,0.5,0.5,0.5,0,0
420042,0.5,0.5,0.5,0,0
546673,0.5,0.5,0.5,0,0
328916,0.5,0.5,0.5,0,0
55059,0.9998320937156677,0.9763167500495911,1.0,2,1
480585,0.5,0.5,0.5,0,0
267231,0.999969482421875,0.999969482421875,1.0,1,1
1142061,0.5,0.5,0.5,0,0
625751,0.9999028444290161,0.9999028444290161,1.0,1,1
1668267,0.5,0.5,0.5,0,0
1190008,0.5749901533126831,0.5749901533126831,1.0,1,1
253804,0.9961485862731934,0.6218926906585693,1.0,2,1
841873,0.5,0.5,0.5,0,0
1258417,0.5,0.5,0.5,0,0
467546,0.9998080730438232,0.5721809267997742,1.0,3,1
446872,0.5,0.5,0.5,0,0
1032021,0.5,0.5,0.5,0,0
229183,0.5,0.5,0.5,0,0
766472,0.5,0.5,0.5,0,0
1137242,0.9989719390869141,0.9989719390869141,1.0,1,1
696129,0.5,0.5,0.5,0,0
893539,0.9852783679962158,0.9852783679962158,1.0,1,1
1123175,0.5,0.5,0.5,0,0
322528,0.9997965693473816,0.9997965693473816,1.0,1,1
49100,0.9975518584251404,0.9906376004219055,1.0,3,1
206480,0.7126334309577942,0.7126334309577942,1.0,1,1
112078,0.5,0.5,0.5,0,0
455041,0.999976396560669,0.9965553283691406,1.0,2,1
1594791,0.5,0.5,0.5,0,0
939420,0.5,0.5,0.5,0,0
420047,0.5,0.5,0.5,0,0
617153,0.5,0.5,0.5,0,0
185304,0.5,0.5,0.5,0,0
87469,0.4855606257915497,0.4855606257915497,0.0,1,1
229034,0.5,0.5,0.5,0,0
913878,0.5,0.5,0.5,0,0
287164,0.9613701105117798,0.8688305020332336,1.0,2,1
107177,0.5,0.5,0.5,0,0
670625,0.5,0.5,0.5,0,0
1589370,0.5,0.5,0.5,0,0
911888,0.5,0.5,0.5,0,0
939025,0.9994890093803406,0.6949310302734375,1.0,2,1
766472,0.5,0.5,0.5,0,0
801232,0.9039251804351807,0.6804517507553101,1.0,2,1
1595446,0.9998806715011597,0.9998806715011597,1.0,1,1
313897,0.5,0.5,0.5,0,0
1178482,0.5,0.5,0.5,0,0
671216,0.5,0.5,0.5,0,0
137366,0.971461832523346,0.971461832523346,1.0,1,1
497264,0.9992087483406067,0.981008768081665,1.0,2,1
201740,0.9961661100387573,0.9961661100387573,1.0,1,1
854806,0.21563981473445892,0.21563981473445892,0.0,1,1
138199,0.9976425766944885,0.9976425766944885,1.0,1,1
104595,0.7708277106285095,0.7708277106285095,1.0,1,1
40286,0.19838838279247284,0.19838838279247284,0.0,1,1
60996,0.999980628490448,0.9999657869338989,1.0,2,1
192915,0.5,0.5,0.5,0,0
1046019,0.5,0.5,0.5,0,0
110015,0.5,0.5,0.5,0,0
41533,0.5,0.5,0.5,0,0
669755,0.5,0.5,0.5,0,0
257904,0.5,0.5,0.5,0,0
583032,0.5,0.5,0.5,0,0
713965,0.5,0.5,0.5,0,0
658461,0.5,0.5,0.5,0,0
1480312,0.9999904632568359,0.7268886566162109,1.0,3,1
683648,0.9991253018379211,0.99908447265625,1.0,2,1
80224,0.5,0.5,0.5,0,0
498737,0.5,0.5,0.5,0,0
547660,0.9988143444061279,0.9988143444061279,1.0,1,1
906710,0.5,0.5,0.5,0,0
451630,0.9989187717437744,0.9989187717437744,1.0,1,1
420812,0.5,0.5,0.5,0,0
282510,0.6316568851470947,0.6316568851470947,1.0,1,1
966211,0.5,0.5,0.5,0,0
41599,0.9989325404167175,0.9989325404167175,1.0,1,1
855267,0.9998093247413635,0.9998093247413635,1.0,1,1
470622,0.5,0.5,0.5,0,0
133847,0.5,0.5,0.5,0,0
439834,0.5,0.5,0.5,0,0
902415,0.9496016502380371,0.9496016502380371,1.0,1,1
1000364,0.5,0.5,0.5,0,0
719110,0.5,0.5,0.5,0,0
602473,0.5,0.5,0.5,0,0
89657,0.9946079254150391,0.9946079254150391,1.0,1,1
943215,0.5,0.5,0.5,0,0
1634414,0.9915298223495483,0.9915298223495483,1.0,1,1
306496,0.5,0.5,0.5,0,0
114920,0.883395791053772,0.5204524397850037,1.0,2,1
699113,0.5,0.5,0.5,0,0
250659,0.991912841796875,0.991912841796875,1.0,1,1
317667,0.9343852400779724,0.9343852400779724,1.0,1,1
1604608,0.9779477715492249,0.9779477715492249,1.0,1,1
1218466,0.9967751502990723,0.5159876942634583,1.0,2,1
562373,0.5,0.5,0.5,0,0
409639,0.9860599040985107,0.9860599040985107,1.0,1,1
1019641,0.5,0.5,0.5,0,0
665876,0.3937612771987915,0.3937612771987915,0.0,1,1
1265767,0.5,0.5,0.5,0,0
384981,0.5,0.5,0.5,0,0
1496270,0.9768689274787903,0.9768689274787903,1.0,1,1
995822,0.5,0.5,0.5,0,0
621383,0.9856963157653809,0.913959264755249,1.0,2,1
1223116,0.9996730089187622,0.6778991222381592,1.0,3,1
631512,0.5,0.5,0.5,0,0
360578,0.9995861649513245,0.9920356869697571,1.0,2,1
450501,0.04127808287739754,0.04127808287739754,0.0,1,1
230741,0.9995694756507874,0.9995694756507874,1.0,1,1
565909,0.9525980949401855,0.9502192735671997,1.0,2,1
175912,0.5,0.5,0.5,0,0
1049870,0.5,0.5,0.5,0,0
1517481,0.5,0.5,0.5,0,0
479297,0.9809010624885559,0.9809010624885559,1.0,1,1
737916,0.5,0.5,0.5,0,0
646107,0.5,0.5,0.5,0,0
409639,0.9860599040985107,0.9860599040985107,1.0,1,1
482155,0.897919774055481,0.897919774055481,1.0,1,1
1242792,0.9935646057128906,0.7960623502731323,1.0,2,1
80224,0.5,0.5,0.5,0,0
877080,0.9905502796173096,0.9905502796173096,1.0,1,1
169245,0.5,0.5,0.5,0,0
84648,0.5,0.5,0.5,0,0
414946,0.5,0.5,0.5,0,0
834532,0.9996976852416992,0.9996976852416992,1.0,1,1
174257,0.5,0.5,0.5,0,0
945312,0.5,0.5,0.5,0,0
1000284,0.5,0.5,0.5,0,0
1627062,0.9998350143432617,0.9998350143432617,1.0,1,1
809688,0.42005491256713867,0.42005491256713867,0.0,1,1
167807,0.5,0.5,0.5,0,0
333029,0.9999948740005493,0.9992030262947083,1.0,2,1
1578896,0.5,0.5,0.5,0,0
96347,0.5,0.5,0.5,0,0
147777,0.5,0.5,0.5,0,0
404539,0.5,0.5,0.5,0,0
1286316,0.5,0.5,0.5,0,0
1235041,0.9997882843017578,0.7842236161231995,1.0,2,1
1058638,0.5,0.5,0.5,0,0
1578528,0.5,0.5,0.5,0,0
917132,0.998345136642456,0.998345136642456,1.0,1,1
385796,0.9999555349349976,0.9407980442047119,1.0,2,1
825680,0.9999494552612305,0.9999494552612305,1.0,1,1
126775,0.7447937726974487,0.7447937726974487,1.0,1,1
1656728,0.5,0.5,0.5,0,0
661030,0.5,0.5,0.5,0,0
739015,0.5,0.5,0.5,0,0
149554,0.5,0.5,0.5,0,0
1020741,0.8175888657569885,0.8175888657569885,1.0,1,1
404255,0.5,0.5,0.5,0,0
175001,0.9996808767318726,0.9996808767318726,1.0,1,1
1647248,0.9991631507873535,0.9991631507873535,1.0,1,1
669755,0.5,0.5,0.5,0,0
1283026,0.9990026354789734,0.9990026354789734,1.0,1,1
1500251,0.5,0.5,0.5,0,0
77557,0.5,0.5,0.5,0,0
1193610,0.9960386753082275,0.9960386753082275,1.0,1,1
203735,0.9781551957130432,0.9781551957130432,1.0,1,1
1180190,0.9433962106704712,0.5589456558227539,1.0,2,1
341822,0.5,0.5,0.5,0,0
274366,0.9979419708251953,0.9846705198287964,1.0,3,1
1139176,0.5,0.5,0.5,0,0
930518,0.7585932016372681,0.7585932016372681,1.0,1,1
744593,0.5,0.5,0.5,0,0
562040,0.5,0.5,0.5,0,0
300525,0.5722596645355225,0.5722596645355225,1.0,1,1
1592622,0.8032152056694031,0.8032152056694031,1.0,1,1
842288,0.5,0.5,0.5,0,0
344626,0.5,0.5,0.5,0,0
165695,0.5,0.5,0.5,0,0
307299,0.9975699782371521,0.9975699782371521,1.0,1,1
798386,0.5,0.5,0.5,0,0
387386,0.9910954236984253,0.9526857137680054,1.0,2,1
1028760,0.9833242893218994,0.9833242893218994,1.0,1,1
1582119,0.9999805688858032,0.999883770942688,1.0,2,1
804705,0.306593120098114,0.306593120098114,0.0,1,1
631512,0.5,0.5,0.5,0,0
202199,0.9989299178123474,0.9989299178123474,1.0,1,1
390735,0.5,0.5,0.5,0,0
534526,0.8334710597991943,0.8334710597991943,1.0,1,1
345556,0.7342038750648499,0.7342038750648499,1.0,1,1
1097128,0.9465969800949097,0.9465969800949097,1.0,1,1
1480701,0.5,0.5,0.5,0,0
1614294,0.9999892711639404,0.9999892711639404,1.0,1,1
64651,0.9992732405662537,0.9992732405662537,1.0,1,1
438229,0.9972875714302063,0.9766711592674255,1.0,2,1
281492,0.9996813535690308,0.9996813535690308,1.0,1,1
265136,0.5,0.5,0.5,0,0
1241222,0.9992489218711853,0.9992489218711853,1.0,1,1
215615,0.9425002932548523,0.9425002932548523,1.0,1,1
180190,0.9985874891281128,0.9985874891281128,1.0,1,1
874262,0.9999217987060547,0.9999217987060547,1.0,1,1
591397,0.9468685984611511,0.9468685984611511,1.0,1,1
307299,0.9975699782371521,0.9975699782371521,1.0,1,1
1449015,0.5,0.5,0.5,0,0
686264,0.5,0.5,0.5,0,0
298661,0.9999849200248718,0.9410905241966248,1.0,2,1
1257490,0.5,0.5,0.5,0,0
836259,0.83509361743927,0.83509361743927,1.0,1,1
137155,0.999961256980896,0.8449915647506714,1.0,3,1
300525,0.5722596645355225,0.5722596645355225,1.0,1,1
438052,0.9983136057853699,0.609188973903656,1.0,2,1
705434,0.999993085861206,0.917611300945282,1.0,2,1
189661,0.5,0.5,0.5,0,0
554271,0.8637654185295105,0.8369384407997131,1.0,2,1
1490498,0.5,0.5,0.5,0,0
1498885,0.5,0.5,0.5,0,0
429508,0.5,0.5,0.5,0,0
1614316,0.5,0.5,0.5,0,0
39668,0.29736870527267456,0.29736870527267456,0.0,1,1
331459,0.5,0.5,0.5,0,0
200233,0.8869661092758179,0.8869661092758179,1.0,1,1
1224062,0.9455041289329529,0.9455041289329529,1.0,1,1
1190151,0.5,0.5,0.5,0,0
1614096,0.5,0.5,0.5,0,0
552280,0.9990634322166443,0.9990634322166443,1.0,1,1
232713,0.5,0.5,0.5,0,0
477112,0.5,0.5,0.5,0,0
781423,0.9999976754188538,0.9993913173675537,1.0,2,1
185305,0.9955629706382751,0.9490107893943787,1.0,2,1
264517,0.9681333899497986,0.8308524489402771,1.0,2,1
331459,0.5,0.5,0.5,0,0
248051,0.5,0.5,0.5,0,0
814126,0.5,0.5,0.5,0,0
64294,0.999991774559021,0.999991774559021,1.0,1,1
1243395,0.5,0.5,0.5,0,0
1552690,0.9994553923606873,0.9994553923606873,1.0,1,1
569120,0.5,0.5,0.5,0,0
1177817,0.653037428855896,0.653037428855896,1.0,1,1
1109216,0.9998759031295776,0.9998759031295776,1.0,1,1
1649519,0.9993025660514832,0.9440513253211975,1.0,2,1
461245,0.5381200909614563,0.5316179394721985,1.0,2,1
202199,0.9989299178123474,0.9989299178123474,1.0,1,1
717838,0.9998255968093872,0.9996278285980225,1.0,2,1
1229320,0.9998889565467834,0.8153943419456482,1.0,2,1
284786,0.9911912083625793,0.9911912083625793,1.0,1,1
955612,0.5,0.5,0.5,0,0
1480312,0.9999904632568359,0.7268886566162109,1.0,3,1
910241,0.9999964833259583,0.9995787739753723,1.0,2,1
624165,0.5,0.5,0.5,0,0
1548119,0.6557709574699402,0.6557709574699402,1.0,1,1
153414,0.999911367893219,0.9516958594322205,1.0,2,1
130365,0.9054147601127625,0.9054147601127625,1.0,1,1
1528167,0.5,0.5,0.5,0,0
120229,0.5,0.5,0.5,0,0
1586695,0.9977395534515381,0.9970249533653259,1.0,2,1
760413,0.9999584555625916,0.9679960012435913,1.0,2,1
397105,0.5,0.5,0.5,0,0
1227905,0.9727733731269836,0.9727733731269836,1.0,1,1
626502,0.5,0.5,0.5,0,0
449312,0.5,0.5,0.5,0,0
1259784,0.9616830945014954,0.9616830945014954,1.0,1,1
1269369,0.5,0.5,0.5,0,0
192240,0.5,0.5,0.5,0,0
564867,0.43163636326789856,0.43163636326789856,0.0,1,1
380011,0.5,0.5,0.5,0,0
1591085,0.7661754488945007,0.7661754488945007,1.0,1,1
293469,0.9999948740005493,0.9999948740005493,1.0,1,1
404255,0.5,0.5,0.5,0,0
270418,0.5,0.5,0.5,0,0
241980,0.985925018787384,0.985925018787384,1.0,1,1
677439,0.9957190752029419,0.5406283736228943,1.0,2,1
1225079,0.5,0.5,0.5,0,0
1218466,0.9967751502990723,0.5159876942634583,1.0,2,1
718232,0.5,0.5,0.5,0,0
945611,0.5,0.5,0.5,0,0
1079391,0.5,0.5,0.5,0,0
386039,0.999157190322876,0.687278151512146,1.0,3,1
208992,0.9788442254066467,0.9788442254066467,1.0,1,1
1483584,0.9996452927589417,0.9994211196899414,1.0,2,1
527069,0.9906820058822632,0.9906820058822632,1.0,1,1
179063,0.11090965569019318,0.11090965569019318,0.0,1,1
1219779,0.5,0.5,0.5,0,0
484144,0.9917190074920654,0.9917190074920654,1.0,1,1
427438,0.5,0.5,0.5,0,0
188256,0.9969520568847656,0.9969520568847656,1.0,1,1
820481,0.5,0.5,0.5,0,0
1618611,0.5,0.5,0.5,0,0
1090037,0.9991552233695984,0.9844999313354492,1.0,2,1
56602,0.9998233914375305,0.9998233914375305,1.0,1,1
117215,0.9968806505203247,0.9968806505203247,1.0,1,1
219276,0.5,0.5,0.5,0,0
700004,0.5,0.5,0.5,0,0
562040,0.5,0.5,0.5,0,0
387470,0.44298145174980164,0.44298145174980164,0.0,1,1
535068,0.5,0.5,0.5,0,0
83345,0.5,0.5,0.5,0,0
42405,0.5,0.5,0.5,0,0
65895,0.5,0.5,0.5,0,0
1148183,0.5,0.5,0.5,0,0
535446,0.5,0.5,0.5,0,0
1053567,0.5,0.5,0.5,0,0
517872,0.5,0.5,0.5,0,0
780524,0.9918968081474304,0.9918968081474304,1.0,1,1
110548,0.6121269464492798,0.6121269464492798,1.0,1,1
42538,0.5,0.5,0.5,0,0
1630710,0.9979607462882996,0.9373635649681091,1.0,2,1
1487878,0.5,0.5,0.5,0,0
498509,0.5,0.5,0.5,0,0
755765,0.03790713846683502,0.03790713846683502,0.0,1,1
1111897,0.5,0.5,0.5,0,0
1201132,0.5,0.5,0.5,0,0
1474270,0.11416033655405045,0.11416033655405045,0.0,1,1
174993,0.5,0.5,0.5,0,0
1216753,0.9992325305938721,0.7112318277359009,1.0,2,1
473407,0.999718964099884,0.999718964099884,1.0,1,1
412947,0.9991024732589722,0.9991024732589722,1.0,1,1
134370,0.5,0.5,0.5,0,0
949166,0.5,0.5,0.5,0,0
1458177,0.5,0.5,0.5,0,0
1097735,0.9696197509765625,0.9696197509765625,1.0,1,1
639479,0.8582266569137573,0.8582266569137573,1.0,1,1
476656,0.5,0.5,0.5,0,0
343504,0.8164817094802856,0.8164817094802856,1.0,1,1
800815,0.9822025299072266,0.9822025299072266,1.0,1,1
1007038,0.9999550580978394,0.9999550580978394,1.0,1,1
857793,0.5,0.5,0.5,0,0
913586,0.860785186290741,0.860785186290741,1.0,1,1
1200289,0.5,0.5,0.5,0,0
257275,0.5,0.5,0.5,0,0
267040,0.6405937075614929,0.6405937075614929,1.0,1,1
983977,0.5,0.5,0.5,0,0
353334,0.5,0.5,0.5,0,0
626082,0.5,0.5,0.5,0,0
1497533,0.9939090013504028,0.9939090013504028,1.0,1,1
1210956,0.5,0.5,0.5,0,0
677864,0.9605355858802795,0.9605355858802795,1.0,1,1
590456,0.9999803304672241,0.9999803304672241,1.0,1,1
265128,0.9871604442596436,0.9871604442596436,1.0,1,1
663544,0.9991260170936584,0.9991260170936584,1.0,1,1
219093,0.5,0.5,0.5,0,0
347365,0.5,0.5,0.5,0,0
1146060,0.5,0.5,0.5,0,0
498352,0.9945487380027771,0.8990925550460815,1.0,2,1
449092,0.5,0.5,0.5,0,0
438354,0.5,0.5,0.5,0,0
787485,0.9550628066062927,0.9550628066062927,1.0,1,1
742570,0.9953516721725464,0.9953516721725464,1.0,1,1
1277958,0.5,0.5,0.5,0,0
375499,0.9995738863945007,0.9995738863945007,1.0,1,1
665978,0.9997790455818176,0.7945185899734497,1.0,2,1
860413,0.5,0.5,0.5,0,0
1047905,0.942306637763977,0.942306637763977,1.0,1,1
763461,0.5,0.5,0.5,0,0
1235667,0.5,0.5,0.5,0,0
661516,0.5,0.5,0.5,0,0
783183,0.9961475133895874,0.9961475133895874,1.0,1,1
592164,0.5,0.5,0.5,0,0
1677895,0.4066530466079712,0.4066530466079712,0.0,1,1
371967,0.5,0.5,0.5,0,0
1461102,0.5,0.5,0.5,0,0
95213,0.9207009673118591,0.9207009673118591,1.0,1,1
1156658,0.998569905757904,0.6320009231567383,1.0,3,1
1586695,0.9977395534515381,0.9970249533653259,1.0,2,1
559099,0.5,0.5,0.5,0,0
517848,0.5,0.5,0.5,0,0
56602,0.9998233914375305,0.9998233914375305,1.0,1,1
731564,0.9999336004257202,0.8651277422904968,1.0,2,1
854590,0.512173593044281,0.512173593044281,1.0,1,1
268943,0.22276552021503448,0.22276552021503448,0.0,1,1
1464077,0.5,0.5,0.5,0,0
1469973,0.5,0.5,0.5,0,0
180685,0.03883681446313858,0.03883681446313858,0.0,1,1
1685441,0.5,0.5,0.5,0,0
146404,0.5,0.5,0.5,0,0
1560519,0.9480209350585938,0.9480209350585938,1.0,1,1
437694,0.9999635815620422,0.9998871088027954,1.0,2,1
1535419,0.999775230884552,0.999775230884552,1.0,1,1
1511805,0.9963598251342773,0.9265409708023071,1.0,2,1
202721,0.9999004602432251,0.9999004602432251,1.0,1,1
315073,0.5,0.5,0.5,0,0
1506178,0.5,0.5,0.5,0,0
514592,0.5,0.5,0.5,0,0
181930,0.5,0.5,0.5,0,0
937767,0.9895037412643433,0.9895037412643433,1.0,1,1
612156,0.9999008178710938,0.9999008178710938,1.0,1,1
72733,0.5,0.5,0.5,0,0
1252068,0.9960579872131348,0.9960579872131348,1.0,1,1
1658926,0.9971879124641418,0.9971879124641418,1.0,1,1
475623,0.5,0.5,0.5,0,0
262644,0.5,0.5,0.5,0,0
787735,0.9999866485595703,0.9999866485595703,1.0,1,1
207109,0.9999262094497681,0.9999262094497681,1.0,1,1
1567672,0.5,0.5,0.5,0,0
1028760,0.9833242893218994,0.9833242893218994,1.0,1,1
1258417,0.5,0.5,0.5,0,0
195709,0.5,0.5,0.5,0,0
1036275,0.9997959136962891,0.7590526938438416,1.0,2,1
927953,0.5,0.5,0.5,0,0
183987,0.6597307324409485,0.3171672821044922,0.0,3,1
798792,0.5,0.5,0.5,0,0
1038192,0.5,0.5,0.5,0,0
318719,0.5,0.5,0.5,0,0
877792,0.5,0.5,0.5,0,0
562567,0.5,0.5,0.5,0,0
263645,0.017798062413930893,0.008899031206965446,0.0,2,1
79331,0.986303985118866,0.986303985118866,1.0,1,1
1659999,0.5,0.5,0.5,0,0
1159579,0.5,0.5,0.5,0,0
1677895,0.4066530466079712,0.4066530466079712,0.0,1,1
554271,0.8637654185295105,0.8369384407997131,1.0,2,1
924197,0.5,0.5,0.5,0,0
750603,0.9999783039093018,0.9999783039093018,1.0,1,1
1634760,0.5,0.5,0.5,0,0
972775,0.5,0.5,0.5,0,0
618616,0.7124729156494141,0.7124729156494141,1.0,1,1
187226,0.9995474219322205,0.9995474219322205,1.0,1,1
147777,0.5,0.5,0.5,0,0
794914,0.5,0.5,0.5,0,0
474915,0.5,0.5,0.5,0,0
908184,0.22057484090328217,0.22057484090328217,0.0,1,1
1666242,0.9995700716972351,0.9995700716972351,1.0,1,1
696189,0.5,0.5,0.5,0,0
885244,0.9998204708099365,0.9961517453193665,1.0,2,1
290551,0.5,0.5,0.5,0,0
1495745,0.9946633577346802,0.9946633577346802,1.0,1,1
179559,0.9999020099639893,0.9999020099639893,1.0,1,1
418993,0.5,0.5,0.5,0,0
1218796,0.5,0.5,0.5,0,0
1040672,0.9983148574829102,0.9983148574829102,1.0,1,1
52710,0.6694456934928894,0.5683587789535522,1.0,2,1
615867,0.99554044008255,0.99554044008255,1.0,1,1
1056302,0.9726090431213379,0.9726090431213379,1.0,1,1
1054348,0.5,0.5,0.5,0,0
1577316,0.5,0.5,0.5,0,0
1448491,0.5,0.5,0.5,0,0
194571,0.9993094205856323,0.9993094205856323,1.0,1,1
567699,0.5,0.5,0.5,0,0
1600508,0.9998002648353577,0.8623253703117371,1.0,2,1
1582445,0.9890744090080261,0.8620147705078125,1.0,2,1
94591,0.6843373775482178,0.6843373775482178,1.0,1,1
149015,0.2879914939403534,0.2879914939403534,0.0,1,1
70220,0.9992491602897644,0.9992491602897644,1.0,1,1
1664543,0.5,0.5,0.5,0,0
1077496,0.5,0.5,0.5,0,0
1653367,0.5,0.5,0.5,0,0
104288,0.9983304738998413,0.9679387211799622,1.0,2,1
133652,0.5,0.5,0.5,0,0
1055928,0.5,0.5,0.5,0,0
1021598,0.5,0.5,0.5,0,0
277747,0.9833494424819946,0.9833494424819946,1.0,1,1
1573948,0.5,0.5,0.5,0,0
1040435,0.5,0.5,0.5,0,0
104994,0.9927374720573425,0.9927374720573425,1.0,1,1
1470347,0.9994200468063354,0.9994200468063354,1.0,1,1
697575,0.9999743700027466,0.9999743700027466,1.0,1,1
741680,0.5,0.5,0.5,0,0
670458,0.9998589754104614,0.9998589754104614,1.0,1,1
42034,0.9879716038703918,0.9879716038703918,1.0,1,1
1268395,0.9953208565711975,0.9953208565711975,1.0,1,1
1085856,0.5,0.5,0.5,0,0
1000327,0.8360316753387451,0.5409280061721802,1.0,3,1
729151,0.5,0.5,0.5,0,0
305020,0.5,0.5,0.5,0,0
762303,0.5,0.5,0.5,0,0
1210994,0.5,0.5,0.5,0,0
1152413,0.9982296824455261,0.9982296824455261,1.0,1,1
171756,0.5,0.5,0.5,0,0
168411,0.5,0.5,0.5,0,0
123935,0.9999525547027588,0.9999525547027588,1.0,1,1
858875,0.9852626323699951,0.9852626323699951,1.0,1,1
174548,0.5,0.5,0.5,0,0
1604831,0.999994695186615,0.9999516010284424,1.0,2,1
333597,0.5,0.5,0.5,0,0
143664,0.9330571293830872,0.9330571293830872,1.0,1,1
184086,0.9999972581863403,0.9999972581863403,1.0,1,1
1224062,0.9455041289329529,0.9455041289329529,1.0,1,1
727128,0.9371557831764221,0.9371557831764221,1.0,1,1
1472904,0.5,0.5,0.5,0,0
725126,0.5,0.5,0.5,0,0
1270788,0.9995654225349426,0.8552508354187012,1.0,3,1
219276,0.5,0.5,0.5,0,0
1057883,0.5,0.5,0.5,0,0
1285235,0.5,0.5,0.5,0,0
328826,0.5,0.5,0.5,0,0
149552,0.9900332093238831,0.9900332093238831,1.0,1,1
238930,0.5,0.5,0.5,0,0
1516000,0.5,0.5,0.5,0,0
78322,0.5,0.5,0.5,0,0
1446166,0.9962013959884644,0.7935744524002075,1.0,2,1
1222191,0.5,0.5,0.5,0,0
162114,0.9976409673690796,0.9199791550636292,1.0,3,1
220423,0.7764618396759033,0.5631412863731384,1.0,2,1
109195,0.5,0.5,0.5,0,0
1123751,0.5,0.5,0.5,0,0
1036401,0.5,0.5,0.5,0,0
996914,0.5,0.5,0.5,0,0
1141295,0.5,0.5,0.5,0,0
1517635,0.11680621653795242,0.11680621653795242,0.0,1,1
1082747,0.999560534954071,0.999560534954071,1.0,1,1
858867,0.8871967196464539,0.8871967196464539,1.0,1,1
632117,0.9998971223831177,0.9998971223831177,1.0,1,1
125793,0.9984216690063477,0.9969032406806946,1.0,2,1
419334,0.5,0.5,0.5,0,0
1056302,0.9726090431213379,0.9726090431213379,1.0,1,1
1165734,0.9999969005584717,0.9999969005584717,1.0,1,1
845449,0.5,0.5,0.5,0,0
449538,0.9999569654464722,0.9999569654464722,1.0,1,1
1628147,0.8635221719741821,0.4336391091346741,1.0,2,1
520875,0.5,0.5,0.5,0,0
1215597,0.9990229606628418,0.9990229606628418,1.0,1,1
1488304,0.5,0.5,0.5,0,0
1519029,0.5,0.5,0.5,0,0
1492609,0.9972919225692749,0.9866117238998413,1.0,2,1
614952,0.5,0.5,0.5,0,0
347862,0.6502612233161926,0.6502612233161926,1.0,1,1
464336,0.5,0.5,0.5,0,0
135223,0.7632778882980347,0.524086594581604,1.0,2,1
303050,0.5,0.5,0.5,0,0
812407,0.8569072484970093,0.8569072484970093,1.0,1,1
500628,0.5,0.5,0.5,0,0
1161408,0.9977565407752991,0.9977565407752991,1.0,1,1
794796,0.5,0.5,0.5,0,0
377524,0.9878057241439819,0.9878057241439819,1.0,1,1
1141762,0.9999953508377075,0.9998127818107605,1.0,2,1
1059475,0.9998977780342102,0.9928966164588928,1.0,2,1
857793,0.5,0.5,0.5,0,0
460358,0.7935859560966492,0.7935859560966492,1.0,1,1
375280,0.9999861717224121,0.9999861717224121,1.0,1,1
114244,0.5,0.5,0.5,0,0
913356,0.979979395866394,0.979979395866394,1.0,1,1
217810,0.9981200098991394,0.9981200098991394,1.0,1,1
580954,0.9487816095352173,0.9487816095352173,1.0,1,1
352992,0.9999234676361084,0.9999234676361084,1.0,1,1
1274692,0.9942461848258972,0.9942461848258972,1.0,1,1
1548206,0.9594351053237915,0.9594351053237915,1.0,1,1
1684942,0.5,0.5,0.5,0,0
252023,0.9999898672103882,0.9999898672103882,1.0,1,1
1152463,0.9999555349349976,0.9999555349349976,1.0,1,1
553513,0.7943761944770813,0.7943761944770813,1.0,1,1
42322,0.5,0.5,0.5,0,0
89657,0.9946079254150391,0.9946079254150391,1.0,1,1
1014137,0.5,0.5,0.5,0,0
1608423,0.5,0.5,0.5,0,0
173320,0.5,0.5,0.5,0,0
401802,0.9999531507492065,0.9999531507492065,1.0,1,1
261264,0.9971855282783508,0.987667977809906,1.0,2,1
216184,0.5,0.5,0.5,0,0
600479,0.5,0.5,0.5,0,0
1025760,0.9981182813644409,0.9981182813644409,1.0,1,1
554451,0.985005259513855,0.985005259513855,1.0,1,1
202605,0.9995986819267273,0.9995986819267273,1.0,1,1
592164,0.5,0.5,0.5,0,0
1520550,0.5,0.5,0.5,0,0
482377,0.999642550945282,0.8093475103378296,1.0,2,1
204979,0.9999879598617554,0.9999879598617554,1.0,1,1
206747,0.9997843503952026,0.8263642191886902,1.0,3,1
1532141,0.9979544878005981,0.9979544878005981,1.0,1,1
510075,0.5,0.5,0.5,0,0
151762,0.5218436121940613,0.5218436121940613,1.0,1,1
636853,0.8135030269622803,0.8135030269622803,1.0,1,1
1021598,0.5,0.5,0.5,0,0
48518,0.5,0.5,0.5,0,0
484144,0.9917190074920654,0.9917190074920654,1.0,1,1
987939,0.5,0.5,0.5,0,0
312998,0.5,0.5,0.5,0,0
591687,0.5,0.5,0.5,0,0
241107,0.5,0.5,0.5,0,0
991313,0.9999988079071045,0.9999961853027344,1.0,2,1
248196,0.9991913437843323,0.9991913437843323,1.0,1,1
359196,0.9991093873977661,0.9311711192131042,1.0,3,1
670625,0.5,0.5,0.5,0,0
1165734,0.9999969005584717,0.9999969005584717,1.0,1,1
160554,0.9999231696128845,0.9878514409065247,1.0,2,1
701835,0.5,0.5,0.5,0,0
820899,0.5,0.5,0.5,0,0
864313,0.9998133778572083,0.5439391136169434,1.0,3,1
443375,0.81345134973526,0.81345134973526,1.0,1,1
1092885,0.9796187877655029,0.7875007390975952,1.0,2,1
903662,0.5,0.5,0.5,0,0
537759,0.9738534688949585,0.4972318708896637,1.0,2,1
1183353,0.5,0.5,0.5,0,0
419698,0.6880915760993958,0.6880915760993958,1.0,1,1
138550,0.01757589541375637,0.01757589541375637,0.0,1,1
1537557,0.5,0.5,0.5,0,0
88946,0.5,0.5,0.5,0,0
43695,0.9998770952224731,0.9998770952224731,1.0,1,1
49813,0.5,0.5,0.5,0,0
403528,0.8087581396102905,0.5933485627174377,1.0,2,1
1206319,0.9646931290626526,0.9646931290626526,1.0,1,1
554451,0.985005259513855,0.985005259513855,1.0,1,1
376438,0.999988317489624,0.999988317489624,1.0,1,1
1242792,0.9935646057128906,0.7960623502731323,1.0,2,1
1528167,0.5,0.5,0.5,0,0
192711,0.9881664514541626,0.9881664514541626,1.0,1,1
1463111,0.5,0.5,0.5,0,0
1476618,0.999637246131897,0.9867379665374756,1.0,3,1
96347,0.5,0.5,0.5,0,0
323098,0.14388316869735718,0.14388316869735718,0.0,1,1
1613887,0.9999814033508301,0.9999814033508301,1.0,1,1
417903,0.5,0.5,0.5,0,0
153377,0.9956050515174866,0.9956050515174866,1.0,1,1
698765,0.5,0.5,0.5,0,0
1495429,0.5,0.5,0.5,0,0
1524994,0.9988516569137573,0.9988516569137573,1.0,1,1
590814,0.7909243106842041,0.4385685622692108,1.0,2,1
742570,0.9953516721725464,0.9953516721725464,1.0,1,1
1181829,0.9999655485153198,0.4955059885978699,1.0,3,1
77515,0.9982432126998901,0.9982432126998901,1.0,1,1
1592622,0.8032152056694031,0.8032152056694031,1.0,1,1
663692,0.5,0.5,0.5,0,0
235600,0.9978863596916199,0.9978863596916199,1.0,1,1
1119341,0.9997692704200745,0.9997692704200745,1.0,1,1
503489,0.9999974370002747,0.9953141212463379,1.0,2,1
847255,0.983911395072937,0.9818253517150879,1.0,2,1
271573,0.5,0.5,0.5,0,0
201905,0.8563518524169922,0.7172926068305969,1.0,2,1
453726,0.9995385408401489,0.9995385408401489,1.0,1,1
84648,0.5,0.5,0.5,0,0
1267131,0.5,0.5,0.5,0,0
1631028,0.8763938546180725,0.8763938546180725,1.0,1,1
1217884,0.5,0.5,0.5,0,0
294572,0.5,0.5,0.5,0,0
287374,0.5,0.5,0.5,0,0
1259323,0.5,0.5,0.5,0,0
725827,0.5,0.5,0.5,0,0
865838,0.5,0.5,0.5,0,0
53886,0.5,0.5,0.5,0,0
1186389,0.5,0.5,0.5,0,0
855006,0.5,0.5,0.5,0,0
471950,0.5,0.5,0.5,0,0
189360,0.5,0.5,0.5,0,0
315775,0.5,0.5,0.5,0,0
923042,0.5,0.5,0.5,0,0
861911,0.5,0.5,0.5,0,0
453726,0.9995385408401489,0.9995385408401489,1.0,1,1
423298,0.5,0.5,0.5,0,0
1650626,0.9999868869781494,0.7396782040596008,1.0,3,1
1086046,0.5,0.5,0.5,0,0
840136,0.9452143311500549,0.9452143311500549,1.0,1,1
1046272,0.996574878692627,0.8624634742736816,1.0,2,1
710989,0.9997697472572327,0.9997697472572327,1.0,1,1
600479,0.5,0.5,0.5,0,0
75056,0.5,0.5,0.5,0,0
230741,0.9995694756507874,0.9995694756507874,1.0,1,1
146024,0.8835659027099609,0.8835659027099609,1.0,1,1
1457575,0.3786122798919678,0.3786122798919678,0.0,1,1
848391,0.5,0.5,0.5,0,0
771489,0.5,0.5,0.5,0,0
1573554,0.8611681461334229,0.8611681461334229,1.0,1,1
121437,0.9993870258331299,0.9993870258331299,1.0,1,1
679682,0.9999926090240479,0.9292608499526978,1.0,2,1
317651,0.9998406171798706,0.9979637861251831,1.0,2,1
901891,0.7582145929336548,0.7582145929336548,1.0,1,1
367276,0.5,0.5,0.5,0,0
1548833,0.9908576607704163,0.9908576607704163,1.0,1,1
317173,0.8890868425369263,0.8890868425369263,1.0,1,1
494710,0.9997517466545105,0.9997517466545105,1.0,1,1
84493,0.3873675465583801,0.3873675465583801,0.0,1,1
1486037,0.642846405506134,0.642846405506134,1.0,1,1
220183,0.9999926090240479,0.9999097585678101,1.0,2,1
325994,0.95038902759552,0.95038902759552,1.0,1,1
1623373,0.5,0.5,0.5,0,0
525847,0.5,0.5,0.5,0,0
280398,0.5,0.5,0.5,0,0
90978,0.8430187106132507,0.8430187106132507,1.0,1,1
1262770,0.5,0.5,0.5,0,0
425901,0.973760187625885,0.9513248801231384,1.0,2,1
571773,0.9996440410614014,0.5233662724494934,1.0,2,1
123251,0.5,0.5,0.5,0,0
1683056,0.9991405606269836,0.9375848174095154,1.0,2,1
1675369,0.5,0.5,0.5,0,0
653321,0.5,0.5,0.5,0,0
1005114,0.5,0.5,0.5,0,0
60172,0.5,0.5,0.5,0,0
765729,0.9935442209243774,0.9935442209243774,1.0,1,1
1598138,0.5,0.5,0.5,0,0
920846,0.753025233745575,0.753025233745575,1.0,1,1
1570892,0.9999998807907104,0.9973819851875305,1.0,2,1
105820,0.5,0.5,0.5,0,0
655145,0.5,0.5,0.5,0,0
660271,0.9714297652244568,0.9714297652244568,1.0,1,1
1038993,0.5,0.5,0.5,0,0
298047,0.8346131443977356,0.8346131443977356,1.0,1,1
129562,0.7064438462257385,0.7064438462257385,1.0,1,1
144308,0.2811412811279297,0.2811412811279297,0.0,1,1
412247,0.5,0.5,0.5,0,0
1612264,0.5,0.5,0.5,0,0
600078,0.9911918044090271,0.9911918044090271,1.0,1,1
1684269,0.5,0.5,0.5,0,0
1093038,0.5,0.5,0.5,0,0
861889,0.5,0.5,0.5,0,0
826294,0.5,0.5,0.5,0,0
376088,0.9905734658241272,0.9905734658241272,1.0,1,1
1111552,0.5,0.5,0.5,0,0
162930,0.999716579914093,0.4998582899570465,1.0,2,1
118609,0.9971073269844055,0.9971073269844055,1.0,1,1
1260118,0.5,0.5,0.5,0,0
1124563,0.9989194869995117,0.9989194869995117,1.0,1,1
203400,0.5,0.5,0.5,0,0
1482012,0.9999923706054688,0.9999923706054688,1.0,1,1
96490,0.5,0.5,0.5,0,0
231063,0.6487008333206177,0.6401793360710144,1.0,2,1
848917,0.9874407052993774,0.9874407052993774,1.0,1,1
737630,0.5,0.5,0.5,0,0
196795,0.6696380972862244,0.6696380972862244,1.0,1,1
226961,0.5,0.5,0.5,0,0
1066655,0.6576007008552551,0.6576007008552551,1.0,1,1
314490,0.5,0.5,0.5,0,0
332136,0.9995501637458801,0.9995501637458801,1.0,1,1
212463,0.5,0.5,0.5,0,0
1072902,0.5,0.5,0.5,0,0
227764,0.9836632013320923,0.9836632013320923,1.0,1,1
223223,0.18159662187099457,0.18159662187099457,0.0,1,1
317651,0.9998406171798706,0.9979637861251831,1.0,2,1
306050,0.5,0.5,0.5,0,0
897267,0.5,0.5,0.5,0,0
686464,0.882138729095459,0.882138729095459,1.0,1,1
930518,0.7585932016372681,0.7585932016372681,1.0,1,1
379235,0.9074419736862183,0.9074419736862183,1.0,1,1
951638,0.5,0.5,0.5,0,0
420685,0.5,0.5,0.5,0,0
440348,0.9998170733451843,0.9998170733451843,1.0,1,1
1648699,0.5,0.5,0.5,0,0
687205,0.5,0.5,0.5,0,0
46852,0.7954984903335571,0.7954984903335571,1.0,1,1
282510,0.6316568851470947,0.6316568851470947,1.0,1,1
937610,0.9861564636230469,0.9861564636230469,1.0,1,1
535319,0.5,0.5,0.5,0,0
983182,0.5,0.5,0.5,0,0
270973,0.5,0.5,0.5,0,0
237398,0.9878848195075989,0.9878848195075989,1.0,1,1
186979,0.5,0.5,0.5,0,0
1621560,0.5,0.5,0.5,0,0
474915,0.5,0.5,0.5,0,0
1088346,0.9993641376495361,0.8924450874328613,1.0,2,1
180685,0.03883681446313858,0.03883681446313858,0.0,1,1
107992,0.5,0.5,0.5,0,0
1682986,0.9945658445358276,0.9945658445358276,1.0,1,1
1564169,0.5,0.5,0.5,0,0
1659999,0.5,0.5,0.5,0,0
103663,0.5,0.5,0.5,0,0
668347,0.5,0.5,0.5,0,0
390417,0.9991495609283447,0.9991495609283447,1.0,1,1
39179,0.5,0.5,0.5,0,0
218983,0.5,0.5,0.5,0,0
88946,0.5,0.5,0.5,0,0
279388,0.9994351267814636,0.9994351267814636,1.0,1,1
1686641,0.9999812841415405,0.9999812841415405,1.0,1,1
361516,0.9988162517547607,0.9988162517547607,1.0,1,1
1572447,0.9811123609542847,0.7333640456199646,1.0,2,1
218257,0.5,0.5,0.5,0,0
246957,0.5,0.5,0.5,0,0
1490807,0.5,0.5,0.5,0,0
1255585,0.5,0.5,0.5,0,0
203772,0.9966811537742615,0.9966811537742615,1.0,1,1
192240,0.5,0.5,0.5,0,0
1074253,0.966152012348175,0.966152012348175,1.0,1,1
722962,0.9998736381530762,0.9998736381530762,1.0,1,1
376140,0.9999184012413025,0.9993377327919006,1.0,2,1
99403,0.9961884617805481,0.9961884617805481,1.0,1,1
525847,0.5,0.5,0.5,0,0
69138,0.5,0.5,0.5,0,0
608254,0.5,0.5,0.5,0,0
380256,0.5,0.5,0.5,0,0
403160,0.9029665589332581,0.9029665589332581,1.0,1,1
193225,0.9991251230239868,0.7582768201828003,1.0,2,1
662031,0.5,0.5,0.5,0,0
1602948,0.9998385906219482,0.9998385906219482,1.0,1,1
768695,0.9883097410202026,0.9883097410202026,1.0,1,1
200771,0.9998961687088013,0.5431258678436279,1.0,2,1
751696,0.9999305009841919,0.9999305009841919,1.0,1,1
937610,0.9861564636230469,0.9861564636230469,1.0,1,1
1264042,0.5,0.5,0.5,0,0
613231,0.5,0.5,0.5,0,0
130699,0.5,0.5,0.5,0,0
1235793,0.5,0.5,0.5,0,0
239987,0.9381005764007568,0.9381005764007568,1.0,1,1
496906,0.9999935626983643,0.9999935626983643,1.0,1,1
189360,0.5,0.5,0.5,0,0
1450822,0.5,0.5,0.5,0,0
645521,0.5,0.5,0.5,0,0
724451,0.9998915791511536,0.9995243549346924,1.0,2,1
439296,0.9474647045135498,0.9474647045135498,1.0,1,1
205885,0.9999954700469971,0.988737940788269,1.0,2,1
486536,0.6825596690177917,0.6825596690177917,1.0,1,1
1146097,0.5,0.5,0.5,0,0
120423,0.5,0.5,0.5,0,0
1658926,0.9971879124641418,0.9971879124641418,1.0,1,1
856632,0.9997909665107727,0.9997909665107727,1.0,1,1
806347,0.5,0.5,0.5,0,0
260058,0.9937769770622253,0.8054064512252808,1.0,2,1
530185,0.5,0.5,0.5,0,0
949166,0.5,0.5,0.5,0,0
290162,0.5,0.5,0.5,0,0
370535,0.9998340606689453,0.9810855388641357,1.0,2,1
181363,0.9891602993011475,0.6978172659873962,1.0,2,1
755043,0.5,0.5,0.5,0,0
310995,0.5,0.5,0.5,0,0
750871,0.5,0.5,0.5,0,0
1549563,0.9910926222801208,0.9910926222801208,1.0,1,1
250193,0.5,0.5,0.5,0,0
357035,0.5,0.5,0.5,0,0
319140,0.923505425453186,0.923505425453186,1.0,1,1
449122,0.5,0.5,0.5,0,0
1006971,0.5,0.5,0.5,0,0
284360,0.5,0.5,0.5,0,0
1482319,0.5,0.5,0.5,0,0
1213820,0.5,0.5,0.5,0,0
627740,0.5,0.5,0.5,0,0
796336,0.5,0.5,0.5,0,0
972775,0.5,0.5,0.5,0,0
620087,0.5,0.5,0.5,0,0
187874,0.5515624284744263,0.5515624284744263,1.0,1,1
976167,0.5,0.5,0.5,0,0
1572428,0.9788034558296204,0.9788034558296204,1.0,1,1
486576,0.5,0.5,0.5,0,0
448530,0.22451356053352356,0.22451356053352356,0.0,1,1
397942,0.5,0.5,0.5,0,0
245356,0.5,0.5,0.5,0,0
677502,0.5,0.5,0.5,0,0
1135038,0.5,0.5,0.5,0,0
75414,0.5,0.5,0.5,0,0
1074388,0.9932551383972168,0.8638379573822021,1.0,2,1
1445594,0.6514919996261597,0.4907420873641968,1.0,2,1
660240,0.9999353885650635,0.9999353885650635,1.0,1,1
1188719,0.5,0.5,0.5,0,0
613552,0.5,0.5,0.5,0,0
507334,0.5,0.5,0.5,0,0
51465,0.5,0.5,0.5,0,0
914557,0.9546788334846497,0.9546788334846497,1.0,1,1
254911,0.9999834299087524,0.9999834299087524,1.0,1,1
420098,0.995763897895813,0.995763897895813,1.0,1,1
301350,0.9181110262870789,0.7304154634475708,1.0,2,1
163221,0.5,0.5,0.5,0,0
683651,0.5,0.5,0.5,0,0
242718,0.5,0.5,0.5,0,0
462000,0.5,0.5,0.5,0,0
812407,0.8569072484970093,0.8569072484970093,1.0,1,1
913404,0.5,0.5,0.5,0,0
687867,0.5,0.5,0.5,0,0
1564169,0.5,0.5,0.5,0,0
990397,0.6077213883399963,0.6077213883399963,1.0,1,1
299988,0.9943408966064453,0.5681547522544861,1.0,2,1
788965,0.999560534954071,0.999560534954071,1.0,1,1
831170,0.965986430644989,0.965986430644989,1.0,1,1
434770,0.9967480897903442,0.9967480897903442,1.0,1,1
1569984,0.999834418296814,0.999834418296814,1.0,1,1
1586989,0.9999452829360962,0.9999452829360962,1.0,1,1
561712,0.5,0.5,0.5,0,0
310331,0.9999433159828186,0.91777503490448,1.0,2,1
216024,0.5438377261161804,0.5438377261161804,1.0,1,1
1621560,0.5,0.5,0.5,0,0
1548119,0.6557709574699402,0.6557709574699402,1.0,1,1
1193352,0.8375265598297119,0.8375265598297119,1.0,1,1
403981,0.5,0.5,0.5,0,0
1026898,0.5,0.5,0.5,0,0
1285954,0.9876367449760437,0.9876367449760437,1.0,1,1
1063393,0.9999310970306396,0.9999310970306396,1.0,1,1
614952,0.5,0.5,0.5,0,0
766009,0.5,0.5,0.5,0,0
546673,0.5,0.5,0.5,0,0
811448,0.9943934679031372,0.9943934679031372,1.0,1,1
1083209,0.5,0.5,0.5,0,0
791163,0.14987225830554962,0.14987225830554962,0.0,1,1
341092,0.5,0.5,0.5,0,0
945312,0.5,0.5,0.5,0,0
102395,0.746191680431366,0.746191680431366,1.0,1,1
88994,0.9996967315673828,0.7953643798828125,1.0,2,1
343905,0.5,0.5,0.5,0,0
388476,0.9999191164970398,0.99937504529953,1.0,2,1
1561698,0.9491802453994751,0.8844033479690552,1.0,3,1
838740,0.9999327659606934,0.9999327659606934,1.0,1,1
933031,0.9999599456787109,0.9999599456787109,1.0,1,1
483495,0.5,0.5,0.5,0,0
46469,0.5,0.5,0.5,0,0
101845,0.998568058013916,0.998568058013916,1.0,1,1
941348,0.9998319149017334,0.9998319149017334,1.0,1,1
700393,0.9425285458564758,0.9425285458564758,1.0,1,1
225089,0.9972053170204163,0.9972053170204163,1.0,1,1
997813,0.9968278408050537,0.5987547636032104,1.0,2,1
1055928,0.5,0.5,0.5,0,0
80358,0.5,0.5,0.5,0,0
264421,0.5,0.5,0.5,0,0
616449,0.5,0.5,0.5,0,0
300729,0.5,0.5,0.5,0,0
1470359,0.5,0.5,0.5,0,0
534526,0.8334710597991943,0.8334710597991943,1.0,1,1
431633,0.5,0.5,0.5,0,0
841811,0.5,0.5,0.5,0,0
1550943,0.5,0.5,0.5,0,0
823259,0.5,0.5,0.5,0,0
582104,0.9995667338371277,0.9227694272994995,1.0,2,1
376438,0.999988317489624,0.999988317489624,1.0,1,1
542372,0.5,0.5,0.5,0,0
90300,0.9969862103462219,0.9969862103462219,1.0,1,1
1670392,0.9988237023353577,0.9544914364814758,1.0,2,1
1602936,0.5,0.5,0.5,0,0
328247,0.8099493384361267,0.8099493384361267,1.0,1,1
215030,0.5,0.5,0.5,0,0
1522425,0.5,0.5,0.5,0,0
674342,0.5,0.5,0.5,0,0
431633,0.5,0.5,0.5,0,0
1077496,0.5,0.5,0.5,0,0
1051452,0.9983250498771667,0.9983250498771667,1.0,1,1
485454,0.5,0.5,0.5,0,0
920951,0.5,0.5,0.5,0,0
1626364,0.5,0.5,0.5,0,0
385340,0.5,0.5,0.5,0,0
1628525,0.5,0.5,0.5,0,0
311570,0.5,0.5,0.5,0,0
79115,0.7606216669082642,0.7606216669082642,1.0,1,1
948099,0.5,0.5,0.5,0,0
1099202,0.5,0.5,0.5,0,0
137898,0.5,0.5,0.5,0,0
1658122,0.5,0.5,0.5,0,0
1624635,0.5,0.5,0.5,0,0
199337,0.6505823731422424,0.6505823731422424,1.0,1,1
243085,0.9994930028915405,0.9994930028915405,1.0,1,1
345455,0.5,0.5,0.5,0,0
88994,0.9996967315673828,0.7953643798828125,1.0,2,1
208674,0.9997825026512146,0.6175467371940613,1.0,2,1
80358,0.5,0.5,0.5,0,0
849929,0.9999130964279175,0.9696893692016602,1.0,2,1
439834,0.5,0.5,0.5,0,0
438354,0.5,0.5,0.5,0,0
1616597,0.5,0.5,0.5,0,0
411159,0.9999626874923706,0.9999626874923706,1.0,1,1
1228948,0.5,0.5,0.5,0,0
657691,0.5,0.5,0.5,0,0
1648060,0.5,0.5,0.5,0,0
721078,0.9974055290222168,0.9971875548362732,1.0,2,1
1094972,0.5,0.5,0.5,0,0
535312,0.9999297857284546,0.9999297857284546,1.0,1,1
995405,0.9134120345115662,0.9134120345115662,1.0,1,1
238137,0.9484506845474243,0.9484506845474243,1.0,1,1
175691,0.9770153760910034,0.640164315700531,1.0,2,1
606212,0.5,0.5,0.5,0,0
856729,0.5,0.5,0.5,0,0
1478261,0.9999070167541504,0.9999070167541504,1.0,1,1
1215779,0.9998679757118225,0.8652634620666504,1.0,3,1
224518,0.9220520257949829,0.9220520257949829,1.0,1,1
1251255,0.5,0.5,0.5,0,0
1270788,0.9995654225349426,0.8552508354187012,1.0,3,1
674342,0.5,0.5,0.5,0,0
54859,0.5,0.5,0.5,0,0
355925,0.9445760250091553,0.9445760250091553,1.0,1,1
1213820,0.5,0.5,0.5,0,0
120229,0.5,0.5,0.5,0,0
1086311,0.5,0.5,0.5,0,0
175646,0.749299168586731,0.749299168586731,1.0,1,1
136994,0.2166043519973755,0.2166043519973755,0.0,1,1
65443,0.9983623623847961,0.9983623623847961,1.0,1,1
452802,0.9999452829360962,0.9999452829360962,1.0,1,1
305350,0.9585621953010559,0.9585621953010559,1.0,1,1
425632,0.5,0.5,0.5,0,0
583736,0.5,0.5,0.5,0,0
102288,0.5,0.5,0.5,0,0
626346,0.5,0.5,0.5,0,0
210357,0.9781216382980347,0.791115939617157,1.0,2,1
992579,0.5,0.5,0.5,0,0
416334,0.5,0.5,0.5,0,0
1646657,0.999828577041626,0.999828577041626,1.0,1,1
373041,0.9803766012191772,0.9803766012191772,1.0,1,1
681244,0.5,0.5,0.5,0,0
259149,0.5,0.5,0.5,0,0
658566,0.5,0.5,0.5,0,0
520847,0.9995675683021545,0.9995675683021545,1.0,1,1
680309,0.5,0.5,0.5,0,0
1614360,0.9990624785423279,0.9990624785423279,1.0,1,1
1541395,0.9998974204063416,0.8744160532951355,1.0,3,1
46489,0.5,0.5,0.5,0,0
1583814,0.3640190660953522,0.3640190660953522,0.0,1,1
306050,0.5,0.5,0.5,0,0
1088346,0.9993641376495361,0.8924450874328613,1.0,2,1
855267,0.9998093247413635,0.9998093247413635,1.0,1,1
1285954,0.9876367449760437,0.9876367449760437,1.0,1,1
853279,0.5,0.5,0.5,0,0
211650,0.9999322891235352,0.9999322891235352,1.0,1,1
1006971,0.5,0.5,0.5,0,0
629994,0.26992979645729065,0.26992979645729065,0.0,1,1
573133,0.9974057674407959,0.9499098062515259,1.0,2,1
1013394,0.9796004891395569,0.9796004891395569,1.0,1,1
1259108,0.5,0.5,0.5,0,0
1619277,0.8911261558532715,0.8911261558532715,1.0,1,1
238279,0.9999960660934448,0.9997665286064148,1.0,2,1
306927,0.8629624843597412,0.8629624843597412,1.0,1,1
1253426,0.9996205568313599,0.9994217157363892,1.0,2,1
173320,0.5,0.5,0.5,0,0
92318,0.371638685464859,0.371638685464859,0.0,1,1
1267526,0.9999957084655762,0.9999957084655762,1.0,1,1
1149567,0.5,0.5,0.5,0,0
77285,0.9552969932556152,0.9552969932556152,1.0,1,1
945546,0.5447186231613159,0.5447186231613159,1.0,1,1
855743,0.9992080330848694,0.569312572479248,1.0,2,1
262787,0.9999886751174927,0.9999886751174927,1.0,1,1
1517385,0.9990332126617432,0.9983918070793152,1.0,2,1
210409,0.01600820943713188,0.01600820943713188,0.0,1,1
624165,0.5,0.5,0.5,0,0
137963,0.9999953508377075,0.9999953508377075,1.0,1,1
164030,0.8432263135910034,0.6206914186477661,1.0,2,1
390417,0.9991495609283447,0.9991495609283447,1.0,1,1
239093,0.5,0.5,0.5,0,0
1660616,0.5,0.5,0.5,0,0
618616,0.7124729156494141,0.7124729156494141,1.0,1,1
52710,0.6694456934928894,0.5683587789535522,1.0,2,1
259707,0.9628223776817322,0.9628223776817322,1.0,1,1
1225079,0.5,0.5,0.5,0,0
833253,0.5,0.5,0.5,0,0
1164357,0.9999860525131226,0.9999860525131226,1.0,1,1
1246294,0.8963105082511902,0.8065931797027588,1.0,2,1
1241401,0.5,0.5,0.5,0,0
1448097,0.5,0.5,0.5,0,0
1627250,0.5476258993148804,0.5108457803726196,1.0,2,1
960293,0.5,0.5,0.5,0,0
1591708,0.5,0.5,0.5,0,0
494029,0.9981538653373718,0.9981538653373718,1.0,1,1
1483701,0.5,0.5,0.5,0,0
219791,0.5,0.5,0.5,0,0
303050,0.5,0.5,0.5,0,0
427063,0.9999890327453613,0.9999890327453613,1.0,1,1
1611344,0.5,0.5,0.5,0,0
296416,0.9999953508377075,0.9999953508377075,1.0,1,1
530886,0.5,0.5,0.5,0,0
91786,0.5,0.5,0.5,0,0
783946,0.5,0.5,0.5,0,0
919315,0.9447987079620361,0.93462073802948,1.0,2,1
1642637,0.5,0.5,0.5,0,0
770507,0.9999740123748779,0.9999740123748779,1.0,1,1
364816,0.5,0.5,0.5,0,0
762399,0.3432435989379883,0.22828660905361176,0.0,2,1
1083236,0.5,0.5,0.5,0,0
831741,0.5,0.5,0.5,0,0
1523952,0.9997826814651489,0.9874064326286316,1.0,2,1
118255,0.5,0.5,0.5,0,0
169148,0.5,0.5,0.5,0,0
377586,0.9970086812973022,0.9819706678390503,1.0,2,1
351580,0.9822655916213989,0.9822655916213989,1.0,1,1
565940,0.5,0.5,0.5,0,0
260427,0.5,0.5,0.5,0,0
438884,0.5,0.5,0.5,0,0
1506178,0.5,0.5,0.5,0,0
380674,0.9387425184249878,0.9387425184249878,1.0,1,1
421639,0.5,0.5,0.5,0,0
74189,0.5,0.5,0.5,0,0
102047,0.9998151659965515,0.9997909665107727,1.0,2,1
1666717,0.9998111128807068,0.9998111128807068,1.0,1,1
373041,0.9803766012191772,0.9803766012191772,1.0,1,1
565940,0.5,0.5,0.5,0,0
914557,0.9546788334846497,0.9546788334846497,1.0,1,1
164456,0.7362735867500305,0.7362735867500305,1.0,1,1
1576873,0.024374036118388176,0.024374036118388176,0.0,1,1
46134,0.900723397731781,0.900723397731781,1.0,1,1
313933,0.5,0.5,0.5,0,0
1499057,0.5,0.5,0.5,0,0
1547074,0.9978415966033936,0.9978415966033936,1.0,1,1
1468032,0.4568742513656616,0.4568742513656616,0.0,1,1
1577931,0.5,0.5,0.5,0,0
1510097,0.9910417795181274,0.6937538981437683,1.0,3,1
41202,0.5,0.5,0.5,0,0
858820,0.5,0.5,0.5,0,0
1047905,0.942306637763977,0.942306637763977,1.0,1,1
141734,0.5,0.5,0.5,0,0
1620165,0.5,0.5,0.5,0,0
1031798,0.5,0.5,0.5,0,0
171186,0.5,0.5,0.5,0,0
1226568,0.9999767541885376,0.7275036573410034,1.0,3,1
458242,0.5,0.5,0.5,0,0
266149,0.9999987483024597,0.9996664524078369,1.0,2,1
190627,0.5,0.5,0.5,0,0
1149877,0.9933077096939087,0.9933077096939087,1.0,1,1
330465,0.9999116659164429,0.9942594766616821,1.0,2,1
1051906,0.7379082441329956,0.7379082441329956,1.0,1,1
389822,0.5,0.5,0.5,0,0
392946,0.992673397064209,0.7242669463157654,1.0,2,1
1091544,0.9998760223388672,0.9998760223388672,1.0,1,1
1510536,0.9992722868919373,0.9992722868919373,1.0,1,1
656910,0.5,0.5,0.5,0,0
965694,0.5,0.5,0.5,0,0
108093,0.9362646341323853,0.9362646341323853,1.0,1,1
339787,0.5,0.5,0.5,0,0
1488401,0.9866349697113037,0.5686444044113159,1.0,2,1
1250024,0.6855560541152954,0.6855560541152954,1.0,1,1
1559121,0.9921750426292419,0.9921750426292419,1.0,1,1
164880,0.27585020661354065,0.27585020661354065,0.0,1,1
530928,0.9824036359786987,0.9824036359786987,1.0,1,1
590580,0.9999685287475586,0.8161933422088623,1.0,2,1
136112,0.9990146160125732,0.9990146160125732,1.0,1,1
982562,0.5,0.5,0.5,0,0
1013008,0.7766386866569519,0.7766386866569519,1.0,1,1
548914,0.5,0.5,0.5,0,0
510890,0.999996542930603,0.999996542930603,1.0,1,1
1072771,0.9999648332595825,0.9992662072181702,1.0,2,1
1600508,0.9998002648353577,0.8623253703117371,1.0,2,1
936714,0.9992992281913757,0.5826987624168396,1.0,2,1
304042,0.9963546991348267,0.9963546991348267,1.0,1,1
452802,0.9999452829360962,0.9999452829360962,1.0,1,1
1078423,0.5,0.5,0.5,0,0
416763,0.5,0.5,0.5,0,0
996914,0.5,0.5,0.5,0,0
1243306,0.5,0.5,0.5,0,0
189337,0.5,0.5,0.5,0,0
297507,0.5,0.5,0.5,0,0
1470359,0.5,0.5,0.5,0,0
914654,0.5,0.5,0.5,0,0
549796,0.5,0.5,0.5,0,0
1250700,0.5082327723503113,0.5082327723503113,1.0,1,1
234647,0.8618572354316711,0.6425366401672363,1.0,2,1
1686641,0.9999812841415405,0.9999812841415405,1.0,1,1
382549,0.5,0.5,0.5,0,0
264605,0.5,0.5,0.5,0,0
133847,0.5,0.5,0.5,0,0
698280,0.5,0.5,0.5,0,0
1599792,0.8537423014640808,0.8537423014640808,1.0,1,1
1625637,0.9816150665283203,0.5397528409957886,1.0,2,1
672583,0.5,0.5,0.5,0,0
1544161,0.9986422061920166,0.647102415561676,1.0,2,1
295092,0.9999971389770508,0.9999971389770508,1.0,1,1
361378,0.8190199136734009,0.7950016856193542,1.0,2,1
602551,0.3081953227519989,0.3081953227519989,0.0,1,1
1617530,0.5,0.5,0.5,0,0
169439,0.9957947731018066,0.9957947731018066,1.0,1,1
1151672,0.5,0.5,0.5,0,0
1475202,0.5,0.5,0.5,0,0
1193924,0.6195906400680542,0.6195906400680542,1.0,1,1
63725,0.5,0.5,0.5,0,0
617566,0.5,0.5,0.5,0,0
747403,0.7490184903144836,0.5993356704711914,1.0,2,1
737630,0.5,0.5,0.5,0,0
1522425,0.5,0.5,0.5,0,0
1046952,0.9980760812759399,0.9980760812759399,1.0,1,1
970769,0.26224377751350403,0.26224377751350403,0.0,1,1
48260,0.441784530878067,0.2591440975666046,0.0,2,1
234290,0.5,0.5,0.5,0,0
352422,0.8905177712440491,0.8905177712440491,1.0,1,1
973453,0.5,0.5,0.5,0,0
1017079,0.5,0.5,0.5,0,0
451046,0.7195631861686707,0.7035183310508728,1.0,2,1
799744,0.5,0.5,0.5,0,0
313168,0.5,0.5,0.5,0,0
605604,0.9945693016052246,0.9945693016052246,1.0,1,1
966527,0.5,0.5,0.5,0,0
792678,0.5,0.5,0.5,0,0
671084,0.9892743229866028,0.9892743229866028,1.0,1,1
1046751,0.5,0.5,0.5,0,0
1006681,0.950377881526947,0.950377881526947,1.0,1,1
1073835,0.5,0.5,0.5,0,0
989765,0.5,0.5,0.5,0,0
140934,0.993179202079773,0.993179202079773,1.0,1,1
218200,0.5,0.5,0.5,0,0
194096,0.9997995495796204,0.9997995495796204,1.0,1,1
1531207,0.9933894872665405,0.9933894872665405,1.0,1,1
153414,0.999911367893219,0.9516958594322205,1.0,2,1
272810,0.5,0.5,0.5,0,0
739015,0.5,0.5,0.5,0,0
978953,0.9912030696868896,0.9912030696868896,1.0,1,1
637554,0.5,0.5,0.5,0,0
1598421,0.8648816347122192,0.8648816347122192,1.0,1,1
1511377,0.5977993607521057,0.5977993607521057,1.0,1,1
662402,0.5,0.5,0.5,0,0
39668,0.29736870527267456,0.29736870527267456,0.0,1,1
223008,0.9933599829673767,0.9933599829673767,1.0,1,1
613398,0.5,0.5,0.5,0,0
934302,0.7728536128997803,0.7728536128997803,1.0,1,1
1002021,0.999948263168335,0.999948263168335,1.0,1,1
844596,0.5,0.5,0.5,0,0
556458,0.9788308143615723,0.4445967972278595,1.0,3,1
220020,0.9977113008499146,0.9977113008499146,1.0,1,1
299988,0.9943408966064453,0.5681547522544861,1.0,2,1
526774,0.5,0.5,0.5,0,0
299059,0.8881248831748962,0.8881248831748962,1.0,1,1
729151,0.5,0.5,0.5,0,0
364816,0.5,0.5,0.5,0,0
1256634,0.11663798242807388,0.11663798242807388,0.0,1,1
866497,0.5,0.5,0.5,0,0
1182822,0.5,0.5,0.5,0,0
208017,0.1291886568069458,0.1291886568069458,0.0,1,1
690823,0.5,0.5,0.5,0,0
192776,0.4691304862499237,0.4691304862499237,0.0,1,1
668216,0.5,0.5,0.5,0,0
986640,0.9852461218833923,0.9852461218833923,1.0,1,1
975409,0.5,0.5,0.5,0,0
1473470,0.9996328353881836,0.9909921884536743,1.0,2,1
908157,0.5,0.5,0.5,0,0
1643867,0.5,0.5,0.5,0,0
1243884,0.9948780536651611,0.9948780536651611,1.0,1,1
483602,0.5,0.5,0.5,0,0
41533,0.5,0.5,0.5,0,0
807402,0.5,0.5,0.5,0,0
1254909,0.5,0.5,0.5,0,0
787129,0.5,0.5,0.5,0,0
1531287,0.9922798871994019,0.9922798871994019,1.0,1,1
203096,0.5,0.5,0.5,0,0
348823,0.9981366395950317,0.9981366395950317,1.0,1,1
193796,0.5,0.5,0.5,0,0
845449,0.5,0.5,0.5,0,0
1475398,0.5,0.5,0.5,0,0
960780,0.5,0.5,0.5,0,0
104359,0.5,0.5,0.5,0,0
184033,0.5,0.5,0.5,0,0
257811,0.9999980926513672,0.9723032116889954,1.0,2,1
1515888,0.9486100673675537,0.8906171321868896,1.0,2,1
908184,0.22057484090328217,0.22057484090328217,0.0,1,1
1560998,0.9090107083320618,0.9090107083320618,1.0,1,1
262623,0.5,0.5,0.5,0,0
1595629,0.5,0.5,0.5,0,0
1036334,0.5,0.5,0.5,0,0
142954,0.9998716115951538,0.9998716115951538,1.0,1,1
466876,0.998584508895874,0.998584508895874,1.0,1,1
66062,0.9998944997787476,0.4987156093120575,1.0,3,1
281343,0.5,0.5,0.5,0,0
591613,0.9998195171356201,0.505384087562561,1.0,2,1
509686,0.5,0.5,0.5,0,0
154406,0.7987703680992126,0.7987703680992126,1.0,1,1
1568697,0.9993782043457031,0.9993782043457031,1.0,1,1
626814,0.5,0.5,0.5,0,0
42749,0.006581916473805904,0.006581916473805904,0.0,1,1
62782,0.9446901679039001,0.9446901679039001,1.0,1,1
273939,0.920447826385498,0.920447826385498,1.0,1,1
262623,0.5,0.5,0.5,0,0
290352,0.5,0.5,0.5,0,0
120287,0.9982100129127502,0.9851787686347961,1.0,3,1
717607,0.9885755181312561,0.9794649481773376,1.0,2,1
316347,0.5,0.5,0.5,0,0
777849,0.5,0.5,0.5,0,0
980583,0.5,0.5,0.5,0,0
639820,0.5,0.5,0.5,0,0
321056,0.5,0.5,0.5,0,0
248663,0.5,0.5,0.5,0,0
632831,0.5,0.5,0.5,0,0
759038,0.9994795322418213,0.9965264201164246,1.0,2,1
260225,0.5,0.5,0.5,0,0
446872,0.5,0.5,0.5,0,0
457701,0.9484614133834839,0.9484614133834839,1.0,1,1
1003523,0.8368096351623535,0.8368096351623535,1.0,1,1
375881,0.5,0.5,0.5,0,0
1602936,0.5,0.5,0.5,0,0
860413,0.5,0.5,0.5,0,0
628331,0.9999940395355225,0.9936259984970093,1.0,2,1
332489,0.9942300319671631,0.9942300319671631,1.0,1,1
1649275,0.5,0.5,0.5,0,0
1133799,0.5,0.5,0.5,0,0
415626,0.94227534532547,0.94227534532547,1.0,1,1
779461,0.9974042773246765,0.9974042773246765,1.0,1,1
1036275,0.9997959136962891,0.7590526938438416,1.0,2,1
1676283,0.998988151550293,0.9986931681632996,1.0,2,1
1615140,0.5,0.5,0.5,0,0
861524,0.9991616010665894,0.9991616010665894,1.0,1,1
42917,0.5,0.5,0.5,0,0
1635750,0.9993822574615479,0.9993822574615479,1.0,1,1
362724,0.5,0.5,0.5,0,0
418397,0.5,0.5,0.5,0,0
931282,0.5,0.5,0.5,0,0
710989,0.9997697472572327,0.9997697472572327,1.0,1,1
218983,0.5,0.5,0.5,0,0
332489,0.9942300319671631,0.9942300319671631,1.0,1,1
642814,0.9998968839645386,0.6804746985435486,1.0,2,1
274237,0.5,0.5,0.5,0,0
259149,0.5,0.5,0.5,0,0
1225972,0.5,0.5,0.5,0,0
834697,0.9951938390731812,0.7693876624107361,1.0,2,1
208742,0.9963638186454773,0.8989200592041016,1.0,3,1
1203288,0.5,0.5,0.5,0,0
184905,0.5,0.5,0.5,0,0
957837,0.9999746084213257,0.9999746084213257,1.0,1,1
1528426,0.9999408721923828,0.9999408721923828,1.0,1,1
1480527,0.5,0.5,0.5,0,0
834697,0.9951938390731812,0.7693876624107361,1.0,2,1
49813,0.5,0.5,0.5,0,0
820481,0.5,0.5,0.5,0,0
617153,0.5,0.5,0.5,0,0
327789,0.9735751152038574,0.5884009003639221,1.0,2,1
155656,0.5,0.5,0.5,0,0
829463,0.9999496936798096,0.625426709651947,1.0,2,1
941392,0.5,0.5,0.5,0,0
941008,0.9703364372253418,0.9703364372253418,1.0,1,1
1566287,0.9961112141609192,0.9961112141609192,1.0,1,1
73272,0.5,0.5,0.5,0,0
208017,0.1291886568069458,0.1291886568069458,0.0,1,1
357524,0.5,0.5,0.5,0,0
1082072,0.8150334358215332,0.8150334358215332,1.0,1,1
746472,0.9973112344741821,0.9973112344741821,1.0,1,1
1603890,0.9586948752403259,0.9586948752403259,1.0,1,1
882480,0.5,0.5,0.5,0,0
1566044,0.9999824166297913,0.9464722275733948,1.0,2,1
766581,0.9984599351882935,0.9984599351882935,1.0,1,1
1474270,0.11416033655405045,0.11416033655405045,0.0,1,1
1027672,0.9985036849975586,0.9985036849975586,1.0,1,1
1168614,0.7616849541664124,0.7616849541664124,1.0,1,1
1499057,0.5,0.5,0.5,0,0
265397,0.5,0.5,0.5,0,0
1530838,0.5,0.5,0.5,0,0
433039,0.5,0.5,0.5,0,0
286910,0.5,0.5,0.5,0,0
48539,0.8219943046569824,0.5616933107376099,1.0,2,1
230592,0.9928473830223083,0.9928473830223083,1.0,1,1
924402,0.5,0.5,0.5,0,0
626067,0.6749075055122375,0.6749075055122375,1.0,1,1
833117,0.20204328000545502,0.20204328000545502,0.0,1,1
755143,0.5,0.5,0.5,0,0
458208,0.5,0.5,0.5,0,0
1522244,0.5,0.5,0.5,0,0
1038590,0.996504545211792,0.996504545211792,1.0,1,1
65443,0.9983623623847961,0.9983623623847961,1.0,1,1
762399,0.3432435989379883,0.22828660905361176,0.0,2,1
151762,0.5218436121940613,0.5218436121940613,1.0,1,1
233330,0.9999996423721313,0.9999996423721313,1.0,1,1
760198,0.9995865821838379,0.9989656209945679,1.0,2,1
548995,0.5,0.5,0.5,0,0
1626364,0.5,0.5,0.5,0,0
1068270,0.8791987895965576,0.8791987895965576,1.0,1,1
1452520,0.9987335801124573,0.9987335801124573,1.0,1,1
312192,0.9999849200248718,0.9998576641082764,1.0,2,1
297473,0.5,0.5,0.5,0,0
530928,0.9824036359786987,0.9824036359786987,1.0,1,1
275566,0.9355114102363586,0.9355114102363586,1.0,1,1
1199877,0.49085408449172974,0.49085408449172974,0.0,1,1
1210707,0.5,0.5,0.5,0,0
557123,0.5,0.5,0.5,0,0
673726,0.5,0.5,0.5,0,0
736701,0.5377201437950134,0.5377201437950134,1.0,1,1
612934,0.5,0.5,0.5,0,0
238764,0.9994630813598633,0.995804488658905,1.0,2,1
287374,0.5,0.5,0.5,0,0
1141076,0.9998125433921814,0.9998125433921814,1.0,1,1
418993,0.5,0.5,0.5,0,0
765550,0.5,0.5,0.5,0,0
207217,0.9341493844985962,0.9341493844985962,1.0,1,1
1108512,0.9999703764915466,0.9502124786376953,1.0,3,1
513164,0.9938395619392395,0.9938395619392395,1.0,1,1
1560981,0.5,0.5,0.5,0,0
684532,0.5,0.5,0.5,0,0
442846,0.5,0.5,0.5,0,0
1215929,0.5,0.5,0.5,0,0
1046155,0.5,0.5,0.5,0,0
947709,0.5,0.5,0.5,0,0
429508,0.5,0.5,0.5,0,0
39999,0.5,0.5,0.5,0,0
796336,0.5,0.5,0.5,0,0
626082,0.5,0.5,0.5,0,0
672278,0.5,0.5,0.5,0,0
1580201,0.9753146171569824,0.6024860143661499,1.0,3,1
240653,0.9998752474784851,0.9903398156166077,1.0,2,1
923013,0.5,0.5,0.5,0,0
956854,0.9961563944816589,0.9961563944816589,1.0,1,1
711622,0.5,0.5,0.5,0,0
1101686,0.9983140230178833,0.42734795808792114,1.0,3,1
1003523,0.8368096351623535,0.8368096351623535,1.0,1,1
74189,0.5,0.5,0.5,0,0
235782,0.7163382172584534,0.5052016973495483,1.0,2,1
263090,0.9693709015846252,0.6535237431526184,1.0,2,1
1502673,0.9961751699447632,0.9961751699447632,1.0,1,1
338849,0.5,0.5,0.5,0,0
141815,0.5,0.5,0.5,0,0
1005682,0.9899277091026306,0.9899277091026306,1.0,1,1
189337,0.5,0.5,0.5,0,0
1605186,0.2479214370250702,0.2479214370250702,0.0,1,1
799744,0.5,0.5,0.5,0,0
1461630,0.5,0.5,0.5,0,0
1043352,0.8250913619995117,0.8250913619995117,1.0,1,1
869718,0.5,0.5,0.5,0,0
1512391,0.5,0.5,0.5,0,0
526351,0.5,0.5,0.5,0,0
1161408,0.9977565407752991,0.9977565407752991,1.0,1,1
1588199,0.9960842132568359,0.9960842132568359,1.0,1,1
462000,0.5,0.5,0.5,0,0
154871,0.9357044696807861,0.47193512320518494,1.0,3,1
524082,0.5,0.5,0.5,0,0
983998,0.5,0.5,0.5,0,0
616606,0.9912030696868896,0.6976554989814758,1.0,4,1
1210994,0.5,0.5,0.5,0,0
156334,0.5,0.5,0.5,0,0
545353,0.5,0.5,0.5,0,0
788965,0.999560534954071,0.999560534954071,1.0,1,1
750473,0.9090504050254822,0.9090504050254822,1.0,1,1
895934,0.5,0.5,0.5,0,0
847466,0.5,0.5,0.5,0,0
965142,0.9980541467666626,0.9980541467666626,1.0,1,1
63725,0.5,0.5,0.5,0,0
339752,0.9999607801437378,0.9999607801437378,1.0,1,1
947053,0.9544224739074707,0.923183023929596,1.0,2,1
1632990,0.9998866319656372,0.9998866319656372,1.0,1,1
167184,0.9998058676719666,0.9990870952606201,1.0,2,1
133190,0.8392585515975952,0.8392585515975952,1.0,1,1
951638,0.5,0.5,0.5,0,0
1543096,0.5,0.5,0.5,0,0
1040435,0.5,0.5,0.5,0,0
143953,0.28855401277542114,0.28855401277542114,0.0,1,1
1640927,0.9997205138206482,0.8855699896812439,1.0,2,1
1475398,0.5,0.5,0.5,0,0
248397,0.5,0.5,0.5,0,0
454291,0.9998005032539368,0.9998005032539368,1.0,1,1
829830,0.9037119150161743,0.9037119150161743,1.0,1,1
179575,0.9958009123802185,0.9958009123802185,1.0,1,1
1488401,0.9866349697113037,0.5686444044113159,1.0,2,1
321056,0.5,0.5,0.5,0,0
625470,0.5,0.5,0.5,0,0
235600,0.9978863596916199,0.9978863596916199,1.0,1,1
1225972,0.5,0.5,0.5,0,0
699027,0.9973999261856079,0.9256642460823059,1.0,2,1
313717,0.5131088495254517,0.5131088495254517,1.0,1,1
142728,0.9918198585510254,0.9918198585510254,1.0,1,1
78322,0.5,0.5,0.5,0,0
668444,0.9998643398284912,0.9079095721244812,1.0,2,1
289391,0.5,0.5,0.5,0,0
376150,0.9920819997787476,0.9920819997787476,1.0,1,1
41443,0.9999330639839172,0.9451696872711182,1.0,2,1
1489349,0.5,0.5,0.5,0,0
957837,0.9999746084213257,0.9999746084213257,1.0,1,1
865318,0.5,0.5,0.5,0,0
1601962,0.9852649569511414,0.9852649569511414,1.0,1,1
1523497,0.5,0.5,0.5,0,0
1666022,0.9925476908683777,0.9925476908683777,1.0,1,1
1205978,0.9999637007713318,0.9983750581741333,1.0,2,1
248663,0.5,0.5,0.5,0,0
180809,0.5,0.5,0.5,0,0
1023424,0.9508923888206482,0.9508923888206482,1.0,1,1
1083128,0.9367610812187195,0.5990990400314331,1.0,2,1
861129,0.09496762603521347,0.09496762603521347,0.0,1,1
1524660,0.9999936819076538,0.9999936819076538,1.0,1,1
1452706,0.5,0.5,0.5,0,0
620242,0.9999862909317017,0.9999862909317017,1.0,1,1
592065,0.9984908103942871,0.7423810362815857,1.0,2,1
396611,0.9995299577713013,0.8408352732658386,1.0,2,1
1123466,0.6719204187393188,0.6719204187393188,1.0,1,1
419491,0.5,0.5,0.5,0,0
1053567,0.5,0.5,0.5,0,0
400247,0.5,0.5,0.5,0,0
495900,0.5,0.5,0.5,0,0
1566287,0.9961112141609192,0.9961112141609192,1.0,1,1
983997,0.5,0.5,0.5,0,0
1642624,0.5,0.5,0.5,0,0
716865,0.9996371269226074,0.9963751435279846,1.0,2,1
201375,0.5,0.5,0.5,0,0
401115,0.5,0.5,0.5,0,0
671216,0.5,0.5,0.5,0,0
153137,0.9996680021286011,0.9751899242401123,1.0,3,1
898374,0.5,0.5,0.5,0,0
639016,0.5,0.5,0.5,0,0
891669,0.5,0.5,0.5,0,0
424619,0.9974290728569031,0.9974290728569031,1.0,1,1
60996,0.999980628490448,0.9999657869338989,1.0,2,1
930758,0.999473512172699,0.999473512172699,1.0,1,1
1141762,0.9999953508377075,0.9998127818107605,1.0,2,1
230206,0.5,0.5,0.5,0,0
1648699,0.5,0.5,0.5,0,0
364050,0.782563328742981,0.782563328742981,1.0,1,1
576385,0.9994727969169617,0.9994727969169617,1.0,1,1
160554,0.9999231696128845,0.9878514409065247,1.0,2,1
270796,0.5,0.5,0.5,0,0
217683,0.5,0.5,0.5,0,0
460817,0.5,0.5,0.5,0,0
382769,0.9997270703315735,0.9997270703315735,1.0,1,1
455041,0.999976396560669,0.9965553283691406,1.0,2,1
109757,0.47601935267448425,0.34952473640441895,0.0,2,1
129794,0.5,0.5,0.5,0,0
71814,0.5,0.5,0.5,0,0
1625637,0.9816150665283203,0.5397528409957886,1.0,2,1
245999,0.5,0.5,0.5,0,0
349936,0.5,0.5,0.5,0,0
1593033,0.9999790191650391,0.9999790191650391,1.0,1,1
576151,0.9999994039535522,0.9644473791122437,1.0,2,1
109168,0.9999002814292908,0.9910586476325989,1.0,2,1
1535419,0.999775230884552,0.999775230884552,1.0,1,1
194712,0.9924378991127014,0.9924378991127014,1.0,1,1
211742,0.9617699384689331,0.6706414222717285,1.0,2,1
1500543,0.5,0.5,0.5,0,0
569120,0.5,0.5,0.5,0,0
1560775,0.5,0.5,0.5,0,0
506886,0.8881736993789673,0.8881736993789673,1.0,1,1
126404,0.5,0.5,0.5,0,0
1445594,0.6514919996261597,0.4907420873641968,1.0,2,1
716183,0.5,0.5,0.5,0,0
960780,0.5,0.5,0.5,0,0
406745,0.5,0.5,0.5,0,0
960076,0.9926244616508484,0.9926244616508484,1.0,1,1
416897,0.5,0.5,0.5,0,0
752487,0.5,0.5,0.5,0,0
977157,0.8732588291168213,0.8732588291168213,1.0,1,1
144308,0.2811412811279297,0.2811412811279297,0.0,1,1
232821,0.5,0.5,0.5,0,0
69654,0.9959057569503784,0.9959057569503784,1.0,1,1
686329,0.5,0.5,0.5,0,0
778614,0.5,0.5,0.5,0,0
216024,0.5438377261161804,0.5438377261161804,1.0,1,1
436967,0.9996483325958252,0.9996483325958252,1.0,1,1
1581945,0.9998183250427246,0.674216628074646,1.0,2,1
606138,0.9942679405212402,0.9942679405212402,1.0,1,1
1528426,0.9999408721923828,0.9999408721923828,1.0,1,1
1627111,0.5,0.5,0.5,0,0
497898,0.5,0.5,0.5,0,0
1243856,0.9975584745407104,0.9975584745407104,1.0,1,1
1517385,0.9990332126617432,0.9983918070793152,1.0,2,1
368536,0.999060332775116,0.999060332775116,1.0,1,1
350027,0.5375575423240662,0.5375575423240662,1.0,1,1
282458,0.9609647393226624,0.9609647393226624,1.0,1,1
223841,0.4997117221355438,0.4997117221355438,0.0,1,1
1210707,0.5,0.5,0.5,0,0
381857,0.5,0.5,0.5,0,0
250659,0.991912841796875,0.991912841796875,1.0,1,1
812655,0.5,0.5,0.5,0,0
1632990,0.9998866319656372,0.9998866319656372,1.0,1,1
1025760,0.9981182813644409,0.9981182813644409,1.0,1,1
1579749,0.9997243881225586,0.7638667821884155,1.0,2,1
302248,0.5,0.5,0.5,0,0
347864,0.5,0.5,0.5,0,0
128456,0.7008510231971741,0.7008510231971741,1.0,1,1
1033569,0.9916356205940247,0.9422962069511414,1.0,2,1
475576,0.5,0.5,0.5,0,0
197511,0.5,0.5,0.5,0,0
574365,0.5,0.5,0.5,0,0
222265,0.5,0.5,0.5,0,0
121514,0.964576780796051,0.964576780796051,1.0,1,1
767748,0.5,0.5,0.5,0,0
199337,0.6505823731422424,0.6505823731422424,1.0,1,1
1228428,0.5,0.5,0.5,0,0
243894,0.9999053478240967,0.9999053478240967,1.0,1,1
56378,0.5,0.5,0.5,0,0
1235667,0.5,0.5,0.5,0,0
907881,0.9539415240287781,0.9539415240287781,1.0,1,1
77285,0.9552969932556152,0.9552969932556152,1.0,1,1
1544453,0.9993255138397217,0.8165788650512695,1.0,2,1
739809,0.5,0.5,0.5,0,0
194712,0.9924378991127014,0.9924378991127014,1.0,1,1
913356,0.979979395866394,0.979979395866394,1.0,1,1
412062,0.5,0.5,0.5,0,0
1534050,0.5,0.5,0.5,0,0
841873,0.5,0.5,0.5,0,0
1014931,0.8672477006912231,0.8672477006912231,1.0,1,1
775873,0.9885455965995789,0.9036864638328552,1.0,2,1
421897,0.5,0.5,0.5,0,0
244839,0.5,0.5,0.5,0,0
199098,0.5,0.5,0.5,0,0
1014005,0.5,0.5,0.5,0,0
1644854,0.5,0.5,0.5,0,0
683648,0.9991253018379211,0.99908447265625,1.0,2,1
320325,0.9994349479675293,0.506926953792572,1.0,2,1
805546,0.9934805631637573,0.9934805631637573,1.0,1,1
646597,0.5,0.5,0.5,0,0
479040,0.9999616742134094,0.9998642206192017,1.0,3,1
556519,0.8452064394950867,0.8452064394950867,1.0,1,1
129214,0.559363842010498,0.559363842010498,1.0,1,1
1048789,0.9996683597564697,0.9996683597564697,1.0,1,1
934604,0.9806016683578491,0.9466762542724609,1.0,2,1
131252,0.9357324242591858,0.9357324242591858,1.0,1,1
451046,0.7195631861686707,0.7035183310508728,1.0,2,1
1023424,0.9508923888206482,0.9508923888206482,1.0,1,1
793135,0.5,0.5,0.5,0,0
939117,0.5,0.5,0.5,0,0
203439,0.5,0.5,0.5,0,0
648529,0.999243974685669,0.999243974685669,1.0,1,1
315478,0.5,0.5,0.5,0,0
1607643,0.9983536005020142,0.9983536005020142,1.0,1,1
1466437,0.5,0.5,0.5,0,0
205991,0.7149986028671265,0.7149986028671265,1.0,1,1
1547090,0.5,0.5,0.5,0,0
522465,0.5,0.5,0.5,0,0
599199,0.9998975992202759,0.9998975992202759,1.0,1,1
438229,0.9972875714302063,0.9766711592674255,1.0,2,1
90420,0.975343644618988,0.8283891081809998,1.0,2,1
56378,0.5,0.5,0.5,0,0
609545,0.5,0.5,0.5,0,0
602473,0.5,0.5,0.5,0,0
706123,0.8981553912162781,0.8981553912162781,1.0,1,1
204297,0.9999942183494568,0.9998149275779724,1.0,2,1
193225,0.9991251230239868,0.7582768201828003,1.0,2,1
719067,0.9917975664138794,0.601601779460907,1.0,2,1
1243856,0.9975584745407104,0.9975584745407104,1.0,1,1
1195201,0.9999372959136963,0.6926192045211792,1.0,3,1
939025,0.9994890093803406,0.6949310302734375,1.0,2,1
286869,0.5,0.5,0.5,0,0
1139755,0.5,0.5,0.5,0,0
676531,0.9805402159690857,0.9805402159690857,1.0,1,1
1648988,0.9999749064445496,0.9996902942657471,1.0,3,1
300631,0.9999834299087524,0.9999834299087524,1.0,1,1
1503896,0.9599900841712952,0.9583113193511963,1.0,2,1
1658122,0.5,0.5,0.5,0,0
298047,0.8346131443977356,0.8346131443977356,1.0,1,1
1665332,0.9999780654907227,0.9999780654907227,1.0,1,1
1639616,0.5,0.5,0.5,0,0
189828,0.7564027905464172,0.7564027905464172,1.0,1,1
1057585,0.9999865293502808,0.6172335147857666,1.0,2,1
110506,0.5,0.5,0.5,0,0
230449,0.5,0.5,0.5,0,0
1002069,0.9994365572929382,0.9994365572929382,1.0,1,1
1210471,0.9998751878738403,0.9998751878738403,1.0,1,1
552297,0.9326731562614441,0.9326731562614441,1.0,1,1
787683,0.5,0.5,0.5,0,0
307312,0.5,0.5,0.5,0,0
323643,0.5,0.5,0.5,0,0
192711,0.9881664514541626,0.9881664514541626,1.0,1,1
1498762,0.9998431205749512,0.9998431205749512,1.0,1,1
765729,0.9935442209243774,0.9935442209243774,1.0,1,1
1494000,0.9187232255935669,0.9187232255935669,1.0,1,1
839889,0.992900013923645,0.992900013923645,1.0,1,1
1584984,0.920453667640686,0.920453667640686,1.0,1,1
43988,0.9999806880950928,0.9999806880950928,1.0,1,1
201375,0.5,0.5,0.5,0,0
767060,0.9998825788497925,0.9989357590675354,1.0,3,1
978575,0.9853678345680237,0.9853678345680237,1.0,1,1
226278,0.9496942758560181,0.9496942758560181,1.0,1,1
376150,0.9920819997787476,0.9920819997787476,1.0,1,1
654869,0.5904236435890198,0.5904236435890198,1.0,1,1
910241,0.9999964833259583,0.9995787739753723,1.0,2,1
389775,0.5,0.5,0.5,0,0
1658013,0.9624409675598145,0.7955626845359802,1.0,2,1
1267131,0.5,0.5,0.5,0,0
631812,0.5,0.5,0.5,0,0
743217,0.9994748830795288,0.9964349269866943,1.0,2,1
96190,0.9935097098350525,0.9005554914474487,1.0,2,1
855743,0.9992080330848694,0.569312572479248,1.0,2,1
1260915,0.9257447123527527,0.9257447123527527,1.0,1,1
48260,0.441784530878067,0.2591440975666046,0.0,2,1
142218,0.9992712140083313,0.9992712140083313,1.0,1,1
357886,0.5,0.5,0.5,0,0
215243,0.5,0.5,0.5,0,0
198829,0.9711721539497375,0.9711721539497375,1.0,1,1
318719,0.5,0.5,0.5,0,0
1252186,0.5,0.5,0.5,0,0
1230055,0.5,0.5,0.5,0,0
863698,0.5,0.5,0.5,0,0
684532,0.5,0.5,0.5,0,0
497701,0.9994369149208069,0.9994369149208069,1.0,1,1
175001,0.9996808767318726,0.9996808767318726,1.0,1,1
1577316,0.5,0.5,0.5,0,0
598387,0.5,0.5,0.5,0,0
1624534,0.8053216338157654,0.8053216338157654,1.0,1,1
265394,0.9816938042640686,0.9816938042640686,1.0,1,1
1654913,0.5,0.5,0.5,0,0
248166,0.9930972456932068,0.9930972456932068,1.0,1,1
196795,0.6696380972862244,0.6696380972862244,1.0,1,1
352667,0.9995669722557068,0.9995669722557068,1.0,1,1
1621274,0.5,0.5,0.5,0,0
270796,0.5,0.5,0.5,0,0
845894,0.5,0.5,0.5,0,0
965142,0.9980541467666626,0.9980541467666626,1.0,1,1
1561100,0.5,0.5,0.5,0,0
449122,0.5,0.5,0.5,0,0
1134242,0.9922438263893127,0.9922438263893127,1.0,1,1
1149877,0.9933077096939087,0.9933077096939087,1.0,1,1
310084,0.5,0.5,0.5,0,0
1639616,0.5,0.5,0.5,0,0
1494832,0.9835585951805115,0.9835585951805115,1.0,1,1
1250627,0.997098445892334,0.997098445892334,1.0,1,1
1013008,0.7766386866569519,0.7766386866569519,1.0,1,1
259272,0.3372069299221039,0.3372069299221039,0.0,1,1
865838,0.5,0.5,0.5,0,0
1232069,0.679056704044342,0.679056704044342,1.0,1,1
923213,0.9745717644691467,0.7736036777496338,1.0,2,1
1134973,0.5,0.5,0.5,0,0
1159647,0.5,0.5,0.5,0,0
916587,0.5,0.5,0.5,0,0
192915,0.5,0.5,0.5,0,0
671296,0.9999991655349731,0.9940711855888367,1.0,2,1
1281392,0.5,0.5,0.5,0,0
970469,0.9967818260192871,0.6933302283287048,1.0,2,1
696129,0.5,0.5,0.5,0,0
755043,0.5,0.5,0.5,0,0
1195844,0.8724161982536316,0.8724161982536316,1.0,1,1
128762,0.9439724683761597,0.4716132879257202,1.0,3,1
1155922,0.561492383480072,0.561492383480072,1.0,1,1
713556,0.9395545721054077,0.9395545721054077,1.0,1,1
1470313,0.9916113018989563,0.9916113018989563,1.0,1,1
411484,0.5,0.5,0.5,0,0
1240336,0.9999939799308777,0.994210958480835,1.0,3,1
522103,0.9994739890098572,0.8938320875167847,1.0,2,1
1638012,0.5,0.5,0.5,0,0
336164,0.5,0.5,0.5,0,0
954503,0.9074329733848572,0.9074329733848572,1.0,1,1
278605,0.5,0.5,0.5,0,0
724367,0.8037486672401428,0.8037486672401428,1.0,1,1
309582,0.3151523470878601,0.3151523470878601,0.0,1,1
686507,0.5,0.5,0.5,0,0
1175707,0.5,0.5,0.5,0,0
713556,0.9395545721054077,0.9395545721054077,1.0,1,1
58088,0.951444685459137,0.951444685459137,1.0,1,1
1235041,0.9997882843017578,0.7842236161231995,1.0,2,1
187478,0.5996012091636658,0.5996012091636658,1.0,1,1
433933,0.5,0.5,0.5,0,0
91151,0.9440799355506897,0.9440799355506897,1.0,1,1
233664,0.9995574355125427,0.9995574355125427,1.0,1,1
606138,0.9942679405212402,0.9942679405212402,1.0,1,1
1004780,0.9997574090957642,0.705715537071228,1.0,3,1
1488491,0.5,0.5,0.5,0,0
1526200,0.5,0.5,0.5,0,0
132055,0.5,0.5,0.5,0,0
1074253,0.966152012348175,0.966152012348175,1.0,1,1
1547074,0.9978415966033936,0.9978415966033936,1.0,1,1
413582,0.9885472059249878,0.9885472059249878,1.0,1,1
769466,0.5,0.5,0.5,0,0
51465,0.5,0.5,0.5,0,0
446644,0.5,0.5,0.5,0,0
1483726,0.5,0.5,0.5,0,0
182133,0.5,0.5,0.5,0,0
1284156,0.9601508975028992,0.9601508975028992,1.0,1,1
371967,0.5,0.5,0.5,0,0
1543196,0.5,0.5,0.5,0,0
240430,0.5,0.5,0.5,0,0
357886,0.5,0.5,0.5,0,0
217810,0.9981200098991394,0.9981200098991394,1.0,1,1
655698,0.9873588681221008,0.6949493288993835,1.0,2,1
137261,0.5,0.5,0.5,0,0
1134973,0.5,0.5,0.5,0,0
918581,0.5,0.5,0.5,0,0
550883,0.5,0.5,0.5,0,0
352175,0.5,0.5,0.5,0,0
209761,0.5,0.5,0.5,0,0
1502137,0.9999560117721558,0.9999560117721558,1.0,1,1
1216753,0.9992325305938721,0.7112318277359009,1.0,2,1
377798,0.985366702079773,0.985366702079773,1.0,1,1
347100,0.9916661977767944,0.7857730388641357,1.0,2,1
114719,0.5,0.5,0.5,0,0
988268,0.5,0.5,0.5,0,0
583277,0.9729194641113281,0.9644535779953003,1.0,2,1
692351,0.5,0.5,0.5,0,0
206694,0.5,0.5,0.5,0,0
569284,0.5162575244903564,0.5162575244903564,1.0,1,1
338563,0.5,0.5,0.5,0,0
207217,0.9341493844985962,0.9341493844985962,1.0,1,1
44169,0.9761825203895569,0.8087959885597229,1.0,2,1
722915,0.999305009841919,0.999305009841919,1.0,1,1
1664413,0.6582139134407043,0.6582139134407043,1.0,1,1
358216,0.5,0.5,0.5,0,0
1006681,0.950377881526947,0.950377881526947,1.0,1,1
1589370,0.5,0.5,0.5,0,0
785541,0.9969172477722168,0.9969172477722168,1.0,1,1
838740,0.9999327659606934,0.9999327659606934,1.0,1,1
353642,0.5,0.5,0.5,0,0
206742,0.9677988886833191,0.9677988886833191,1.0,1,1
170787,0.998299241065979,0.9888218641281128,1.0,3,1
550456,0.5,0.5,0.5,0,0
562558,0.9394410848617554,0.8386015295982361,1.0,2,1
438365,0.2435331642627716,0.2435331642627716,0.0,1,1
421572,0.5,0.5,0.5,0,0
758799,0.2956511676311493,0.2956511676311493,0.0,1,1
1578244,0.5,0.5,0.5,0,0
920158,0.5,0.5,0.5,0,0
1101675,0.9958509206771851,0.8434494137763977,1.0,2,1
71975,0.5,0.5,0.5,0,0
278535,0.5,0.5,0.5,0,0
161618,0.5,0.5,0.5,0,0
333142,0.5,0.5,0.5,0,0
923389,0.5,0.5,0.5,0,0
1184849,0.5,0.5,0.5,0,0
195349,0.9999396204948425,0.8519691228866577,1.0,3,1
403812,0.5,0.5,0.5,0,0
1524994,0.9988516569137573,0.9988516569137573,1.0,1,1
220505,0.5,0.5,0.5,0,0
1052626,0.9998912811279297,0.5931503772735596,1.0,2,1
1475202,0.5,0.5,0.5,0,0
231063,0.6487008333206177,0.6401793360710144,1.0,2,1
1622053,0.5,0.5,0.5,0,0
1573638,0.8391506671905518,0.4279143214225769,1.0,2,1
56044,0.7527065873146057,0.7527065873146057,1.0,1,1
1582784,0.9990228414535522,0.9990228414535522,1.0,1,1
647016,0.5,0.5,0.5,0,0
750846,0.5,0.5,0.5,0,0
794594,0.9889945387840271,0.9889945387840271,1.0,1,1
1124160,0.9999483823776245,0.9999483823776245,1.0,1,1
769466,0.5,0.5,0.5,0,0
923389,0.5,0.5,0.5,0,0
447939,0.5,0.5,0.5,0,0
104359,0.5,0.5,0.5,0,0
1143055,0.9706181287765503,0.9706181287765503,1.0,1,1
377145,0.9999582171440125,0.9241886138916016,1.0,2,1
70653,0.9999027252197266,0.9999027252197266,1.0,1,1
1485812,0.5,0.5,0.5,0,0
1612264,0.5,0.5,0.5,0,0
178584,0.5,0.5,0.5,0,0
1468032,0.4568742513656616,0.4568742513656616,0.0,1,1
363735,0.5,0.5,0.5,0,0
80854,0.5,0.5,0.5,0,0
530284,0.5,0.5,0.5,0,0
1676504,0.5,0.5,0.5,0,0
129562,0.7064438462257385,0.7064438462257385,1.0,1,1
1641646,0.9889813661575317,0.9889813661575317,1.0,1,1
693780,0.9999815225601196,0.9996399879455566,1.0,2,1
343437,0.5,0.5,0.5,0,0
79187,0.5,0.5,0.5,0,0
254882,0.5,0.5,0.5,0,0
930145,0.9996942281723022,0.9996942281723022,1.0,1,1
691954,0.5,0.5,0.5,0,0
415582,0.5,0.5,0.5,0,0
1014112,0.5,0.5,0.5,0,0
1071578,0.9996698498725891,0.995703399181366,1.0,4,1
146977,0.999900758266449,0.9930520057678223,1.0,2,1
137963,0.9999953508377075,0.9999953508377075,1.0,1,1
1184043,0.9885882139205933,0.9885882139205933,1.0,1,1
1618512,0.7430613040924072,0.7430613040924072,1.0,1,1
1528572,0.5,0.5,0.5,0,0
44587,0.5229154825210571,0.5229154825210571,1.0,1,1
679199,0.5,0.5,0.5,0,0
1559121,0.9921750426292419,0.9921750426292419,1.0,1,1
785541,0.9969172477722168,0.9969172477722168,1.0,1,1
416810,0.8927714228630066,0.8927714228630066,1.0,1,1
198442,0.9999929070472717,0.8139210939407349,1.0,2,1
546076,0.5,0.5,0.5,0,0
155679,0.5,0.5,0.5,0,0
654388,0.9938828945159912,0.9938828945159912,1.0,1,1
898606,0.9999860525131226,0.8409994840621948,1.0,2,1
1552690,0.9994553923606873,0.9994553923606873,1.0,1,1
930602,0.9971137046813965,0.9971137046813965,1.0,1,1
442748,0.5,0.5,0.5,0,0
439840,0.5,0.5,0.5,0,0
883438,0.5,0.5,0.5,0,0
399431,0.5,0.5,0.5,0,0
291172,0.8595929145812988,0.8595929145812988,1.0,1,1
219957,0.9616513848304749,0.9616513848304749,1.0,1,1
125793,0.9984216690063477,0.9969032406806946,1.0,2,1
287164,0.9613701105117798,0.8688305020332336,1.0,2,1
520014,0.5,0.5,0.5,0,0
289206,0.9730894565582275,0.9730894565582275,1.0,1,1
963915,0.9993547201156616,0.6140314340591431,1.0,4,1
222265,0.5,0.5,0.5,0,0
313168,0.5,0.5,0.5,0,0
240077,0.5,0.5,0.5,0,0
1597990,0.5,0.5,0.5,0,0
1646657,0.999828577041626,0.999828577041626,1.0,1,1
1069645,0.9997971653938293,0.9997971653938293,1.0,1,1
388501,0.5,0.5,0.5,0,0
622291,0.9965393543243408,0.9607471227645874,1.0,2,1
835728,0.5,0.5,0.5,0,0
939420,0.5,0.5,0.5,0,0
281671,0.5,0.5,0.5,0,0
1491640,0.9985124468803406,0.9985124468803406,1.0,1,1
144945,0.5,0.5,0.5,0,0
302659,0.5,0.5,0.5,0,0
1000327,0.8360316753387451,0.5409280061721802,1.0,3,1
1163828,0.9999221563339233,0.9999221563339233,1.0,1,1
477333,0.9998058080673218,0.9878793358802795,1.0,2,1
1594118,0.9999736547470093,0.8470457792282104,1.0,2,1
585046,0.9943993091583252,0.9905145168304443,1.0,2,1
1136537,0.5,0.5,0.5,0,0
1239937,0.9990187883377075,0.9990187883377075,1.0,1,1
133230,0.5,0.5,0.5,0,0
733350,0.5,0.5,0.5,0,0
385971,0.5,0.5,0.5,0,0
127778,0.5,0.5,0.5,0,0
1038192,0.5,0.5,0.5,0,0
177420,0.9371601939201355,0.9371601939201355,1.0,1,1
1465504,0.5,0.5,0.5,0,0
655698,0.9873588681221008,0.6949493288993835,1.0,2,1
429279,0.5,0.5,0.5,0,0
39896,0.5,0.5,0.5,0,0
389822,0.5,0.5,0.5,0,0
1260967,0.5,0.5,0.5,0,0
436085,0.9980429410934448,0.9980429410934448,1.0,1,1
226403,0.5,0.5,0.5,0,0
1005114,0.5,0.5,0.5,0,0
341146,0.5,0.5,0.5,0,0
1632670,0.9490649700164795,0.9490649700164795,1.0,1,1
525363,0.9978774785995483,0.5510537028312683,1.0,4,1
1517635,0.11680621653795242,0.11680621653795242,0.0,1,1
613197,0.9997046589851379,0.9997046589851379,1.0,1,1
355739,0.5,0.5,0.5,0,0
1589275,0.974714994430542,0.974714994430542,1.0,1,1
520768,0.9958040118217468,0.9958040118217468,1.0,1,1
572120,0.5,0.5,0.5,0,0
671296,0.9999991655349731,0.9940711855888367,1.0,2,1
1678996,0.9990577101707458,0.9990577101707458,1.0,1,1
735022,0.5,0.5,0.5,0,0
1614316,0.5,0.5,0.5,0,0
49528,0.8542190790176392,0.8542190790176392,1.0,1,1
864313,0.9998133778572083,0.5439391136169434,1.0,3,1
380106,0.9997298121452332,0.9997298121452332,1.0,1,1
572120,0.5,0.5,0.5,0,0
128929,0.5,0.5,0.5,0,0
1169397,0.5,0.5,0.5,0,0
909867,0.325430303812027,0.325430303812027,0.0,1,1
1465817,0.9999986886978149,0.9999986886978149,1.0,1,1
1187476,0.5,0.5,0.5,0,0
349269,0.5,0.5,0.5,0,0
446644,0.5,0.5,0.5,0,0
1156578,0.5,0.5,0.5,0,0
194972,0.999388575553894,0.99699866771698,1.0,2,1
647367,0.9999370574951172,0.9999370574951172,1.0,1,1
811670,0.5,0.5,0.5,0,0
895022,0.5,0.5,0.5,0,0
282582,0.9996055364608765,0.9803361296653748,1.0,2,1
195821,0.5,0.5,0.5,0,0
117243,0.31708770990371704,0.31708770990371704,0.0,1,1
1678996,0.9990577101707458,0.9990577101707458,1.0,1,1
201740,0.9961661100387573,0.9961661100387573,1.0,1,1
259046,0.999977707862854,0.999977707862854,1.0,1,1
795417,0.5,0.5,0.5,0,0
1069645,0.9997971653938293,0.9997971653938293,1.0,1,1
1000884,0.9429869055747986,0.9429869055747986,1.0,1,1
976137,0.5,0.5,0.5,0,0
1577923,0.5,0.5,0.5,0,0
1249415,0.9999654293060303,0.9058344960212708,1.0,2,1
312064,0.9162129759788513,0.9162129759788513,1.0,1,1
120038,0.5,0.5,0.5,0,0
718232,0.5,0.5,0.5,0,0
796285,0.5,0.5,0.5,0,0
71814,0.5,0.5,0.5,0,0
1046272,0.996574878692627,0.8624634742736816,1.0,2,1
324234,0.5,0.5,0.5,0,0
308192,0.9961367249488831,0.9961367249488831,1.0,1,1
90978,0.8430187106132507,0.8430187106132507,1.0,1,1
320491,0.5,0.5,0.5,0,0
320325,0.9994349479675293,0.506926953792572,1.0,2,1
920158,0.5,0.5,0.5,0,0
765550,0.5,0.5,0.5,0,0
184503,0.5,0.5,0.5,0,0
139997,0.43962350487709045,0.43962350487709045,0.0,1,1
725375,0.620979905128479,0.620979905128479,1.0,1,1
990889,0.987916111946106,0.987916111946106,1.0,1,1
43375,0.9611515998840332,0.9611515998840332,1.0,1,1
617916,0.9999212026596069,0.9999212026596069,1.0,1,1
763321,0.5,0.5,0.5,0,0
232294,0.5,0.5,0.5,0,0
834736,0.998764157295227,0.9623780846595764,1.0,2,1
678684,0.7572378516197205,0.7572378516197205,1.0,1,1
983998,0.5,0.5,0.5,0,0
1193501,0.98385089635849,0.9187490344047546,1.0,2,1
1286268,0.5,0.5,0.5,0,0
206694,0.5,0.5,0.5,0,0
502059,0.9816986322402954,0.6579204201698303,1.0,2,1
1089713,0.9941349029541016,0.5934223532676697,1.0,2,1
1193335,0.5,0.5,0.5,0,0
1243395,0.5,0.5,0.5,0,0
1014137,0.5,0.5,0.5,0,0
1583419,0.7839502096176147,0.7417329549789429,1.0,2,1
465050,0.9999248385429382,0.9922473430633545,1.0,2,1
258899,0.9092860221862793,0.9092860221862793,1.0,1,1
535733,0.9995042085647583,0.767339825630188,1.0,2,1
767316,0.5,0.5,0.5,0,0
1575181,0.9962890148162842,0.9962890148162842,1.0,1,1
216305,0.5,0.5,0.5,0,0
229901,0.5,0.5,0.5,0,0
897267,0.5,0.5,0.5,0,0
1544453,0.9993255138397217,0.8165788650512695,1.0,2,1
299410,0.5,0.5,0.5,0,0
1111552,0.5,0.5,0.5,0,0
552726,0.5,0.5,0.5,0,0
1627111,0.5,0.5,0.5,0,0
657691,0.5,0.5,0.5,0,0
498624,0.9983835220336914,0.9983835220336914,1.0,1,1
426683,0.9745197892189026,0.9745197892189026,1.0,1,1
347453,0.5,0.5,0.5,0,0
1052191,0.9348412156105042,0.9348412156105042,1.0,1,1
316347,0.5,0.5,0.5,0,0
1642034,0.5,0.5,0.5,0,0
193398,0.9991857409477234,0.9991857409477234,1.0,1,1
1639423,0.5,0.5,0.5,0,0
724451,0.9998915791511536,0.9995243549346924,1.0,2,1
690318,0.5,0.5,0.5,0,0
448172,0.9998432397842407,0.9998432397842407,1.0,1,1
325476,0.5,0.5,0.5,0,0
1039405,0.9982733130455017,0.4987054765224457,1.0,3,1
350027,0.5375575423240662,0.5375575423240662,1.0,1,1
1472573,0.5,0.5,0.5,0,0
368453,0.5,0.5,0.5,0,0
112934,0.5,0.5,0.5,0,0
662427,0.5,0.5,0.5,0,0
1519029,0.5,0.5,0.5,0,0
263645,0.017798062413930893,0.008899031206965446,0.0,2,1
62103,0.5,0.5,0.5,0,0
292041,0.5,0.5,0.5,0,0
193714,0.2558737099170685,0.2558737099170685,0.0,1,1
1153483,0.5,0.5,0.5,0,0
784680,0.791717529296875,0.7386859655380249,1.0,2,1
567081,0.8726546764373779,0.8726546764373779,1.0,1,1
1074388,0.9932551383972168,0.8638379573822021,1.0,2,1
475031,0.9999077320098877,0.9999077320098877,1.0,1,1
401743,0.36469629406929016,0.27278560400009155,0.0,2,1
1036852,0.5,0.5,0.5,0,0
110305,0.11035649478435516,0.11035649478435516,0.0,1,1
297507,0.5,0.5,0.5,0,0
901891,0.7582145929336548,0.7582145929336548,1.0,1,1
349269,0.5,0.5,0.5,0,0
272289,0.5,0.5,0.5,0,0
307050,0.971668541431427,0.971668541431427,1.0,1,1
1543096,0.5,0.5,0.5,0,0
924489,0.5,0.5,0.5,0,0
1573659,0.9995208978652954,0.9995208978652954,1.0,1,1
260724,0.9826950430870056,0.9826950430870056,1.0,1,1
1461102,0.5,0.5,0.5,0,0
360870,0.5,0.5,0.5,0,0
750473,0.9090504050254822,0.9090504050254822,1.0,1,1
847466,0.5,0.5,0.5,0,0
254948,0.5,0.5,0.5,0,0
1089767,0.5,0.5,0.5,0,0
1598138,0.5,0.5,0.5,0,0
392174,0.5,0.5,0.5,0,0
1483388,0.9992464780807495,0.9992464780807495,1.0,1,1
996995,0.5,0.5,0.5,0,0
376650,0.9983502626419067,0.9983502626419067,1.0,1,1
1631028,0.8763938546180725,0.8763938546180725,1.0,1,1
262929,0.5,0.5,0.5,0,0
240077,0.5,0.5,0.5,0,0
65175,0.9531173706054688,0.9531173706054688,1.0,1,1
1260452,0.5,0.5,0.5,0,0
796291,0.9905389547348022,0.9905389547348022,1.0,1,1
330451,0.994466245174408,0.994466245174408,1.0,1,1
376868,0.9995900988578796,0.9995900988578796,1.0,1,1
1546817,0.5,0.5,0.5,0,0
991313,0.9999988079071045,0.9999961853027344,1.0,2,1
1075834,0.5,0.5,0.5,0,0
1619277,0.8911261558532715,0.8911261558532715,1.0,1,1
251200,0.5,0.5,0.5,0,0
650396,0.5,0.5,0.5,0,0
175519,0.5,0.5,0.5,0,0
903869,0.5,0.5,0.5,0,0
1197100,0.5,0.5,0.5,0,0
1242602,0.9994446039199829,0.9910089373588562,1.0,2,1
306066,0.8219367861747742,0.8219367861747742,1.0,1,1
106803,0.789919912815094,0.789919912815094,1.0,1,1
775873,0.9885455965995789,0.9036864638328552,1.0,2,1
1286254,0.5,0.5,0.5,0,0
750585,0.5445613265037537,0.5445613265037537,1.0,1,1
336164,0.5,0.5,0.5,0,0
43375,0.9611515998840332,0.9611515998840332,1.0,1,1
208742,0.9963638186454773,0.8989200592041016,1.0,3,1
80181,0.5,0.5,0.5,0,0
255913,0.9971616864204407,0.9654356837272644,1.0,2,1
129928,0.5328004956245422,0.5328004956245422,1.0,1,1
851370,0.5,0.5,0.5,0,0
522991,0.9856902956962585,0.931125283241272,1.0,3,1
219957,0.9616513848304749,0.9616513848304749,1.0,1,1
842288,0.5,0.5,0.5,0,0
50917,0.9149062633514404,0.9149062633514404,1.0,1,1
603900,0.5,0.5,0.5,0,0
1008864,0.9496997594833374,0.9496997594833374,1.0,1,1
712120,0.5,0.5,0.5,0,0
580937,0.9409390687942505,0.9409390687942505,1.0,1,1
896717,0.9999282360076904,0.9996019005775452,1.0,3,1
1661795,0.9174423813819885,0.9174423813819885,1.0,1,1
804012,0.9992339611053467,0.9992339611053467,1.0,1,1
292079,0.5,0.5,0.5,0,0
237860,0.5,0.5,0.5,0,0
406486,0.9976601004600525,0.9889260530471802,1.0,2,1
1606803,0.9994828701019287,0.9994828701019287,1.0,1,1
845894,0.5,0.5,0.5,0,0
1480881,0.5,0.5,0.5,0,0
1133799,0.5,0.5,0.5,0,0
1204005,0.5,0.5,0.5,0,0
681537,0.995299756526947,0.9106764793395996,1.0,2,1
253256,0.9941575527191162,0.9941575527191162,1.0,1,1
863066,0.5,0.5,0.5,0,0
629087,0.9842065572738647,0.9842065572738647,1.0,1,1
912677,0.9963431358337402,0.5898297429084778,1.0,2,1
433039,0.5,0.5,0.5,0,0
229034,0.5,0.5,0.5,0,0
314490,0.5,0.5,0.5,0,0
1033129,0.9573812484741211,0.9573812484741211,1.0,1,1
135223,0.7632778882980347,0.524086594581604,1.0,2,1
93248,0.9999916553497314,0.99998939037323,1.0,2,1
574365,0.5,0.5,0.5,0,0
149260,0.8001810908317566,0.8001810908317566,1.0,1,1
1058725,0.9943591952323914,0.9943591952323914,1.0,1,1
1595763,0.9939917922019958,0.9939917922019958,1.0,1,1
498863,0.9976756572723389,0.8022811412811279,1.0,2,1
164111,0.5,0.5,0.5,0,0
598387,0.5,0.5,0.5,0,0
153123,0.9852312803268433,0.9852312803268433,1.0,1,1
129252,0.5,0.5,0.5,0,0
149412,0.45954012870788574,0.45954012870788574,0.0,1,1
1123751,0.5,0.5,0.5,0,0
1259784,0.9616830945014954,0.9616830945014954,1.0,1,1
136811,0.5,0.5,0.5,0,0
376131,0.9844521284103394,0.9844521284103394,1.0,1,1
300209,0.9984515309333801,0.9819744229316711,1.0,2,1
279522,0.9998713731765747,0.9998713731765747,1.0,1,1
1155592,0.5,0.5,0.5,0,0
164081,0.5,0.5,0.5,0,0
960076,0.9926244616508484,0.9926244616508484,1.0,1,1
395735,0.5,0.5,0.5,0,0
380609,0.9810973405838013,0.8784284591674805,1.0,2,1
327063,0.9908214807510376,0.9908214807510376,1.0,1,1
168238,0.5,0.5,0.5,0,0
1178502,0.5,0.5,0.5,0,0
406267,0.5,0.5,0.5,0,0
880436,0.5,0.5,0.5,0,0
1074049,0.9020717144012451,0.7697347402572632,1.0,2,1
1251255,0.5,0.5,0.5,0,0
1069300,0.5,0.5,0.5,0,0
42322,0.5,0.5,0.5,0,0
397105,0.5,0.5,0.5,0,0
86891,0.4058552384376526,0.4058552384376526,0.0,1,1
387636,0.5,0.5,0.5,0,0
776317,0.999563992023468,0.999563992023468,1.0,1,1
910709,0.9999446868896484,0.9999446868896484,1.0,1,1
677176,0.5,0.5,0.5,0,0
1044591,0.5,0.5,0.5,0,0
433933,0.5,0.5,0.5,0,0
77065,0.5,0.5,0.5,0,0
89803,0.5,0.5,0.5,0,0
179559,0.9999020099639893,0.9999020099639893,1.0,1,1
1025001,0.9798160791397095,0.9798160791397095,1.0,1,1
166053,0.825901985168457,0.6251659393310547,1.0,2,1
865318,0.5,0.5,0.5,0,0
1055169,0.9899688959121704,0.7949597239494324,1.0,2,1
1640927,0.9997205138206482,0.8855699896812439,1.0,2,1
1222687,0.9986498355865479,0.9079514741897583,1.0,2,1
900195,0.8375301957130432,0.8375301957130432,1.0,1,1
765297,0.999911904335022,0.999911904335022,1.0,1,1
1653367,0.5,0.5,0.5,0,0
252670,0.5,0.5,0.5,0,0
940394,0.9901909828186035,0.9901909828186035,1.0,1,1
1675369,0.5,0.5,0.5,0,0
1089767,0.5,0.5,0.5,0,0
277819,0.5,0.5,0.5,0,0
121964,0.715939998626709,0.715939998626709,1.0,1,1
1031798,0.5,0.5,0.5,0,0
180463,0.5,0.5,0.5,0,0
912677,0.9963431358337402,0.5898297429084778,1.0,2,1
1531049,0.022640150040388107,0.022640150040388107,0.0,1,1
992703,0.8963090777397156,0.8963090777397156,1.0,1,1
690263,0.9983493089675903,0.9983493089675903,1.0,1,1
1091901,0.9999982118606567,0.9999982118606567,1.0,1,1
868105,0.7800806164741516,0.7800806164741516,1.0,1,1
89031,0.9986896514892578,0.9105665683746338,1.0,2,1
70137,0.9999399781227112,0.982900083065033,1.0,2,1
479092,0.5,0.5,0.5,0,0
1605186,0.2479214370250702,0.2479214370250702,0.0,1,1
294572,0.5,0.5,0.5,0,0
241107,0.5,0.5,0.5,0,0
824583,0.9981855750083923,0.9703530669212341,1.0,3,1
679199,0.5,0.5,0.5,0,0
442846,0.5,0.5,0.5,0,0
277819,0.5,0.5,0.5,0,0
1640321,0.9145467877388,0.9145467877388,1.0,1,1
1655600,0.5,0.5,0.5,0,0
1532141,0.9979544878005981,0.9979544878005981,1.0,1,1
1508972,0.9392645359039307,0.9392645359039307,1.0,1,1
756110,0.9935789108276367,0.9935789108276367,1.0,1,1
1110614,0.5,0.5,0.5,0,0
1129719,0.5,0.5,0.5,0,0
1600619,0.5,0.5,0.5,0,0
52850,0.3595450818538666,0.3595450818538666,0.0,1,1
1598714,0.9999581575393677,0.9999581575393677,1.0,1,1
1546351,0.09834688156843185,0.06929745525121689,0.0,2,1
1596815,0.5,0.5,0.5,0,0
253459,0.22035586833953857,0.22035586833953857,0.0,1,1
483679,0.9999631643295288,0.6486945748329163,1.0,2,1
353642,0.5,0.5,0.5,0,0
1286268,0.5,0.5,0.5,0,0
591687,0.5,0.5,0.5,0,0
615894,0.5,0.5,0.5,0,0
1452706,0.5,0.5,0.5,0,0
389775,0.5,0.5,0.5,0,0
615867,0.99554044008255,0.99554044008255,1.0,1,1
1015051,0.5,0.5,0.5,0,0
844187,0.9994949698448181,0.9288678169250488,1.0,2,1
291598,0.5,0.5,0.5,0,0
553736,0.5,0.5,0.5,0,0
973453,0.5,0.5,0.5,0,0
1505500,0.9978894591331482,0.6931668519973755,1.0,2,1
208512,0.24608366191387177,0.24608366191387177,0.0,1,1
505330,0.5,0.5,0.5,0,0
205365,0.5,0.5,0.5,0,0
241713,0.5,0.5,0.5,0,0
1048789,0.9996683597564697,0.9996683597564697,1.0,1,1
1499281,0.5,0.5,0.5,0,0
1532207,0.9998623132705688,0.9998623132705688,1.0,1,1
358437,0.5,0.5,0.5,0,0
262099,0.5,0.5,0.5,0,0
514592,0.5,0.5,0.5,0,0
105285,0.5,0.5,0.5,0,0
265397,0.5,0.5,0.5,0,0
1232492,0.5220080018043518,0.5220080018043518,1.0,1,1
264517,0.9681333899497986,0.8308524489402771,1.0,2,1
383942,0.8017456531524658,0.8017456531524658,1.0,1,1
352422,0.8905177712440491,0.8905177712440491,1.0,1,1
313933,0.5,0.5,0.5,0,0
1476305,0.5,0.5,0.5,0,0
1193501,0.98385089635849,0.9187490344047546,1.0,2,1
140417,0.9998676180839539,0.999708354473114,1.0,2,1
186067,0.8856228590011597,0.8856228590011597,1.0,1,1
438052,0.9983136057853699,0.609188973903656,1.0,2,1
1237915,0.5793432593345642,0.5793432593345642,1.0,1,1
1027225,0.5,0.5,0.5,0,0
1549563,0.9910926222801208,0.9910926222801208,1.0,1,1
751696,0.9999305009841919,0.9999305009841919,1.0,1,1
1541266,0.5,0.5,0.5,0,0
602041,0.9998295307159424,0.9998295307159424,1.0,1,1
1075746,0.878917396068573,0.878917396068573,1.0,1,1
180809,0.5,0.5,0.5,0,0
407211,0.9999667406082153,0.4614439606666565,1.0,4,1
554168,0.5,0.5,0.5,0,0
153123,0.9852312803268433,0.9852312803268433,1.0,1,1
476656,0.5,0.5,0.5,0,0
818423,0.9567026495933533,0.9567026495933533,1.0,1,1
215328,0.5,0.5,0.5,0,0
1494696,0.9997565150260925,0.9997565150260925,1.0,1,1
282526,0.995927095413208,0.6870166063308716,1.0,2,1
180899,0.6349632143974304,0.6349632143974304,1.0,1,1
316957,0.5,0.5,0.5,0,0
434770,0.9967480897903442,0.9967480897903442,1.0,1,1
690466,0.5,0.5,0.5,0,0
1593033,0.9999790191650391,0.9999790191650391,1.0,1,1
1129360,0.9993515610694885,0.9993515610694885,1.0,1,1
1228948,0.5,0.5,0.5,0,0
1536458,0.9983425140380859,0.9983425140380859,1.0,1,1
720900,0.9999127388000488,0.9999127388000488,1.0,1,1
760921,0.991297721862793,0.991297721862793,1.0,1,1
279423,0.9995961785316467,0.9995961785316467,1.0,1,1
813970,0.9994657635688782,0.9994657635688782,1.0,1,1
343437,0.5,0.5,0.5,0,0
138768,0.5,0.5,0.5,0,0
597964,0.5,0.5,0.5,0,0
803481,0.9977066516876221,0.7636467218399048,1.0,3,1
1127678,0.5,0.5,0.5,0,0
844187,0.9994949698448181,0.9288678169250488,1.0,2,1
416997,0.5,0.5,0.5,0,0
105070,0.5,0.5,0.5,0,0
123956,0.9297692775726318,0.9297692775726318,1.0,1,1
980922,0.9991323351860046,0.9991323351860046,1.0,1,1
44831,0.86971515417099,0.86971515417099,1.0,1,1
1152413,0.9982296824455261,0.9982296824455261,1.0,1,1
618957,0.5,0.5,0.5,0,0
360042,0.5,0.5,0.5,0,0
204246,0.5,0.5,0.5,0,0
1135004,0.9996987581253052,0.9996987581253052,1.0,1,1
1595629,0.5,0.5,0.5,0,0
723626,0.5,0.5,0.5,0,0
232713,0.5,0.5,0.5,0,0
1599792,0.8537423014640808,0.8537423014640808,1.0,1,1
1284542,0.997169554233551,0.997169554233551,1.0,1,1
54178,0.5,0.5,0.5,0,0
513164,0.9938395619392395,0.9938395619392395,1.0,1,1
644043,0.711323618888855,0.711323618888855,1.0,1,1
311815,0.9941771030426025,0.9941771030426025,1.0,1,1
1000884,0.9429869055747986,0.9429869055747986,1.0,1,1
206742,0.9677988886833191,0.9677988886833191,1.0,1,1
1033458,0.9966369271278381,0.9840323328971863,1.0,2,1
1207352,0.4422581195831299,0.4182320237159729,0.0,2,1
1211100,0.5,0.5,0.5,0,0
947709,0.5,0.5,0.5,0,0
783183,0.9961475133895874,0.9961475133895874,1.0,1,1
1027215,0.5,0.5,0.5,0,0
246752,0.5,0.5,0.5,0,0
281174,0.5,0.5,0.5,0,0
1583419,0.7839502096176147,0.7417329549789429,1.0,2,1
145321,0.4093475937843323,0.4093475937843323,0.0,1,1
77605,0.9971622228622437,0.9345943927764893,1.0,3,1
1152850,0.9950259327888489,0.9950259327888489,1.0,1,1
573272,0.5,0.5,0.5,0,0
230235,0.7213262319564819,0.7213262319564819,1.0,1,1
1129601,0.9998816251754761,0.9998816251754761,1.0,1,1
1067626,0.5,0.5,0.5,0,0
1146097,0.5,0.5,0.5,0,0
291603,0.999991774559021,0.999991774559021,1.0,1,1
180463,0.5,0.5,0.5,0,0
1087684,0.9893319606781006,0.9893319606781006,1.0,1,1
181930,0.5,0.5,0.5,0,0
1157302,0.9142213463783264,0.9142213463783264,1.0,1,1
355925,0.9445760250091553,0.9445760250091553,1.0,1,1
448172,0.9998432397842407,0.9998432397842407,1.0,1,1
735428,0.5,0.5,0.5,0,0
442969,0.997848391532898,0.9885320663452148,1.0,2,1
723626,0.5,0.5,0.5,0,0
1488391,0.9996623396873474,0.7694061994552612,1.0,2,1
1277958,0.5,0.5,0.5,0,0
166154,0.5,0.5,0.5,0,0
1070899,0.17561717331409454,0.17561717331409454,0.0,1,1
892021,0.5,0.5,0.5,0,0
353194,0.9897247552871704,0.9897247552871704,1.0,1,1
681180,0.9965282678604126,0.5336241722106934,1.0,2,1
869917,0.5,0.5,0.5,0,0
438365,0.2435331642627716,0.2435331642627716,0.0,1,1
336738,0.5,0.5,0.5,0,0
1165127,0.883036196231842,0.883036196231842,1.0,1,1
800815,0.9822025299072266,0.9822025299072266,1.0,1,1
315375,0.5,0.5,0.5,0,0
104288,0.9983304738998413,0.9679387211799622,1.0,2,1
70653,0.9999027252197266,0.9999027252197266,1.0,1,1
635838,0.9923425316810608,0.9923425316810608,1.0,1,1
686264,0.5,0.5,0.5,0,0
236344,0.5,0.5,0.5,0,0
218594,0.5,0.5,0.5,0,0
194096,0.9997995495796204,0.9997995495796204,1.0,1,1
590683,0.5,0.5,0.5,0,0
1476947,0.9986177086830139,0.9402792453765869,1.0,2,1
772199,0.5,0.5,0.5,0,0
1490136,0.8529696464538574,0.8422994017601013,1.0,2,1
441928,0.9996669292449951,0.9820036292076111,1.0,2,1
200020,0.5,0.5,0.5,0,0
550883,0.5,0.5,0.5,0,0
206480,0.7126334309577942,0.7126334309577942,1.0,1,1
905625,0.9997437596321106,0.8391887545585632,1.0,2,1
1251613,0.5,0.5,0.5,0,0
1657211,0.9929185509681702,0.9929185509681702,1.0,1,1
770455,0.99993896484375,0.99993896484375,1.0,1,1
729503,0.5,0.5,0.5,0,0
829830,0.9037119150161743,0.9037119150161743,1.0,1,1
719826,0.9998239278793335,0.4996172785758972,1.0,3,1
434817,0.5,0.5,0.5,0,0
149260,0.8001810908317566,0.8001810908317566,1.0,1,1
1448974,0.5,0.5,0.5,0,0
686088,0.5,0.5,0.5,0,0
391917,0.5,0.5,0.5,0,0
835728,0.5,0.5,0.5,0,0
636853,0.8135030269622803,0.8135030269622803,1.0,1,1
740213,0.9997020959854126,0.9977120161056519,1.0,2,1
1041581,0.9999494552612305,0.9999494552612305,1.0,1,1
70220,0.9992491602897644,0.9992491602897644,1.0,1,1
125548,0.5,0.5,0.5,0,0
42405,0.5,0.5,0.5,0,0
668461,0.9945835471153259,0.9945835471153259,1.0,1,1
226403,0.5,0.5,0.5,0,0
412062,0.5,0.5,0.5,0,0
146977,0.999900758266449,0.9930520057678223,1.0,2,1
1192599,0.5,0.5,0.5,0,0
1469973,0.5,0.5,0.5,0,0
233351,0.5163115859031677,0.5163115859031677,1.0,1,1
663306,0.5,0.5,0.5,0,0
351580,0.9822655916213989,0.9822655916213989,1.0,1,1
46852,0.7954984903335571,0.7954984903335571,1.0,1,1
199098,0.5,0.5,0.5,0,0
80181,0.5,0.5,0.5,0,0
425583,0.7681885361671448,0.7681885361671448,1.0,1,1
391206,0.5,0.5,0.5,0,0
1100597,0.5,0.5,0.5,0,0
198060,0.9343078136444092,0.9343078136444092,1.0,1,1
900536,0.5,0.5,0.5,0,0
1509569,0.9998942613601685,0.9998942613601685,1.0,1,1
1516212,0.5,0.5,0.5,0,0
310331,0.9999433159828186,0.91777503490448,1.0,2,1
1535781,0.5,0.5,0.5,0,0
694637,0.9410668611526489,0.9410668611526489,1.0,1,1
856729,0.5,0.5,0.5,0,0
224374,0.9999494552612305,0.5946173071861267,1.0,2,1
354725,0.1945742815732956,0.1945742815732956,0.0,1,1
1607248,0.5,0.5,0.5,0,0
1198988,0.8234275579452515,0.8234275579452515,1.0,1,1
200540,0.43180200457572937,0.43180200457572937,0.0,1,1
313897,0.5,0.5,0.5,0,0
40937,0.9841869473457336,0.9841869473457336,1.0,1,1
766662,0.5,0.5,0.5,0,0
1640671,0.5,0.5,0.5,0,0
670295,0.5,0.5,0.5,0,0
948040,0.5,0.5,0.5,0,0
510779,0.5,0.5,0.5,0,0
496906,0.9999935626983643,0.9999935626983643,1.0,1,1
335343,0.5,0.5,0.5,0,0
948040,0.5,0.5,0.5,0,0
700827,0.5,0.5,0.5,0,0
1550943,0.5,0.5,0.5,0,0
857446,0.5,0.5,0.5,0,0
1661764,0.5,0.5,0.5,0,0
134736,0.8131055235862732,0.8131055235862732,1.0,1,1
192306,0.9881303906440735,0.9758517742156982,1.0,2,1
1538392,0.9989393353462219,0.9989393353462219,1.0,1,1
520375,0.995354175567627,0.995354175567627,1.0,1,1
151302,0.5,0.5,0.5,0,0
1140887,0.5,0.5,0.5,0,0
175646,0.749299168586731,0.749299168586731,1.0,1,1
354305,0.6022132635116577,0.6022132635116577,1.0,1,1
724600,0.9998809099197388,0.9569684267044067,1.0,3,1
470100,0.988731861114502,0.845581591129303,1.0,3,1
1278954,0.9976451992988586,0.9775052666664124,1.0,2,1
1172936,0.5,0.5,0.5,0,0
383853,0.5,0.5,0.5,0,0
1570537,0.9262194037437439,0.9262194037437439,1.0,1,1
1046751,0.5,0.5,0.5,0,0
212463,0.5,0.5,0.5,0,0
1092885,0.9796187877655029,0.7875007390975952,1.0,2,1
575189,0.9747777581214905,0.9747777581214905,1.0,1,1
565407,0.5,0.5,0.5,0,0
525518,0.5,0.5,0.5,0,0
1030177,0.5,0.5,0.5,0,0
185305,0.9955629706382751,0.9490107893943787,1.0,2,1
325994,0.95038902759552,0.95038902759552,1.0,1,1
368536,0.999060332775116,0.999060332775116,1.0,1,1
1545195,0.9887139201164246,0.9887139201164246,1.0,1,1
437694,0.9999635815620422,0.9998871088027954,1.0,2,1
335294,0.5,0.5,0.5,0,0
253459,0.22035586833953857,0.22035586833953857,0.0,1,1
448184,0.5,0.5,0.5,0,0
53462,0.6143946647644043,0.3907163143157959,1.0,2,1
164081,0.5,0.5,0.5,0,0
357035,0.5,0.5,0.5,0,0
47759,0.5,0.5,0.5,0,0
389259,0.998997151851654,0.998997151851654,1.0,1,1
228208,0.9967220425605774,0.9967220425605774,1.0,1,1
304197,0.9977923631668091,0.9977923631668091,1.0,1,1
1202812,0.9971911311149597,0.9971911311149597,1.0,1,1
1591220,0.5,0.5,0.5,0,0
1463111,0.5,0.5,0.5,0,0
992453,0.5,0.5,0.5,0,0
55579,0.9998376369476318,0.9998376369476318,1.0,1,1
598748,0.5,0.5,0.5,0,0
1535397,0.5,0.5,0.5,0,0
110305,0.11035649478435516,0.11035649478435516,0.0,1,1
920846,0.753025233745575,0.753025233745575,1.0,1,1
1278786,0.5,0.5,0.5,0,0
421639,0.5,0.5,0.5,0,0
862634,0.9998370409011841,0.9998370409011841,1.0,1,1
690466,0.5,0.5,0.5,0,0
239897,0.5,0.5,0.5,0,0
137208,0.5,0.5,0.5,0,0
478222,0.34078913927078247,0.34078913927078247,0.0,1,1
422173,0.5,0.5,0.5,0,0
1615245,0.5,0.5,0.5,0,0
105164,0.9421060085296631,0.7579292058944702,1.0,2,1
203098,0.5,0.5,0.5,0,0
1224850,0.5,0.5,0.5,0,0
244840,0.9906788468360901,0.9906788468360901,1.0,1,1
476404,0.5,0.5,0.5,0,0
146116,0.9583998918533325,0.9583998918533325,1.0,1,1
68175,0.5,0.5,0.5,0,0
1062715,0.998229444026947,0.998229444026947,1.0,1,1
396978,0.5,0.5,0.5,0,0
339752,0.9999607801437378,0.9999607801437378,1.0,1,1
1628525,0.5,0.5,0.5,0,0
223214,0.9986792206764221,0.9986792206764221,1.0,1,1
861524,0.9991616010665894,0.9991616010665894,1.0,1,1
85241,0.9886001348495483,0.986332356929779,1.0,2,1
1047485,0.5,0.5,0.5,0,0
810735,0.5,0.5,0.5,0,0
407487,0.99989914894104,0.99989914894104,1.0,1,1
203179,0.9589199423789978,0.9441904425621033,1.0,2,1
208437,0.5,0.5,0.5,0,0
563559,0.5,0.5,0.5,0,0
677112,0.9999765157699585,0.9999765157699585,1.0,1,1
196861,0.5,0.5,0.5,0,0
679400,0.5,0.5,0.5,0,0
145790,0.5,0.5,0.5,0,0
1205978,0.9999637007713318,0.9983750581741333,1.0,2,1
433330,0.5,0.5,0.5,0,0
1123175,0.5,0.5,0.5,0,0
1480881,0.5,0.5,0.5,0,0
764066,0.9742394685745239,0.9742394685745239,1.0,1,1
542965,0.9971612691879272,0.9576025605201721,1.0,3,1
79539,0.9979713559150696,0.9979713559150696,1.0,1,1
63641,0.5,0.5,0.5,0,0
775478,0.5,0.5,0.5,0,0
687205,0.5,0.5,0.5,0,0
593348,0.5,0.5,0.5,0,0
415773,0.9989712238311768,0.9989712238311768,1.0,1,1
356358,0.5,0.5,0.5,0,0
226278,0.9496942758560181,0.9496942758560181,1.0,1,1
384177,0.5,0.5,0.5,0,0
321805,0.5,0.5,0.5,0,0
239332,0.5,0.5,0.5,0,0
462287,0.590542197227478,0.590542197227478,1.0,1,1
1628063,0.5,0.5,0.5,0,0
244922,0.9939525723457336,0.6272435188293457,1.0,2,1
476543,0.9036564230918884,0.9036564230918884,1.0,1,1
1100597,0.5,0.5,0.5,0,0
110548,0.6121269464492798,0.6121269464492798,1.0,1,1
1497124,0.9339983463287354,0.9163884520530701,1.0,2,1
357003,0.5,0.5,0.5,0,0
302659,0.5,0.5,0.5,0,0
339376,0.9995023012161255,0.9995023012161255,1.0,1,1
1252532,0.5,0.5,0.5,0,0
920951,0.5,0.5,0.5,0,0
1618020,0.7762375473976135,0.7762375473976135,1.0,1,1
362724,0.5,0.5,0.5,0,0
847109,0.9973541498184204,0.9973541498184204,1.0,1,1
238682,0.9996306896209717,0.9996306896209717,1.0,1,1
1021592,0.5,0.5,0.5,0,0
697323,0.5,0.5,0.5,0,0
770640,0.9999828338623047,0.9999828338623047,1.0,1,1
711622,0.5,0.5,0.5,0,0
1195145,0.5,0.5,0.5,0,0
1477263,0.8848169445991516,0.8848169445991516,1.0,1,1
1243884,0.9948780536651611,0.9948780536651611,1.0,1,1
1654953,0.9999483823776245,0.7389106750488281,1.0,2,1
335767,0.5,0.5,0.5,0,0
167835,0.9990109205245972,0.9990109205245972,1.0,1,1
294306,0.9991040825843811,0.9991040825843811,1.0,1,1
1538766,0.9994670152664185,0.9989939332008362,1.0,2,1
354305,0.6022132635116577,0.6022132635116577,1.0,1,1
735022,0.5,0.5,0.5,0,0
292578,0.5,0.5,0.5,0,0
407417,0.5,0.5,0.5,0,0
446813,0.9995704293251038,0.8018367886543274,1.0,2,1
1447628,0.864190936088562,0.864190936088562,1.0,1,1
983182,0.5,0.5,0.5,0,0
961522,0.9706053137779236,0.9706053137779236,1.0,1,1
902415,0.9496016502380371,0.9496016502380371,1.0,1,1
826050,0.660252571105957,0.660252571105957,1.0,1,1
245379,0.9914565682411194,0.9914565682411194,1.0,1,1
175519,0.5,0.5,0.5,0,0
52850,0.3595450818538666,0.3595450818538666,0.0,1,1
380256,0.5,0.5,0.5,0,0
1133227,0.5,0.5,0.5,0,0
148967,0.9348446726799011,0.9348446726799011,1.0,1,1
1448491,0.5,0.5,0.5,0,0
1075633,0.999777615070343,0.999777615070343,1.0,1,1
576385,0.9994727969169617,0.9994727969169617,1.0,1,1
1278786,0.5,0.5,0.5,0,0
240165,0.9925941228866577,0.8523562550544739,1.0,2,1
950521,0.5,0.5,0.5,0,0
93620,0.9997989535331726,0.9997989535331726,1.0,1,1
539701,0.9978684186935425,0.9978684186935425,1.0,1,1
389922,0.9783118367195129,0.9783118367195129,1.0,1,1
1257471,0.5,0.5,0.5,0,0
376868,0.9995900988578796,0.9995900988578796,1.0,1,1
553736,0.5,0.5,0.5,0,0
1140322,0.9910919070243835,0.9910919070243835,1.0,1,1
1263039,0.9275493621826172,0.9275493621826172,1.0,1,1
939797,0.5,0.5,0.5,0,0
324234,0.5,0.5,0.5,0,0
387636,0.5,0.5,0.5,0,0
858875,0.9852626323699951,0.9852626323699951,1.0,1,1
970769,0.26224377751350403,0.26224377751350403,0.0,1,1
1632670,0.9490649700164795,0.9490649700164795,1.0,1,1
372417,0.999787449836731,0.6704644560813904,1.0,2,1
792678,0.5,0.5,0.5,0,0
360578,0.9995861649513245,0.9920356869697571,1.0,2,1
820218,0.9892997741699219,0.9854245781898499,1.0,2,1
1057021,0.5,0.5,0.5,0,0
203400,0.5,0.5,0.5,0,0
1604631,0.5,0.5,0.5,0,0
573653,0.5,0.5,0.5,0,0
842735,0.5,0.5,0.5,0,0
679400,0.5,0.5,0.5,0,0
1555958,0.5,0.5,0.5,0,0
339774,0.5,0.5,0.5,0,0
182110,0.9998099207878113,0.9998099207878113,1.0,1,1
433676,0.7706076502799988,0.7706076502799988,1.0,1,1
1018091,0.9685898423194885,0.9685898423194885,1.0,1,1
206747,0.9997843503952026,0.8263642191886902,1.0,3,1
122489,0.5,0.5,0.5,0,0
332136,0.9995501637458801,0.9995501637458801,1.0,1,1
779328,0.5,0.5,0.5,0,0
192286,0.8291184902191162,0.8291184902191162,1.0,1,1
112549,0.5,0.5,0.5,0,0
776317,0.999563992023468,0.999563992023468,1.0,1,1
1571374,0.5,0.5,0.5,0,0
1060923,0.5,0.5,0.5,0,0
636986,0.025779809802770615,0.025779809802770615,0.0,1,1
1078690,0.5,0.5,0.5,0,0
416997,0.5,0.5,0.5,0,0
293594,0.8899545669555664,0.4574774205684662,1.0,2,1
923013,0.5,0.5,0.5,0,0
167807,0.5,0.5,0.5,0,0
646107,0.5,0.5,0.5,0,0
1197060,0.5,0.5,0.5,0,0
315758,0.9988100528717041,0.9704199433326721,1.0,2,1
1157319,0.8965042233467102,0.8965042233467102,1.0,1,1
182059,0.5,0.5,0.5,0,0
343325,0.5,0.5,0.5,0,0
1597576,0.9721287488937378,0.9721287488937378,1.0,1,1
497701,0.9994369149208069,0.9994369149208069,1.0,1,1
313717,0.5131088495254517,0.5131088495254517,1.0,1,1
1181927,0.5,0.5,0.5,0,0
367671,0.5,0.5,0.5,0,0
728236,0.5,0.5,0.5,0,0
116193,0.5,0.5,0.5,0,0
1119105,0.5,0.5,0.5,0,0
809197,0.5,0.5,0.5,0,0
523563,0.24266716837882996,0.24266716837882996,0.0,1,1
952995,0.5,0.5,0.5,0,0
631812,0.5,0.5,0.5,0,0
286475,0.5,0.5,0.5,0,0
695286,0.5,0.5,0.5,0,0
681611,0.9999839663505554,0.9916089177131653,1.0,2,1
917014,0.9998601078987122,0.9217202067375183,1.0,2,1
1081632,0.9975680708885193,0.9975680708885193,1.0,1,1
1119105,0.5,0.5,0.5,0,0
300083,0.5,0.5,0.5,0,0
635406,0.5,0.5,0.5,0,0
290173,0.5,0.5,0.5,0,0
800028,0.5,0.5,0.5,0,0
1059056,0.5,0.5,0.5,0,0
319359,0.999999463558197,0.999998927116394,1.0,2,1
71322,0.9861627817153931,0.7402992248535156,1.0,2,1
520847,0.9995675683021545,0.9995675683021545,1.0,1,1
416927,0.5,0.5,0.5,0,0
1178259,0.5,0.5,0.5,0,0
208674,0.9997825026512146,0.6175467371940613,1.0,2,1
1049870,0.5,0.5,0.5,0,0
603130,0.9522859454154968,0.9522859454154968,1.0,1,1
520851,0.9377134442329407,0.9377134442329407,1.0,1,1
937767,0.9895037412643433,0.9895037412643433,1.0,1,1
1023766,0.5,0.5,0.5,0,0
716183,0.5,0.5,0.5,0,0
689749,0.9997875094413757,0.697838306427002,1.0,3,1
623339,0.9976305365562439,0.9391462206840515,1.0,2,1
1063063,0.5,0.5,0.5,0,0
1054348,0.5,0.5,0.5,0,0
239332,0.5,0.5,0.5,0,0
341350,0.5,0.5,0.5,0,0
1468108,0.9987415671348572,0.9987415671348572,1.0,1,1
520014,0.5,0.5,0.5,0,0
290737,0.9945346117019653,0.9665458798408508,1.0,2,1
1473470,0.9996328353881836,0.9909921884536743,1.0,2,1
152359,0.5,0.5,0.5,0,0
1100429,0.9815366864204407,0.9815366864204407,1.0,1,1
1673796,0.9496158361434937,0.7368977069854736,1.0,2,1
823100,0.9848756790161133,0.9748132228851318,1.0,2,1
187874,0.5515624284744263,0.5515624284744263,1.0,1,1
280020,0.5,0.5,0.5,0,0
48283,0.5,0.5,0.5,0,0
1093038,0.5,0.5,0.5,0,0
1145626,0.5,0.5,0.5,0,0
205991,0.7149986028671265,0.7149986028671265,1.0,1,1
435107,0.9980656504631042,0.9980656504631042,1.0,1,1
194972,0.999388575553894,0.99699866771698,1.0,2,1
1260915,0.9257447123527527,0.9257447123527527,1.0,1,1
675342,0.9940470457077026,0.8307771682739258,1.0,2,1
1651312,0.5,0.5,0.5,0,0
1603890,0.9586948752403259,0.9586948752403259,1.0,1,1
417903,0.5,0.5,0.5,0,0
660271,0.9714297652244568,0.9714297652244568,1.0,1,1
1550365,0.8812879323959351,0.8812879323959351,1.0,1,1
1627812,0.9931424856185913,0.9931424856185913,1.0,1,1
202515,0.8591557145118713,0.7422155737876892,1.0,2,1
304723,0.5,0.5,0.5,0,0
92559,0.5,0.5,0.5,0,0
348912,0.5,0.5,0.5,0,0
383928,0.9998389482498169,0.9998389482498169,1.0,1,1
1029711,0.5963888168334961,0.5963888168334961,1.0,1,1
972164,0.5,0.5,0.5,0,0
1251605,0.5,0.5,0.5,0,0
1630710,0.9979607462882996,0.9373635649681091,1.0,2,1
941348,0.9998319149017334,0.9998319149017334,1.0,1,1
141512,0.5,0.5,0.5,0,0
462312,0.9994865655899048,0.9994865655899048,1.0,1,1
895022,0.5,0.5,0.5,0,0
1576873,0.024374036118388176,0.024374036118388176,0.0,1,1
930227,0.9983229637145996,0.9914093613624573,1.0,2,1
1192599,0.5,0.5,0.5,0,0
232294,0.5,0.5,0.5,0,0
1081196,0.9989051818847656,0.9989051818847656,1.0,1,1
343406,0.7419692277908325,0.5235564708709717,1.0,2,1
527651,0.276424765586853,0.276424765586853,0.0,1,1
1090037,0.9991552233695984,0.9844999313354492,1.0,2,1
304197,0.9977923631668091,0.9977923631668091,1.0,1,1
466876,0.998584508895874,0.998584508895874,1.0,1,1
1083988,0.5,0.5,0.5,0,0
484134,0.5,0.5,0.5,0,0
385912,0.5,0.5,0.5,0,0
129970,0.5,0.5,0.5,0,0
393170,0.5,0.5,0.5,0,0
1653380,0.5,0.5,0.5,0,0
356358,0.5,0.5,0.5,0,0
1281392,0.5,0.5,0.5,0,0
615894,0.5,0.5,0.5,0,0
1086311,0.5,0.5,0.5,0,0
1514948,0.5,0.5,0.5,0,0
243702,0.9985212087631226,0.7987073659896851,1.0,2,1
896529,0.5,0.5,0.5,0,0
369403,0.5,0.5,0.5,0,0
517872,0.5,0.5,0.5,0,0
691954,0.5,0.5,0.5,0,0
600710,0.5,0.5,0.5,0,0
121514,0.964576780796051,0.964576780796051,1.0,1,1
1060406,0.5,0.5,0.5,0,0
1498885,0.5,0.5,0.5,0,0
1246934,0.9922904372215271,0.9922904372215271,1.0,1,1
281174,0.5,0.5,0.5,0,0
209955,0.5,0.5,0.5,0,0
160616,0.9997494220733643,0.9657089710235596,1.0,2,1
220505,0.5,0.5,0.5,0,0
416046,0.5,0.5,0.5,0,0
384177,0.5,0.5,0.5,0,0
523563,0.24266716837882996,0.24266716837882996,0.0,1,1
676733,0.5,0.5,0.5,0,0
1233007,0.9999030828475952,0.9995477795600891,1.0,3,1
249358,0.9565970301628113,0.9565970301628113,1.0,1,1
925469,0.5,0.5,0.5,0,0
1002069,0.9994365572929382,0.9994365572929382,1.0,1,1
164456,0.7362735867500305,0.7362735867500305,1.0,1,1
1677938,0.5,0.5,0.5,0,0
496255,0.5,0.5,0.5,0,0
437701,0.5,0.5,0.5,0,0
274237,0.5,0.5,0.5,0,0
359961,0.5,0.5,0.5,0,0
259134,0.9638764262199402,0.9638764262199402,1.0,1,1
1636436,0.9976977109909058,0.9624143242835999,1.0,2,1
509576,0.9998806715011597,0.9998806715011597,1.0,1,1
683651,0.5,0.5,0.5,0,0
1660616,0.5,0.5,0.5,0,0
1119341,0.9997692704200745,0.9997692704200745,1.0,1,1
1015715,0.5,0.5,0.5,0,0
1577931,0.5,0.5,0.5,0,0
74242,0.9898166656494141,0.9898166656494141,1.0,1,1
339787,0.5,0.5,0.5,0,0
986640,0.9852461218833923,0.9852461218833923,1.0,1,1
213255,0.999755859375,0.8622422814369202,1.0,2,1
1615245,0.5,0.5,0.5,0,0
1618293,0.5,0.5,0.5,0,0
1545195,0.9887139201164246,0.9887139201164246,1.0,1,1
1080239,0.9986176490783691,0.9986176490783691,1.0,1,1
512845,0.5,0.5,0.5,0,0
1091901,0.9999982118606567,0.9999982118606567,1.0,1,1
632831,0.5,0.5,0.5,0,0
1647516,0.9974740147590637,0.9974740147590637,1.0,1,1
1453390,0.9288676977157593,0.46443384885787964,1.0,2,1
295220,0.9128869771957397,0.9128869771957397,1.0,1,1
123251,0.5,0.5,0.5,0,0
54052,0.8472888469696045,0.8472888469696045,1.0,1,1
1579749,0.9997243881225586,0.7638667821884155,1.0,2,1
403251,0.5,0.5,0.5,0,0
284742,0.9711793661117554,0.8111206889152527,1.0,3,1
166266,0.7002469897270203,0.40735429525375366,1.0,3,1
1449518,0.5,0.5,0.5,0,0
1489007,0.9510282874107361,0.9510282874107361,1.0,1,1
567178,0.5,0.5,0.5,0,0
313655,0.9925960898399353,0.9925960898399353,1.0,1,1
814126,0.5,0.5,0.5,0,0
1660251,0.9997548460960388,0.9659045934677124,1.0,2,1
615588,0.5,0.5,0.5,0,0
752710,0.5,0.5,0.5,0,0
229290,0.5,0.5,0.5,0,0
73509,0.5,0.5,0.5,0,0
1613467,0.8044258952140808,0.8044258952140808,1.0,1,1
748754,0.6357247829437256,0.6357247829437256,1.0,1,1
1043469,0.5,0.5,0.5,0,0
1622318,0.5,0.5,0.5,0,0
129214,0.559363842010498,0.559363842010498,1.0,1,1
1144891,0.9999841451644897,0.9567910432815552,1.0,2,1
361516,0.9988162517547607,0.9988162517547607,1.0,1,1
910709,0.9999446868896484,0.9999446868896484,1.0,1,1
195560,0.9923518300056458,0.9923518300056458,1.0,1,1
635406,0.5,0.5,0.5,0,0
503573,0.5,0.5,0.5,0,0
1121248,0.5,0.5,0.5,0,0
1061677,0.9999996423721313,0.9999996423721313,1.0,1,1
759724,0.5,0.5,0.5,0,0
1259718,0.9985118508338928,0.9985118508338928,1.0,1,1
1057883,0.5,0.5,0.5,0,0
71628,0.9951321482658386,0.9951321482658386,1.0,1,1
89894,0.5,0.5,0.5,0,0
712077,0.9928713440895081,0.9928713440895081,1.0,1,1
54178,0.5,0.5,0.5,0,0
1514948,0.5,0.5,0.5,0,0
1254662,0.5,0.5,0.5,0,0
1152726,0.5,0.5,0.5,0,0
976137,0.5,0.5,0.5,0,0
1588798,0.9415647983551025,0.9415647983551025,1.0,1,1
836693,0.700861394405365,0.700861394405365,1.0,1,1
814050,0.8148131966590881,0.8148131966590881,1.0,1,1
1580201,0.9753146171569824,0.6024860143661499,1.0,3,1
315805,0.9500298500061035,0.9500298500061035,1.0,1,1
72733,0.5,0.5,0.5,0,0
1232069,0.679056704044342,0.679056704044342,1.0,1,1
149015,0.2879914939403534,0.2879914939403534,0.0,1,1
318370,0.5,0.5,0.5,0,0
622728,0.5,0.5,0.5,0,0
416763,0.5,0.5,0.5,0,0
251963,0.9754250645637512,0.9754250645637512,1.0,1,1
243700,0.5,0.5,0.5,0,0
420047,0.5,0.5,0.5,0,0
1657230,0.9989590644836426,0.7436710000038147,1.0,2,1
357429,0.9677300453186035,0.9677300453186035,1.0,1,1
359196,0.9991093873977661,0.9311711192131042,1.0,3,1
228208,0.9967220425605774,0.9967220425605774,1.0,1,1
217016,0.5,0.5,0.5,0,0
811666,0.5,0.5,0.5,0,0
1083686,0.5,0.5,0.5,0,0
239987,0.9381005764007568,0.9381005764007568,1.0,1,1
765268,0.5,0.5,0.5,0,0
506440,0.5,0.5,0.5,0,0
1136537,0.5,0.5,0.5,0,0
519147,0.9998120665550232,0.9998120665550232,1.0,1,1
438686,0.5,0.5,0.5,0,0
1533369,0.5,0.5,0.5,0,0
375499,0.9995738863945007,0.9995738863945007,1.0,1,1
74105,0.5,0.5,0.5,0,0
830028,0.9980744123458862,0.5634350180625916,1.0,3,1
187204,0.5,0.5,0.5,0,0
986425,0.5,0.5,0.5,0,0
137898,0.5,0.5,0.5,0,0
252023,0.9999898672103882,0.9999898672103882,1.0,1,1
454291,0.9998005032539368,0.9998005032539368,1.0,1,1
830382,0.5,0.5,0.5,0,0
57886,0.5,0.5,0.5,0,0
281492,0.9996813535690308,0.9996813535690308,1.0,1,1
39896,0.5,0.5,0.5,0,0
852385,0.9998139142990112,0.64986652135849,1.0,2,1
120038,0.5,0.5,0.5,0,0
366068,0.9814592599868774,0.9814592599868774,1.0,1,1
1246483,0.7991713881492615,0.7991713881492615,1.0,1,1
1156355,0.5,0.5,0.5,0,0
362284,0.5,0.5,0.5,0,0
52006,0.5,0.5,0.5,0,0
1054699,0.7264609932899475,0.7264609932899475,1.0,1,1
869917,0.5,0.5,0.5,0,0
62103,0.5,0.5,0.5,0,0
1620017,0.5,0.5,0.5,0,0
162129,0.5,0.5,0.5,0,0
584561,0.9605233669281006,0.9605233669281006,1.0,1,1
353633,0.5,0.5,0.5,0,0
930758,0.999473512172699,0.999473512172699,1.0,1,1
1516000,0.5,0.5,0.5,0,0
634505,0.5,0.5,0.5,0,0
175691,0.9770153760910034,0.640164315700531,1.0,2,1
203339,0.5,0.5,0.5,0,0
235733,0.9999138116836548,0.9999138116836548,1.0,1,1
253804,0.9961485862731934,0.6218926906585693,1.0,2,1
1117592,0.5,0.5,0.5,0,0
864715,0.5,0.5,0.5,0,0
1197100,0.5,0.5,0.5,0,0
274366,0.9979419708251953,0.9846705198287964,1.0,3,1
400981,0.8828151226043701,0.8828151226043701,1.0,1,1
370962,0.5,0.5,0.5,0,0
347864,0.5,0.5,0.5,0,0
110015,0.5,0.5,0.5,0,0
236344,0.5,0.5,0.5,0,0
53886,0.5,0.5,0.5,0,0
1228311,0.9999959468841553,0.9650344252586365,1.0,2,1
230235,0.7213262319564819,0.7213262319564819,1.0,1,1
420462,0.9999926090240479,0.8939268589019775,1.0,2,1
94591,0.6843373775482178,0.6843373775482178,1.0,1,1
674430,0.5,0.5,0.5,0,0
1535397,0.5,0.5,0.5,0,0
1035496,0.9994845390319824,0.9994845390319824,1.0,1,1
681537,0.995299756526947,0.9106764793395996,1.0,2,1
467546,0.9998080730438232,0.5721809267997742,1.0,3,1
567886,0.5,0.5,0.5,0,0
141204,0.9991423487663269,0.9977236390113831,1.0,2,1
1156355,0.5,0.5,0.5,0,0
1526507,0.5,0.5,0.5,0,0
1189687,0.9968840479850769,0.5427911281585693,1.0,3,1
699286,0.9966492056846619,0.9966492056846619,1.0,1,1
95213,0.9207009673118591,0.9207009673118591,1.0,1,1
642123,0.5,0.5,0.5,0,0
798792,0.5,0.5,0.5,0,0
668218,0.921826958656311,0.921826958656311,1.0,1,1
339376,0.9995023012161255,0.9995023012161255,1.0,1,1
1211115,0.6341062188148499,0.6341062188148499,1.0,1,1
1536459,0.9991624355316162,0.9991624355316162,1.0,1,1
1178482,0.5,0.5,0.5,0,0
573653,0.5,0.5,0.5,0,0
1585139,0.5,0.5,0.5,0,0
250327,0.6602784395217896,0.6602784395217896,1.0,1,1
412247,0.5,0.5,0.5,0,0
708073,0.5601122975349426,0.2800561487674713,0.0,2,1
1624302,0.5,0.5,0.5,0,0
1215779,0.9998679757118225,0.8652634620666504,1.0,3,1
90300,0.9969862103462219,0.9969862103462219,1.0,1,1
500726,0.5,0.5,0.5,0,0
93620,0.9997989535331726,0.9997989535331726,1.0,1,1
736244,0.5,0.5,0.5,0,0
1676687,0.5,0.5,0.5,0,0
128762,0.9439724683761597,0.4716132879257202,1.0,3,1
622291,0.9965393543243408,0.9607471227645874,1.0,2,1
1237127,0.9963750839233398,0.6664063334465027,1.0,2,1
795909,0.5,0.5,0.5,0,0
219093,0.5,0.5,0.5,0,0
1489007,0.9510282874107361,0.9510282874107361,1.0,1,1
1083686,0.5,0.5,0.5,0,0
1165933,0.5,0.5,0.5,0,0
836693,0.700861394405365,0.700861394405365,1.0,1,1
56044,0.7527065873146057,0.7527065873146057,1.0,1,1
710116,0.5,0.5,0.5,0,0
623544,0.5,0.5,0.5,0,0
143953,0.28855401277542114,0.28855401277542114,0.0,1,1
55257,0.5,0.5,0.5,0,0
930602,0.9971137046813965,0.9971137046813965,1.0,1,1
479040,0.9999616742134094,0.9998642206192017,1.0,3,1
49528,0.8542190790176392,0.8542190790176392,1.0,1,1
299329,0.5,0.5,0.5,0,0
368365,0.5,0.5,0.5,0,0
48368,0.5,0.5,0.5,0,0
212734,0.26295754313468933,0.26295754313468933,0.0,1,1
431192,0.9870156049728394,0.9870156049728394,1.0,1,1
211742,0.9617699384689331,0.6706414222717285,1.0,2,1
308259,0.5,0.5,0.5,0,0
122489,0.5,0.5,0.5,0,0
1550618,0.5,0.5,0.5,0,0
370851,0.9999992847442627,0.9999992847442627,1.0,1,1
972164,0.5,0.5,0.5,0,0
478985,0.9979829788208008,0.9979829788208008,1.0,1,1
548995,0.5,0.5,0.5,0,0
1249324,0.5,0.5,0.5,0,0
130399,0.9999761581420898,0.9999761581420898,1.0,1,1
357429,0.9677300453186035,0.9677300453186035,1.0,1,1
504121,0.5,0.5,0.5,0,0
282357,0.5,0.5,0.5,0,0
1199877,0.49085408449172974,0.49085408449172974,0.0,1,1
293877,0.5,0.5,0.5,0,0
442748,0.5,0.5,0.5,0,0
70078,0.8509215116500854,0.8509215116500854,1.0,1,1
333826,0.5,0.5,0.5,0,0
1612259,0.5,0.5,0.5,0,0
243894,0.9999053478240967,0.9999053478240967,1.0,1,1
1284490,0.5,0.5,0.5,0,0
323851,0.7896327376365662,0.7896327376365662,1.0,1,1
1054431,0.9985619783401489,0.9813315868377686,1.0,2,1
323043,0.5,0.5,0.5,0,0
438842,0.9957584738731384,0.9957584738731384,1.0,1,1
478222,0.34078913927078247,0.34078913927078247,0.0,1,1
137208,0.5,0.5,0.5,0,0
203772,0.9966811537742615,0.9966811537742615,1.0,1,1
1274393,0.5,0.5,0.5,0,0
695286,0.5,0.5,0.5,0,0
784680,0.791717529296875,0.7386859655380249,1.0,2,1
39138,0.5,0.5,0.5,0,0
1671969,0.9975212216377258,0.9975212216377258,1.0,1,1
270339,0.9388113617897034,0.9388113617897034,1.0,1,1
311198,0.999444842338562,0.7676950097084045,1.0,3,1
969846,0.5,0.5,0.5,0,0
335767,0.5,0.5,0.5,0,0
892817,0.9989558458328247,0.9989558458328247,1.0,1,1
178744,0.9999803304672241,0.6188357472419739,1.0,2,1
72247,0.5,0.5,0.5,0,0
1451790,0.5,0.5,0.5,0,0
562558,0.9394410848617554,0.8386015295982361,1.0,2,1
719126,0.5,0.5,0.5,0,0
616606,0.9912030696868896,0.6976554989814758,1.0,4,1
263968,0.5,0.5,0.5,0,0
300631,0.9999834299087524,0.9999834299087524,1.0,1,1
134736,0.8131055235862732,0.8131055235862732,1.0,1,1
409759,0.5,0.5,0.5,0,0
376650,0.9983502626419067,0.9983502626419067,1.0,1,1
96490,0.5,0.5,0.5,0,0
1005682,0.9899277091026306,0.9899277091026306,1.0,1,1
720281,0.5,0.5,0.5,0,0
389881,0.9282384514808655,0.9282384514808655,1.0,1,1
314949,0.5,0.5,0.5,0,0
56489,0.999976634979248,0.999976634979248,1.0,1,1
1565035,0.9999910593032837,0.9999910593032837,1.0,1,1
894348,0.9999209642410278,0.9999209642410278,1.0,1,1
539287,0.9998975992202759,0.9998975992202759,1.0,1,1
1123466,0.6719204187393188,0.6719204187393188,1.0,1,1
895142,0.5,0.5,0.5,0,0
1017728,0.5,0.5,0.5,0,0
1156742,0.9999189376831055,0.8400641083717346,1.0,2,1
535482,0.5,0.5,0.5,0,0
619237,0.9898576736450195,0.9898576736450195,1.0,1,1
713948,0.9997919797897339,0.54815274477005,1.0,2,1
313590,0.5,0.5,0.5,0,0
229901,0.5,0.5,0.5,0,0
136368,0.8896285891532898,0.8896285891532898,1.0,1,1
465050,0.9999248385429382,0.9922473430633545,1.0,2,1
127778,0.5,0.5,0.5,0,0
367253,0.960412859916687,0.960412859916687,1.0,1,1
78997,0.7379701733589172,0.7379701733589172,1.0,1,1
741741,0.5,0.5,0.5,0,0
980922,0.9991323351860046,0.9991323351860046,1.0,1,1
1497533,0.9939090013504028,0.9939090013504028,1.0,1,1
311198,0.999444842338562,0.7676950097084045,1.0,3,1
1240197,0.5554670095443726,0.5554670095443726,1.0,1,1
583966,0.5,0.5,0.5,0,0
1642319,0.9971513152122498,0.9971513152122498,1.0,1,1
974568,0.9998903274536133,0.9998903274536133,1.0,1,1
1196198,0.5,0.5,0.5,0,0
130652,0.9989663362503052,0.9989663362503052,1.0,1,1
1547090,0.5,0.5,0.5,0,0
528278,0.5,0.5,0.5,0,0
219339,0.5,0.5,0.5,0,0
1233651,0.9689792990684509,0.9689792990684509,1.0,1,1
234479,0.9925683736801147,0.9925683736801147,1.0,1,1
422173,0.5,0.5,0.5,0,0
837567,0.5,0.5,0.5,0,0
1246294,0.8963105082511902,0.8065931797027588,1.0,2,1
212335,0.5,0.5,0.5,0,0
344740,0.5,0.5,0.5,0,0
204297,0.9999942183494568,0.9998149275779724,1.0,2,1
987242,0.5,0.5,0.5,0,0
1285235,0.5,0.5,0.5,0,0
1614682,0.5,0.5,0.5,0,0
988309,0.9958610534667969,0.5026566982269287,1.0,2,1
225055,0.3702598512172699,0.3702598512172699,0.0,1,1
273804,0.5,0.5,0.5,0,0
978942,0.9970623254776001,0.9674378633499146,1.0,2,1
848491,0.8231568336486816,0.8231568336486816,1.0,1,1
567967,0.5,0.5,0.5,0,0
1113032,0.5,0.5,0.5,0,0
1260967,0.5,0.5,0.5,0,0
567967,0.5,0.5,0.5,0,0
700004,0.5,0.5,0.5,0,0
464336,0.5,0.5,0.5,0,0
395735,0.5,0.5,0.5,0,0
237542,0.9965233206748962,0.9965233206748962,1.0,1,1
225089,0.9972053170204163,0.9972053170204163,1.0,1,1
746472,0.9973112344741821,0.9973112344741821,1.0,1,1
317173,0.8890868425369263,0.8890868425369263,1.0,1,1
