sample_id,deberta_score,entity_count,has_evidence
train_000000,0.23723954,4,1
train_000001,0.5,1,0
train_000002,0.00015120259,2,1
train_000003,0.001220282,4,1
train_000004,0.000733202,3,1
train_000005,0.5,1,0
train_000006,0.5,1,0
train_000007,0.5,1,0
train_000008,0.19838697,2,1
train_000009,0.5,2,0
train_000010,0.5,1,0
train_000011,0.5,1,0
train_000012,0.5,1,0
train_000013,0.00038640955,1,1
train_000014,0.00059783104,3,1
train_000015,0.9808668,4,1
train_000016,0.0006101603,1,1
train_000017,0.0034155063,3,1
train_000018,0.0029640032,1,1
train_000019,0.0010879134,1,1
train_000020,0.5,4,0
train_000021,0.00018237358,4,1
train_000022,0.0010377235,3,1
train_000023,0.5,3,0
train_000024,0.0013880072,1,1
train_000025,0.0011692382,3,1
train_000026,0.0006596571,2,1
train_000027,0.001905477,1,1
train_000028,1.6817852e-05,2,1
train_000029,0.5,3,0
train_000030,0.96965885,2,1
train_000031,0.0006301199,1,1
train_000032,0.05234195,4,1
train_000033,0.0017802101,2,1
train_000034,0.5,2,0
train_000035,0.5,1,0
train_000036,0.5,1,0
train_000037,0.03336214,2,1
train_000038,0.0022332235,2,1
train_000039,0.5,2,0
train_000040,0.0039984244,1,1
train_000041,0.5,2,0
train_000042,0.5,4,0
train_000043,0.5,2,0
train_000044,0.5,3,0
train_000045,0.0014528689,2,1
train_000046,0.0041296594,4,1
train_000047,0.5,3,0
train_000048,0.0019422743,2,1
train_000049,0.5,4,0
train_000050,0.5,1,0
train_000051,0.5,1,0
train_000052,0.0039426466,4,1
train_000053,0.00030767612,2,1
train_000054,0.5,3,0
train_000055,0.0032119795,4,1
train_000056,0.013897171,3,1
train_000057,0.5,1,0
train_000058,0.5,4,0
train_000059,0.5,1,0
train_000060,0.0043317648,3,1
train_000061,0.5,2,0
train_000062,0.7230147,2,1
train_000063,0.5,2,0
train_000064,0.5,1,0
train_000065,0.5,1,0
train_000066,0.011955283,2,1
train_000067,0.5,4,0
train_000068,0.5,2,0
train_000069,0.004052356,3,1
train_000070,0.5,2,0
train_000071,0.5,1,0
train_000072,0.00064996135,1,1
train_000073,0.5,3,0
train_000074,0.0028847202,4,1
train_000075,0.002951468,3,1
train_000076,0.5,4,0
train_000077,0.00064713764,1,1
train_000078,0.5,1,0
train_000079,0.0003825588,3,1
train_000080,0.007547749,3,1
train_000081,0.14123309,3,1
train_000082,0.0029945616,3,1
train_000083,0.0022926892,4,1
train_000084,0.5,3,0
train_000085,0.00028028575,2,1
train_000086,0.00035829135,2,1
train_000087,0.00060570065,3,1
train_000088,0.00033870764,2,1
train_000089,0.5,1,0
train_000090,0.5,1,0
train_000091,0.00023158932,1,1
train_000092,0.0014586028,3,1
train_000093,0.0027189916,2,1
train_000094,0.5,4,0
train_000095,0.5,1,0
train_000096,0.5,2,0
train_000097,0.0018840102,2,1
train_000098,0.5,1,0
train_000099,0.99720806,1,1
train_000100,0.5,1,0
train_000101,0.5,1,0
train_000102,0.5,2,0
train_000103,0.5,4,0
train_000104,0.5,4,0
train_000105,0.5,2,0
train_000106,0.00011645986,2,1
train_000107,0.003738202,1,1
train_000108,4.314089e-05,1,1
train_000109,0.5,3,0
train_000110,0.00013033632,1,1
train_000111,0.0015058294,2,1
train_000112,0.00128842,1,1
train_000113,0.00010677265,3,1
train_000114,0.00086984865,4,1
train_000115,0.0004047661,1,1
train_000116,0.5,3,0
train_000117,0.012280708,4,1
train_000118,0.5,1,0
train_000119,0.5,1,0
train_000120,0.00031957257,2,1
train_000121,0.0065024514,1,1
train_000122,8.1335784e-05,1,1
train_000123,0.00282898,2,1
train_000124,0.5,3,0
train_000125,8.463857e-05,1,1
train_000126,7.336147e-05,2,1
train_000127,0.22259487,3,1
train_000128,0.0003579416,1,1
train_000129,0.0004948569,2,1
train_000130,0.5,1,0
train_000131,0.5,1,0
train_000132,0.5,3,0
train_000133,0.5,1,0
train_000134,0.0045430297,1,1
train_000135,0.0013672754,2,1
train_000136,0.18042533,2,1
train_000137,0.5,4,0
train_000138,0.5,1,0
train_000139,0.5,4,0
train_000140,0.0030370732,2,1
train_000141,0.00015646263,2,1
train_000142,0.0023889672,2,1
train_000143,0.5,4,0
train_000144,0.003985315,2,1
train_000145,0.0035903726,1,1
train_000146,0.007796157,2,1
train_000147,0.00019588701,2,1
train_000148,0.5,1,0
train_000149,0.00017369114,1,1
train_000150,0.017192835,3,1
train_000151,0.5,2,0
train_000152,0.0023750241,3,1
train_000153,0.5,2,0
train_000154,0.5,1,0
train_000155,0.00047089078,2,1
train_000156,0.13066882,4,1
train_000157,0.5,1,0
train_000158,0.5,4,0
train_000159,0.101778775,3,1
train_000160,0.06512246,2,1
train_000161,0.5,1,0
train_000162,0.5,4,0
train_000163,0.04003928,1,1
train_000164,0.5,2,0
train_000165,0.00032344076,1,1
train_000166,0.002238866,2,1
train_000167,0.5,4,0
train_000168,6.091364e-05,2,1
train_000169,0.00058033917,2,1
train_000170,0.0010336903,2,1
train_000171,0.5,2,0
train_000172,0.5,1,0
train_000173,0.5,1,0
train_000174,0.0009222486,2,1
train_000175,0.5,1,0
train_000176,0.9814315,4,1
train_000177,0.5,1,0
train_000178,0.00011459649,2,1
train_000179,0.033906274,3,1
train_000180,0.1621402,3,1
train_000181,0.5,4,0
train_000182,0.5,2,0
train_000183,0.0011541198,3,1
train_000184,0.5,1,0
train_000185,0.09472881,1,1
train_000186,0.5,3,0
train_000187,0.5,1,0
train_000188,0.5,1,0
train_000189,0.5,3,0
train_000190,0.5,1,0
train_000191,0.05052407,4,1
train_000192,0.0004900494,1,1
train_000193,0.00044278827,2,1
train_000194,0.00019128487,2,1
train_000195,0.0019661123,2,1
train_000196,0.5,1,0
train_000197,0.5,2,0
train_000198,0.5,2,0
train_000199,0.0031001891,1,1
train_000200,0.0017345786,1,1
train_000201,0.5,2,0
train_000202,0.0005567964,3,1
train_000203,0.00070212653,1,1
train_000204,0.003185644,1,1
train_000205,0.00019805516,2,1
train_000206,0.011157811,2,1
train_000207,0.028229533,2,1
train_000208,0.0002210158,4,1
train_000209,0.5,1,0
train_000210,0.5,1,0
train_000211,0.5,4,0
train_000212,0.0014584541,3,1
train_000213,0.061194733,4,1
train_000214,0.5,1,0
train_000215,8.2539285e-05,1,1
train_000216,0.0006531194,2,1
train_000217,0.5,4,0
train_000218,0.5,3,0
train_000219,0.5,1,0
train_000220,0.00062227435,2,1
train_000221,0.5,3,0
train_000222,0.5,2,0
train_000223,0.5,2,0
train_000224,0.5,1,0
train_000225,0.5,1,0
train_000226,0.5,1,0
train_000227,0.5,4,0
train_000228,0.5,2,0
train_000229,0.0030283642,1,1
train_000230,0.00060188485,3,1
train_000231,0.5,3,0
train_000232,0.5,4,0
train_000233,0.007266765,2,1
train_000234,0.00055748457,3,1
train_000235,0.06462919,4,1
train_000236,0.0050473358,2,1
train_000237,0.00034121005,2,1
train_000238,0.5,4,0
train_000239,0.5,1,0
train_000240,0.037021194,2,1
train_000241,0.5,1,0
train_000242,0.27361667,1,1
train_000243,0.0047145383,3,1
train_000244,0.5,4,0
train_000245,0.005653759,1,1
train_000246,0.0008665625,3,1
train_000247,0.010227681,2,1
train_000248,0.5,3,0
train_000249,0.0145998495,1,1
train_000250,0.0018501367,2,1
train_000251,0.007284623,2,1
train_000252,0.5,1,0
train_000253,0.00016238385,3,1
train_000254,0.0001526326,1,1
train_000255,0.00012379649,1,1
train_000256,0.5,1,0
train_000257,0.00043544234,1,1
train_000258,4.8611375e-05,1,1
train_000259,0.5,2,0
train_000260,0.5,1,0
train_000261,0.0001743685,3,1
train_000262,0.033869892,1,1
train_000263,0.5,1,0
train_000264,0.0012868926,2,1
train_000265,0.026913399,2,1
train_000266,0.030769981,2,1
train_000267,0.5,1,0
train_000268,0.5,4,0
train_000269,0.000442392,3,1
train_000270,0.00987541,2,1
train_000271,0.002705208,2,1
train_000272,0.998028,2,1
train_000273,0.0055916472,3,1
train_000274,7.198949e-05,3,1
train_000275,0.00036822996,2,1
train_000276,0.5,4,0
train_000277,0.5,1,0
train_000278,2.1519263e-05,4,1
train_000279,0.0006305872,1,1
train_000280,0.029855395,4,1
train_000281,0.0018628148,1,1
train_000282,0.5,3,0
train_000283,0.5,4,0
train_000284,0.5,1,0
train_000285,3.0985433e-05,3,1
train_000286,0.00036845825,1,1
train_000287,0.0046174903,3,1
train_000288,0.00036254321,3,1
train_000289,0.00020858776,4,1
train_000290,0.5,1,0
train_000291,0.00012858739,2,1
train_000292,0.5,1,0
train_000293,0.5,2,0
train_000294,0.00556667,4,1
train_000295,0.5,1,0
train_000296,0.15008125,2,1
train_000297,0.5,4,0
train_000298,0.00045069354,4,1
train_000299,6.640688e-05,1,1
train_000300,0.00054269633,2,1
train_000301,0.0066057253,3,1
train_000302,0.041774802,4,1
train_000303,0.5,2,0
train_000304,0.005735101,4,1
train_000305,0.00029982429,2,1
train_000306,0.00016986519,2,1
train_000307,0.5,1,0
train_000308,0.00953699,1,1
train_000309,0.00030087781,2,1
train_000310,0.0005050581,1,1
train_000311,0.34877497,4,1
train_000312,0.00023507403,1,1
train_000313,0.056563407,3,1
train_000314,0.5,1,0
train_000315,0.5,4,0
train_000316,0.00029424872,2,1
train_000317,0.0007412492,3,1
train_000318,0.5,1,0
train_000319,0.5,2,0
train_000320,0.0021902395,3,1
train_000321,0.0038892888,3,1
train_000322,0.0057997317,1,1
train_000323,0.5,1,0
train_000324,0.5,1,0
train_000325,0.00021026228,1,1
train_000326,0.0010122482,4,1
train_000327,0.0035058383,3,1
train_000328,0.001275903,1,1
train_000329,0.24253505,2,1
train_000330,0.0006320619,2,1
train_000331,0.5,4,0
train_000332,0.5,1,0
train_000333,0.5,1,0
train_000334,0.4072496,2,1
train_000335,0.5,1,0
train_000336,0.00035982626,2,1
train_000337,0.5,4,0
train_000338,0.0023201627,3,1
train_000339,0.009133219,1,1
train_000340,0.013346095,2,1
train_000341,0.5,2,0
train_000342,0.5,3,0
train_000343,0.004601025,2,1
train_000344,0.0043969764,2,1
train_000345,0.5,2,0
train_000346,0.5,1,0
train_000347,0.010804742,1,1
train_000348,0.00052675686,2,1
train_000349,0.009781151,1,1
train_000350,0.1000078,3,1
train_000351,0.015719088,1,1
train_000352,0.00017474033,3,1
train_000353,0.00012149668,1,1
train_000354,0.005057813,2,1
train_000355,0.0010879698,2,1
train_000356,0.5,1,0
train_000357,0.5,2,0
train_000358,0.5,2,0
train_000359,0.5,2,0
train_000360,0.0066449186,3,1
train_000361,0.0099149775,3,1
train_000362,0.0018531611,2,1
train_000363,0.00039527917,1,1
train_000364,0.5,4,0
train_000365,0.0047832998,1,1
train_000366,0.5,3,0
train_000367,0.5,4,0
train_000368,0.01622834,3,1
train_000369,0.5,1,0
train_000370,5.8334754e-05,2,1
train_000371,0.00083742203,2,1
train_000372,0.0016146967,2,1
train_000373,0.5,2,0
train_000374,0.38942617,1,1
train_000375,0.0004635348,2,1
train_000376,0.004889246,3,1
train_000377,0.008879129,2,1
train_000378,0.00014115631,3,1
train_000379,0.5,1,0
train_000380,0.009827767,2,1
train_000381,6.783908e-05,1,1
train_000382,0.5,1,0
train_000383,0.06440571,1,1
train_000384,0.5,4,0
train_000385,0.0009152479,1,1
train_000386,0.5,1,0
train_000387,0.004019124,3,1
train_000388,0.5,1,0
train_000389,0.0166919,3,1
train_000390,2.9770708e-05,1,1
train_000391,0.0014990247,4,1
train_000392,0.9801246,4,1
train_000393,0.018114192,1,1
train_000394,0.007823882,2,1
train_000395,0.00048929214,1,1
train_000396,0.5,2,0
train_000397,0.0062255324,3,1
train_000398,0.5,3,0
train_000399,0.008977618,1,1
train_000400,0.5,4,0
train_000401,0.008808943,1,1
train_000402,0.5,4,0
train_000403,0.5,1,0
train_000404,0.5,1,0
train_000405,0.00012512642,1,1
train_000406,0.5,1,0
train_000407,0.5,4,0
train_000408,0.00012042143,2,1
train_000409,0.5,1,0
train_000410,0.20355833,1,1
train_000411,0.5,4,0
train_000412,6.8914596e-05,1,1
train_000413,0.019298522,4,1
train_000414,0.276205,4,1
train_000415,0.5,4,0
train_000416,0.00089081906,2,1
train_000417,0.5,3,0
train_000418,0.00054368103,1,1
train_000419,0.5,1,0
train_000420,0.98066187,3,1
train_000421,0.5,1,0
train_000422,0.0005949474,2,1
train_000423,0.5,3,0
train_000424,0.5,1,0
train_000425,0.5,3,0
train_000426,0.5,2,0
train_000427,0.5,4,0
train_000428,0.9819421,4,1
train_000429,0.0013280415,1,1
train_000430,0.5,1,0
train_000431,0.0007335511,1,1
train_000432,0.004204488,4,1
train_000433,0.0021739707,4,1
train_000434,0.5,1,0
train_000435,0.05274767,3,1
train_000436,0.5,2,0
train_000437,0.95885134,4,1
train_000438,6.178313e-05,2,1
train_000439,0.0002485465,1,1
train_000440,0.5,3,0
train_000441,0.00016654315,2,1
train_000442,0.5,3,0
train_000443,0.5,3,0
train_000444,0.0044429386,3,1
train_000445,0.5,1,0
train_000446,0.3371483,1,1
train_000447,0.000105035506,4,1
train_000448,0.5,1,0
train_000449,0.5,1,0
train_000450,0.5,3,0
train_000451,0.51337266,2,1
train_000452,0.00013367829,1,1
train_000453,0.029721338,1,1
train_000454,9.058047e-05,2,1
train_000455,0.5,1,0
train_000456,0.0010870032,2,1
train_000457,0.5,1,0
train_000458,0.00023265653,4,1
train_000459,0.5,2,0
train_000460,0.5,1,0
train_000461,0.00016286234,1,1
train_000462,0.008895881,3,1
train_000463,0.0062263953,2,1
train_000464,0.0019064932,4,1
train_000465,0.0029989386,4,1
train_000466,0.0023620878,4,1
train_000467,0.5,1,0
train_000468,0.5,1,0
train_000469,2.4023166e-05,2,1
train_000470,0.5,1,0
train_000471,0.5,1,0
train_000472,0.8470682,4,1
train_000473,0.5,1,0
train_000474,0.5,1,0
train_000475,0.007863713,4,1
train_000476,0.5,3,0
train_000477,0.5,4,0
train_000478,0.0016423966,1,1
train_000479,0.5,2,0
train_000480,0.5,1,0
train_000481,0.00020374032,1,1
train_000482,0.0002281438,3,1
train_000483,0.5,1,0
train_000484,0.07712497,1,1
train_000485,0.5,3,0
train_000486,0.04272218,3,1
train_000487,0.49737096,4,1
train_000488,0.0004410859,3,1
train_000489,0.0034728914,1,1
train_000490,0.020114424,1,1
train_000491,0.006701155,2,1
train_000492,0.0026408797,3,1
train_000493,0.0021107222,1,1
train_000494,0.5,1,0
train_000495,6.632828e-05,1,1
train_000496,0.0008547767,3,1
train_000497,0.5,1,0
train_000498,0.14491692,4,1
train_000499,0.00023920459,2,1
train_000500,0.0012469471,2,1
train_000501,0.5,2,0
train_000502,0.0007425411,4,1
train_000503,0.5,2,0
train_000504,0.15420637,1,1
train_000505,0.5,3,0
train_000506,0.00015567665,4,1
train_000507,0.9534414,4,1
train_000508,0.001726892,2,1
train_000509,0.5,1,0
train_000510,0.0017154576,2,1
train_000511,0.0006045839,3,1
train_000512,0.000380229,2,1
train_000513,0.5,4,0
train_000514,0.5,4,0
train_000515,6.0743525e-05,4,1
train_000516,0.00032368625,2,1
train_000517,0.061403003,4,1
train_000518,0.0056530507,4,1
train_000519,0.992415,3,1
train_000520,0.5,3,0
train_000521,0.0012382283,3,1
train_000522,0.7144006,3,1
train_000523,0.000631649,2,1
train_000524,0.004797186,3,1
train_000525,0.002214085,2,1
train_000526,0.5,2,0
train_000527,0.0062183887,2,1
train_000528,0.5,4,0
train_000529,0.00031684185,4,1
train_000530,6.7236346e-05,3,1
train_000531,0.5,1,0
train_000532,0.0006623405,4,1
train_000533,0.5,1,0
train_000534,0.044481155,4,1
train_000535,0.00016735027,2,1
train_000536,0.5,4,0
train_000537,0.5,1,0
train_000538,0.5,1,0
train_000539,0.5,2,0
train_000540,0.0012404259,2,1
train_000541,9.22539e-05,2,1
train_000542,0.5,2,0
train_000543,0.5,2,0
train_000544,0.5,4,0
train_000545,0.0009208292,4,1
train_000546,0.008259114,4,1
train_000547,0.8578857,2,1
train_000548,0.5,4,0
train_000549,0.07104496,4,1
train_000550,0.5,2,0
train_000551,0.5,4,0
train_000552,0.0006893472,2,1
train_000553,0.00019640995,2,1
train_000554,0.5,2,0
train_000555,0.009078666,3,1
train_000556,8.457859e-05,4,1
train_000557,0.0020846105,4,1
train_000558,0.01278579,3,1
train_000559,0.004190281,2,1
train_000560,0.5,1,0
train_000561,0.00033369573,2,1
train_000562,0.5,1,0
train_000563,0.0069252513,2,1
train_000564,0.5,3,0
train_000565,0.0036924477,4,1
train_000566,0.003157697,4,1
train_000567,0.15921864,2,1
train_000568,0.5,2,0
train_000569,0.018743942,4,1
train_000570,0.90816635,2,1
train_000571,0.08021789,4,1
train_000572,0.0004561696,3,1
train_000573,0.5,4,0
train_000574,0.0021617885,4,1
train_000575,0.009694804,3,1
train_000576,0.5,4,0
train_000577,0.5,4,0
train_000578,0.00023308881,3,1
train_000579,0.00018773378,1,1
train_000580,0.0002853253,2,1
train_000581,0.22610994,3,1
train_000582,0.0006034246,2,1
train_000583,0.00095878274,4,1
train_000584,0.5,4,0
train_000585,0.0069839293,4,1
train_000586,0.015877154,2,1
train_000587,0.0010098388,4,1
train_000588,0.018392762,3,1
train_000589,0.5,4,0
train_000590,0.0155897895,2,1
train_000591,0.012283072,4,1
train_000592,0.5,3,0
train_000593,0.5,3,0
train_000594,0.013607652,1,1
train_000595,0.006623777,2,1
train_000596,0.5,3,0
train_000597,0.0053180307,3,1
train_000598,0.034758016,2,1
train_000599,0.00011030678,4,1
train_000600,0.5,1,0
train_000601,0.001123746,4,1
train_000602,0.0073786834,3,1
train_000603,0.0023115117,4,1
train_000604,0.5,1,0
train_000605,0.00057821936,4,1
train_000606,0.5,2,0
train_000607,0.5,3,0
train_000608,0.5,2,0
train_000609,0.979836,3,1
train_000610,0.5,3,0
train_000611,0.00091374957,4,1
train_000612,0.0023944394,4,1
train_000613,0.059556186,4,1
train_000614,0.6456082,4,1
train_000615,0.5,2,0
train_000616,0.5,4,0
train_000617,0.00014895009,1,1
train_000618,0.0012171178,2,1
train_000619,0.06538658,4,1
train_000620,0.5,4,0
train_000621,0.0013093441,3,1
train_000622,0.5,1,0
train_000623,0.00092264236,2,1
train_000624,0.00011451282,3,1
train_000625,0.5,4,0
train_000626,0.5,4,0
train_000627,0.0133966515,2,1
train_000628,0.051799204,2,1
train_000629,0.5,3,0
train_000630,0.004670728,4,1
train_000631,0.0012369002,2,1
train_000632,0.5,2,0
train_000633,0.002785935,1,1
train_000634,0.00015475917,3,1
train_000635,0.5,3,0
train_000636,0.0004286827,4,1
train_000637,0.5,4,0
train_000638,0.0013334745,4,1
train_000639,0.0001278627,4,1
train_000640,0.5,2,0
train_000641,0.119023375,4,1
train_000642,0.5,1,0
train_000643,0.0006378498,2,1
train_000644,0.006196799,1,1
train_000645,0.0025156294,2,1
train_000646,0.5,4,0
train_000647,0.0012251296,3,1
train_000648,0.5,4,0
train_000649,0.0004508461,1,1
train_000650,0.5,3,0
train_000651,0.0019812884,2,1
train_000652,0.5,4,0
train_000653,0.00056460215,3,1
train_000654,0.001787907,3,1
train_000655,0.0026498095,2,1
train_000656,0.5,3,0
train_000657,0.009060371,4,1
train_000658,0.005137073,2,1
train_000659,0.003498291,3,1
train_000660,0.5,2,0
train_000661,0.5,1,0
train_000662,0.5,2,0
train_000663,0.025218582,1,1
train_000664,0.07130484,3,1
train_000665,0.0021135493,3,1
train_000666,0.5,4,0
train_000667,0.5,4,0
train_000668,0.0836642,4,1
train_000669,0.0002227888,4,1
train_000670,0.5,1,0
train_000671,0.00060360855,4,1
train_000672,0.5,4,0
train_000673,0.090044215,3,1
train_000674,0.0033407535,2,1
train_000675,0.00039962403,2,1
train_000676,0.0012981927,3,1
train_000677,0.5,2,0
train_000678,0.009787568,2,1
train_000679,0.0034999703,3,1
train_000680,0.002302742,3,1
train_000681,0.00031644996,3,1
train_000682,0.019976849,2,1
train_000683,9.9096935e-05,1,1
train_000684,0.93311065,2,1
train_000685,0.0005401725,4,1
train_000686,0.00315676,3,1
train_000687,0.014271831,4,1
train_000688,0.004264416,3,1
train_000689,0.5,2,0
train_000690,0.1711086,2,1
train_000691,0.001959797,3,1
train_000692,0.5,2,0
train_000693,0.007987164,4,1
train_000694,0.5,2,0
train_000695,0.0010472983,1,1
train_000696,0.0013042623,2,1
train_000697,0.21481457,3,1
train_000698,0.29353648,1,1
train_000699,0.00046293924,1,1
train_000700,0.00029400596,2,1
train_000701,0.011129339,4,1
train_000702,0.001960634,2,1
train_000703,0.07885214,3,1
train_000704,0.0006226973,4,1
train_000705,0.00117131,2,1
train_000706,0.5,2,0
train_000707,0.0010262985,3,1
train_000708,0.038070142,4,1
train_000709,0.00066994206,2,1
train_000710,0.0002313564,1,1
train_000711,0.5,2,0
train_000712,0.5,3,0
train_000713,0.5,1,0
train_000714,0.5,1,0
train_000715,0.5,1,0
train_000716,0.0005161319,3,1
train_000717,0.0019229442,3,1
train_000718,6.77102e-05,1,1
train_000719,0.0010756366,4,1
train_000720,0.0027197597,4,1
train_000721,0.009544229,4,1
train_000722,0.0014158484,2,1
train_000723,0.000115462004,1,1
train_000724,0.5,3,0
train_000725,0.0064096716,4,1
train_000726,0.0060219965,1,1
train_000727,8.080665e-05,1,1
train_000728,0.0033586738,2,1
train_000729,0.0014566605,4,1
train_000730,0.91648436,3,1
train_000731,0.5,2,0
train_000732,0.99316967,4,1
train_000733,0.016824616,1,1
train_000734,0.00034060355,3,1
train_000735,0.0007238249,3,1
train_000736,0.0003058242,2,1
train_000737,0.001012205,1,1
train_000738,0.0011842396,4,1
train_000739,0.5,4,0
train_000740,0.023727747,4,1
train_000741,0.9930675,4,1
train_000742,0.5,4,0
train_000743,0.5,1,0
train_000744,0.5498662,2,1
train_000745,0.0007559925,3,1
train_000746,0.0010776654,2,1
train_000747,0.5,3,0
train_000748,0.0034475557,4,1
train_000749,0.5,2,0
train_000750,0.5,4,0
train_000751,0.1885772,4,1
train_000752,0.002664988,4,1
train_000753,0.5,2,0
train_000754,0.0007681084,3,1
train_000755,0.0013022609,3,1
train_000756,0.9763499,4,1
train_000757,0.031931445,4,1
train_000758,0.00030305522,2,1
train_000759,0.00038316613,3,1
train_000760,0.00088778354,4,1
train_000761,0.00060809136,3,1
train_000762,0.5,1,0
train_000763,0.10765411,3,1
train_000764,0.00015371379,1,1
train_000765,0.5,3,0
train_000766,0.008751813,4,1
train_000767,4.223769e-05,4,1
train_000768,0.005429385,2,1
train_000769,0.010721342,4,1
train_000770,0.00087627204,4,1
train_000771,0.5,1,0
train_000772,0.5,2,0
train_000773,0.0060303505,2,1
train_000774,0.0023384693,2,1
train_000775,0.5,1,0
train_000776,0.5,1,0
train_000777,0.0029914589,3,1
train_000778,0.0005025892,2,1
train_000779,0.000374683,2,1
train_000780,8.2805425e-05,4,1
train_000781,0.09954953,3,1
train_000782,0.5,1,0
train_000783,0.5,3,0
train_000784,0.0012787146,3,1
train_000785,0.12224325,3,1
train_000786,0.5,2,0
train_000787,0.036319707,2,1
train_000788,0.0002937278,3,1
train_000789,0.5,2,0
train_000790,0.0004819848,2,1
train_000791,0.0035578352,4,1
train_000792,0.007354512,3,1
train_000793,0.0023745769,4,1
train_000794,0.002277802,4,1
train_000795,0.006437084,4,1
train_000796,0.024507085,3,1
train_000797,0.74319226,1,1
train_000798,0.5,4,0
train_000799,0.0006067763,2,1
train_000800,0.0012386389,2,1
train_000801,0.5,3,0
train_000802,0.9187917,4,1
train_000803,0.067277096,3,1
train_000804,0.5,2,0
train_000805,0.035496797,3,1
train_000806,0.5,4,0
train_000807,0.00074208196,3,1
train_000808,0.5,1,0
train_000809,0.00810837,3,1
train_000810,0.5,2,0
train_000811,0.5,1,0
train_000812,0.5,2,0
train_000813,0.00011565682,1,1
train_000814,0.014659537,3,1
train_000815,0.86083066,3,1
train_000816,0.00041582796,3,1
train_000817,0.5,4,0
train_000818,0.000427385,2,1
train_000819,0.00016411195,2,1
train_000820,0.5,1,0
train_000821,0.0004987022,3,1
train_000822,0.0003518571,3,1
train_000823,0.5,2,0
train_000824,0.00016421145,2,1
train_000825,0.5,2,0
train_000826,0.5,1,0
train_000827,0.5,4,0
train_000828,0.09527146,3,1
train_000829,0.00032830986,3,1
train_000830,0.01309265,3,1
train_000831,0.00037840664,2,1
train_000832,0.5,4,0
train_000833,0.5,2,0
train_000834,0.07104799,3,1
train_000835,0.00069540937,3,1
train_000836,0.117147855,2,1
train_000837,0.03905223,4,1
train_000838,0.0001923089,3,1
train_000839,0.012742364,1,1
train_000840,0.035075773,3,1
train_000841,0.5,2,0
train_000842,0.00013205841,3,1
train_000843,0.0002854175,3,1
train_000844,0.00046037795,4,1
train_000845,0.001041918,3,1
train_000846,6.136091e-05,3,1
train_000847,0.0001651952,1,1
train_000848,0.5,3,0
train_000849,0.5,1,0
train_000850,0.5,1,0
train_000851,0.62047046,3,1
train_000852,0.019245759,4,1
train_000853,0.016507195,2,1
train_000854,0.15727852,4,1
train_000855,0.0010262078,4,1
train_000856,0.067574605,4,1
train_000857,0.0037488877,3,1
train_000858,0.00087050773,2,1
train_000859,0.5,1,0
train_000860,1.5231871e-05,2,1
train_000861,0.5,3,0
train_000862,0.5,2,0
train_000863,0.002763725,4,1
train_000864,0.5,1,0
train_000865,0.00046243152,2,1
train_000866,0.0013172656,4,1
train_000867,0.5,2,0
train_000868,0.011596289,1,1
train_000869,0.5,4,0
train_000870,0.007859895,3,1
train_000871,0.0017613366,3,1
train_000872,2.7492357e-05,2,1
train_000873,0.008407923,4,1
train_000874,0.16514748,4,1
train_000875,0.0037607076,3,1
train_000876,0.00015563422,1,1
train_000877,0.0005421936,4,1
train_000878,0.024327805,1,1
train_000879,0.5,1,0
train_000880,3.2503736e-05,1,1
train_000881,6.537792e-05,2,1
train_000882,0.027564058,3,1
train_000883,0.013877332,3,1
train_000884,0.5,2,0
train_000885,0.9938176,4,1
train_000886,5.8813253e-05,3,1
train_000887,0.00012344755,4,1
train_000888,0.5,1,0
train_000889,0.5,2,0
train_000890,0.0010479606,4,1
train_000891,0.5,4,0
train_000892,0.00012500401,3,1
train_000893,0.15604582,3,1
train_000894,0.5,2,0
train_000895,0.5,3,0
train_000896,0.013041163,2,1
train_000897,0.008001675,3,1
train_000898,0.5,2,0
train_000899,0.0032441611,4,1
train_000900,0.5,3,0
train_000901,0.5,1,0
train_000902,0.00018160846,1,1
train_000903,0.0014415449,3,1
train_000904,0.0037193466,2,1
train_000905,0.5,1,0
train_000906,0.9371238,3,1
train_000907,0.034275357,4,1
train_000908,0.5,2,0
train_000909,0.011267841,4,1
train_000910,0.5,2,0
train_000911,8.1281665e-05,2,1
train_000912,0.5,2,0
train_000913,0.002347037,3,1
train_000914,0.5,2,0
train_000915,0.5,2,0
train_000916,0.0035468184,4,1
train_000917,0.5,2,0
train_000918,0.5,2,0
train_000919,0.0087741865,4,1
train_000920,0.0013485724,4,1
train_000921,0.5,4,0
train_000922,0.013762413,3,1
train_000923,0.5,2,0
train_000924,0.5,3,0
train_000925,0.5,1,0
train_000926,0.01930347,2,1
train_000927,0.008234572,4,1
train_000928,0.0010825006,1,1
train_000929,0.006173088,4,1
train_000930,0.0010848835,2,1
train_000931,0.5,1,0
train_000932,0.04075195,4,1
train_000933,0.00010371575,3,1
train_000934,0.0029196506,3,1
train_000935,0.032215357,2,1
train_000936,0.5,4,0
train_000937,0.0002647103,4,1
train_000938,7.867718e-05,3,1
train_000939,0.5,4,0
train_000940,0.00041866497,2,1
train_000941,0.00024271941,3,1
train_000942,0.0068569314,3,1
train_000943,0.0028325897,3,1
train_000944,0.974271,3,1
train_000945,0.5,1,0
train_000946,0.5,1,0
train_000947,0.5,4,0
train_000948,4.9443945e-05,3,1
train_000949,0.00029370084,3,1
train_000950,0.00062933506,3,1
train_000951,0.00032738113,2,1
train_000952,0.5,4,0
train_000953,8.49397e-05,4,1
train_000954,0.00066142017,4,1
train_000955,0.000280382,1,1
train_000956,0.0005468689,2,1
train_000957,0.5,4,0
train_000958,0.002309122,4,1
train_000959,0.5,4,0
train_000960,0.62424064,1,1
train_000961,0.009209983,3,1
train_000962,0.5,3,0
train_000963,0.00024376636,2,1
train_000964,0.0029266283,3,1
train_000965,0.5,2,0
train_000966,0.0009909889,4,1
train_000967,0.5,2,0
train_000968,0.5,3,0
train_000969,7.4593176e-05,4,1
train_000970,0.5,4,0
train_000971,0.5,1,0
train_000972,0.007847952,4,1
train_000973,0.0009508904,2,1
train_000974,0.5,3,0
train_000975,0.00022129827,3,1
train_000976,0.5,3,0
train_000977,0.5,1,0
train_000978,0.5,2,0
train_000979,0.5,2,0
train_000980,0.5,1,0
train_000981,0.5,2,0
train_000982,0.0006263286,1,1
train_000983,0.00042863953,2,1
train_000984,0.013333341,1,1
train_000985,0.002526862,2,1
train_000986,0.000957352,4,1
train_000987,0.5,2,0
train_000988,0.0026675188,3,1
train_000989,0.0002615812,1,1
train_000990,0.008585573,4,1
train_000991,0.0024151586,2,1
train_000992,0.004277709,3,1
train_000993,0.0020865346,2,1
train_000994,0.010988994,1,1
train_000995,0.00017680934,3,1
train_000996,0.5,2,0
train_000997,0.0032109844,2,1
train_000998,0.75473285,3,1
train_000999,0.0019192683,4,1
train_001000,0.5,2,0
train_001001,0.0025469197,3,1
train_001002,0.5,1,0
train_001003,0.0002653777,3,1
train_001004,0.015449711,3,1
train_001005,0.00015633459,1,1
train_001006,0.23782545,2,1
train_001007,0.0030099857,4,1
train_001008,0.5,2,0
train_001009,0.42236447,4,1
train_001010,0.00042375756,3,1
train_001011,0.0016801327,3,1
train_001012,0.007813825,3,1
train_001013,0.0007364378,3,1
train_001014,0.0008199599,4,1
train_001015,0.5,1,0
train_001016,0.01315839,1,1
train_001017,0.0015664257,3,1
train_001018,0.0049972585,4,1
train_001019,0.0014715334,3,1
train_001020,0.009774062,3,1
train_001021,0.5,2,0
train_001022,0.005136512,3,1
train_001023,0.5,4,0
train_001024,0.000103711085,1,1
train_001025,0.0013330354,2,1
train_001026,0.5,2,0
train_001027,0.0005141012,4,1
train_001028,0.0017578475,4,1
train_001029,0.5,3,0
train_001030,0.5,4,0
train_001031,0.00044590124,4,1
train_001032,0.5,2,0
train_001033,0.5,4,0
train_001034,6.0934857e-05,4,1
train_001035,0.00078853767,3,1
train_001036,0.5,1,0
train_001037,0.048385836,4,1
train_001038,0.014982082,4,1
train_001039,0.00011326064,3,1
train_001040,0.00053536356,1,1
train_001041,0.00059434224,4,1
train_001042,0.00018137746,2,1
train_001043,0.0010632441,1,1
train_001044,0.025737405,2,1
train_001045,0.5,2,0
train_001046,0.0009169316,3,1
train_001047,0.007897494,4,1
train_001048,0.0007358553,3,1
train_001049,0.00048691986,4,1
train_001050,0.0068263845,3,1
train_001051,0.5,3,0
train_001052,0.0015814364,2,1
train_001053,0.006173667,1,1
train_001054,0.5,1,0
train_001055,0.31446615,1,1
train_001056,0.021952368,3,1
train_001057,0.00042805838,4,1
train_001058,0.0002558043,2,1
train_001059,0.0012980087,3,1
train_001060,0.3758277,1,1
train_001061,0.5,4,0
train_001062,0.5,4,0
train_001063,0.0021562672,4,1
train_001064,0.5,3,0
train_001065,0.006737793,3,1
train_001066,0.0002830122,1,1
train_001067,0.0010100522,2,1
train_001068,0.0611238,3,1
train_001069,0.5,1,0
train_001070,0.5,1,0
train_001071,0.5,4,0
train_001072,0.5,1,0
train_001073,0.5,3,0
train_001074,0.21037413,4,1
train_001075,0.00010412229,1,1
train_001076,0.003956883,2,1
train_001077,0.0017061428,3,1
train_001078,0.5,4,0
train_001079,0.5,1,0
train_001080,0.0119877085,4,1
train_001081,0.5,3,0
train_001082,0.0009104998,2,1
train_001083,0.004452923,3,1
train_001084,0.5,2,0
train_001085,0.2435632,4,1
train_001086,0.0076965964,4,1
train_001087,0.5,2,0
train_001088,0.0024895733,3,1
train_001089,0.5,1,0
train_001090,0.054619543,4,1
train_001091,0.5,4,0
train_001092,0.009048674,4,1
train_001093,0.005923007,3,1
train_001094,0.5,2,0
train_001095,0.5,2,0
train_001096,0.00066081696,3,1
train_001097,0.0036263242,4,1
train_001098,0.5,3,0
train_001099,0.00021342502,2,1
train_001100,0.0029145663,3,1
train_001101,3.9082464e-05,3,1
train_001102,0.017075669,3,1
train_001103,0.00014548705,3,1
train_001104,0.5,1,0
train_001105,0.00072214834,4,1
train_001106,0.5,1,0
train_001107,0.0022533915,2,1
train_001108,0.0007479901,4,1
train_001109,0.012931122,3,1
train_001110,0.5,3,0
train_001111,0.0028097825,2,1
train_001112,0.0047971294,4,1
train_001113,0.00011679679,1,1
train_001114,0.5,2,0
train_001115,0.00087476586,3,1
train_001116,0.009729217,4,1
train_001117,0.03407766,4,1
train_001118,0.00051387545,4,1
train_001119,0.5,4,0
train_001120,0.0032930623,3,1
train_001121,0.00082782883,4,1
train_001122,0.00040296683,4,1
train_001123,0.021257045,2,1
train_001124,0.89325064,1,1
train_001125,0.008295593,2,1
train_001126,0.5,4,0
train_001127,0.00021920301,2,1
train_001128,0.0033249056,4,1
train_001129,0.0036739067,2,1
train_001130,0.008987372,3,1
train_001131,0.0036439456,4,1
train_001132,0.5,3,0
train_001133,0.012369085,4,1
train_001134,0.044694148,3,1
train_001135,0.0015979738,2,1
train_001136,0.0026231867,3,1
train_001137,0.014595667,1,1
train_001138,0.0057193465,3,1
train_001139,0.0031576976,3,1
train_001140,0.5,2,0
train_001141,0.000114294264,4,1
train_001142,0.5,4,0
train_001143,0.00026331854,3,1
train_001144,0.0009565874,3,1
train_001145,0.5,2,0
train_001146,0.0009048767,3,1
train_001147,0.5,2,0
train_001148,0.0016111698,2,1
train_001149,0.009168287,1,1
train_001150,0.0059749936,3,1
train_001151,0.5,4,0
train_001152,0.0002475608,2,1
train_001153,0.5,2,0
train_001154,0.0012502464,4,1
train_001155,0.09746054,4,1
train_001156,0.18361193,2,1
train_001157,0.05292987,2,1
train_001158,0.5,2,0
train_001159,0.5,4,0
train_001160,0.5,1,0
train_001161,0.0026074643,4,1
train_001162,0.0010746167,3,1
train_001163,0.5,1,0
train_001164,0.5,2,0
train_001165,0.00073021936,2,1
train_001166,0.5,3,0
train_001167,0.0008182695,3,1
train_001168,0.0029713826,4,1
train_001169,0.0017946039,3,1
train_001170,0.00887384,4,1
train_001171,0.0028571805,2,1
train_001172,0.0039895233,3,1
train_001173,0.0033983164,2,1
train_001174,0.009697933,2,1
train_001175,0.5,3,0
train_001176,0.5,1,0
train_001177,0.034544654,3,1
train_001178,0.5,2,0
train_001179,0.0072515006,4,1
train_001180,0.9525855,3,1
train_001181,0.5,3,0
train_001182,0.5,4,0
train_001183,0.059169836,4,1
train_001184,0.5,2,0
train_001185,0.0008894411,2,1
train_001186,0.003619701,4,1
train_001187,0.00029537923,2,1
train_001188,0.5,2,0
train_001189,0.5,2,0
train_001190,0.004955262,3,1
train_001191,0.020623192,2,1
train_001192,0.0022822507,2,1
train_001193,0.0062254923,2,1
train_001194,0.005059122,2,1
train_001195,0.5,1,0
train_001196,0.09219424,4,1
train_001197,0.0003120747,4,1
train_001198,0.013264568,4,1
train_001199,0.00042060274,4,1
train_001200,0.00026728577,4,1
train_001201,0.5,2,0
train_001202,0.0018595166,1,1
train_001203,0.5,4,0
train_001204,0.5,2,0
train_001205,0.5,4,0
train_001206,0.012535712,4,1
train_001207,0.5,2,0
train_001208,0.022482613,4,1
train_001209,0.5,1,0
train_001210,0.035121046,3,1
train_001211,0.5,4,0
train_001212,0.5,4,0
train_001213,0.052141484,4,1
train_001214,0.5,2,0
train_001215,0.80711293,2,1
train_001216,0.5,2,0
train_001217,0.5,2,0
train_001218,0.0005041726,1,1
train_001219,0.00039227342,2,1
train_001220,0.36998412,3,1
train_001221,0.0018780906,2,1
train_001222,0.7936515,1,1
train_001223,0.00024410173,1,1
train_001224,0.0072462508,4,1
train_001225,0.003940547,2,1
train_001226,0.5,4,0
train_001227,0.009447576,3,1
train_001228,0.0005046869,3,1
train_001229,0.004252042,1,1
train_001230,0.00010117319,2,1
train_001231,0.0011321021,3,1
train_001232,0.5,2,0
train_001233,0.00030574383,3,1
train_001234,0.5,2,0
train_001235,0.5,2,0
train_001236,0.0011520396,3,1
train_001237,0.5,1,0
train_001238,0.009331449,4,1
train_001239,0.5,2,0
train_001240,0.0010113803,2,1
train_001241,0.0036881615,4,1
train_001242,0.0010405191,3,1
train_001243,0.5,2,0
train_001244,0.00021230226,4,1
train_001245,0.0024229963,3,1
train_001246,0.008966348,3,1
train_001247,0.13627508,3,1
train_001248,0.018643124,1,1
train_001249,0.00060669973,1,1
train_001250,0.00033853608,2,1
train_001251,0.5,2,0
train_001252,0.00059339585,2,1
train_001253,0.5,3,0
train_001254,0.015103968,3,1
train_001255,0.0003931221,4,1
train_001256,0.008069786,4,1
train_001257,0.92790854,1,1
train_001258,0.0088504,2,1
train_001259,0.0019249122,2,1
train_001260,0.026740279,2,1
train_001261,0.5,1,0
train_001262,5.771934e-05,4,1
train_001263,0.005823034,2,1
train_001264,0.002357441,4,1
train_001265,0.013932877,4,1
train_001266,0.001406692,4,1
train_001267,0.5,2,0
train_001268,4.3374606e-05,3,1
train_001269,0.0064742607,4,1
train_001270,0.5,4,0
train_001271,0.5,2,0
train_001272,0.5,1,0
train_001273,2.127251e-05,1,1
train_001274,0.31518996,3,1
train_001275,0.0101736635,3,1
train_001276,0.004330768,3,1
train_001277,0.00010802399,1,1
train_001278,0.0425781,2,1
train_001279,0.5,3,0
train_001280,0.5,1,0
train_001281,0.00022601898,3,1
train_001282,0.5,2,0
train_001283,0.5,2,0
train_001284,0.030854942,3,1
train_001285,0.002811507,1,1
train_001286,0.5,1,0
train_001287,0.5,4,0
train_001288,0.006194929,4,1
train_001289,0.00012998142,4,1
train_001290,0.5,2,0
train_001291,0.017424913,4,1
train_001292,0.5,1,0
train_001293,0.0014229282,2,1
train_001294,0.105010115,1,1
train_001295,0.07403148,4,1
train_001296,0.5,1,0
train_001297,0.012074935,3,1
train_001298,0.002759315,2,1
train_001299,0.010388171,2,1
train_001300,0.5,1,0
train_001301,0.5,1,0
train_001302,0.005449836,2,1
train_001303,0.5,1,0
train_001304,0.5,4,0
train_001305,0.006466153,2,1
train_001306,0.00061551505,1,1
train_001307,0.023041919,3,1
train_001308,0.0013913575,1,1
train_001309,0.020917123,4,1
train_001310,0.5,3,0
train_001311,0.0013856003,3,1
train_001312,0.011725305,2,1
train_001313,0.010120931,2,1
train_001314,0.01191892,4,1
train_001315,0.00025801148,2,1
train_001316,0.43729013,3,1
train_001317,0.004345941,4,1
train_001318,0.11412664,4,1
train_001319,0.0014153504,1,1
train_001320,0.5,1,0
train_001321,0.003254725,2,1
train_001322,0.0029457435,1,1
train_001323,0.9394207,4,1
train_001324,0.020287376,2,1
train_001325,0.5,1,0
train_001326,0.013282705,2,1
train_001327,0.0014039042,2,1
train_001328,0.00020081714,3,1
train_001329,0.00090023736,4,1
train_001330,0.5,1,0
train_001331,0.5,1,0
train_001332,0.017163103,2,1
train_001333,0.00083229586,4,1
train_001334,0.5,2,0
train_001335,0.0027938697,3,1
train_001336,0.003066232,1,1
train_001337,9.662933e-05,4,1
train_001338,0.018236618,2,1
train_001339,0.00021053279,3,1
train_001340,0.0019663624,3,1
train_001341,0.5,3,0
train_001342,0.5,2,0
train_001343,0.5,2,0
train_001344,0.0031349936,4,1
train_001345,0.00081172626,2,1
train_001346,0.0052092928,1,1
train_001347,0.0099301,2,1
train_001348,0.0002129362,3,1
train_001349,0.94514364,3,1
train_001350,0.5,3,0
train_001351,0.009692311,2,1
train_001352,0.0004176008,3,1
train_001353,0.014704264,4,1
train_001354,6.75195e-05,1,1
train_001355,8.055824e-05,3,1
train_001356,0.5,3,0
train_001357,0.5,1,0
train_001358,0.004608658,4,1
train_001359,0.5,4,0
train_001360,0.0028563065,4,1
train_001361,0.00030584107,4,1
train_001362,4.8400394e-05,4,1
train_001363,0.5,1,0
train_001364,0.0010429347,3,1
train_001365,0.004570216,2,1
train_001366,0.00057425315,3,1
train_001367,8.299441e-05,3,1
train_001368,0.5,2,0
train_001369,0.0066956296,3,1
train_001370,0.0037087176,4,1
train_001371,0.5,2,0
train_001372,0.004001138,3,1
train_001373,0.5,4,0
train_001374,0.5,2,0
train_001375,0.5,1,0
train_001376,0.5,4,0
train_001377,0.00035451926,2,1
train_001378,0.00087767944,4,1
train_001379,7.3669005e-05,3,1
train_001380,0.5,4,0
train_001381,0.08915452,4,1
train_001382,0.5,1,0
train_001383,0.5,2,0
train_001384,0.000111891175,4,1
train_001385,0.0041541476,4,1
train_001386,0.07352369,4,1
train_001387,0.0007718589,2,1
train_001388,0.5,2,0
train_001389,0.019421587,1,1
train_001390,0.016122835,4,1
train_001391,0.00060875533,4,1
train_001392,0.5,3,0
train_001393,5.2186155e-05,1,1
train_001394,0.015029148,4,1
train_001395,0.5,2,0
train_001396,0.5,2,0
train_001397,0.00066960923,2,1
train_001398,0.040062267,2,1
train_001399,0.5,1,0
train_001400,0.5,2,0
train_001401,0.380974,2,1
train_001402,0.5,3,0
train_001403,0.5,1,0
train_001404,0.5,4,0
train_001405,0.5,1,0
train_001406,0.036928516,2,1
train_001407,0.00026770402,3,1
train_001408,0.007958493,4,1
train_001409,0.5,3,0
train_001410,0.49389437,3,1
train_001411,0.0030143857,3,1
train_001412,0.5,3,0
train_001413,0.00017743811,4,1
train_001414,0.0020796019,3,1
train_001415,0.0021348807,3,1
train_001416,0.18156308,4,1
train_001417,0.004943948,3,1
train_001418,0.45884922,2,1
train_001419,0.5,4,0
train_001420,0.02178566,1,1
train_001421,0.5,1,0
train_001422,0.5,1,0
train_001423,0.022775475,2,1
train_001424,0.0005380207,2,1
train_001425,0.5,1,0
train_001426,0.5,2,0
train_001427,0.5,2,0
train_001428,0.07382431,4,1
train_001429,0.005162675,4,1
train_001430,0.006450655,4,1
train_001431,0.00037215644,4,1
train_001432,0.00036987953,2,1
train_001433,0.05272754,4,1
train_001434,0.5,1,0
train_001435,0.22735564,1,1
train_001436,0.0020274315,3,1
train_001437,0.99275357,2,1
train_001438,0.5,1,0
train_001439,0.00020732735,4,1
train_001440,0.008529143,4,1
train_001441,0.00021716567,4,1
train_001442,0.0006761882,3,1
train_001443,0.5,1,0
train_001444,0.00089429005,3,1
train_001445,0.010462006,2,1
train_001446,0.0010439445,3,1
train_001447,0.0017331515,2,1
train_001448,0.00074533507,3,1
train_001449,0.00030308138,3,1
train_001450,0.0074701807,3,1
train_001451,0.5,2,0
train_001452,0.005078124,4,1
train_001453,0.5,4,0
train_001454,0.0015904619,3,1
train_001455,0.014435534,4,1
train_001456,0.5,1,0
train_001457,0.5,1,0
train_001458,0.03958457,4,1
train_001459,0.5,3,0
train_001460,0.0017409449,4,1
train_001461,0.002138347,3,1
train_001462,0.5,1,0
train_001463,0.023813315,2,1
train_001464,0.5,4,0
train_001465,0.076263666,4,1
train_001466,0.5,3,0
train_001467,0.0012603363,2,1
train_001468,0.025996488,2,1
train_001469,0.0045491164,2,1
train_001470,0.0014647967,1,1
train_001471,0.5,4,0
train_001472,0.000530815,2,1
train_001473,8.767468e-05,1,1
train_001474,0.41815025,4,1
train_001475,0.2529889,3,1
train_001476,0.0027963736,4,1
train_001477,0.5,4,0
train_001478,0.99818254,4,1
train_001479,0.0031553628,2,1
train_001480,0.5,1,0
train_001481,0.5,4,0
train_001482,0.5,1,0
train_001483,0.016118018,4,1
train_001484,0.0005193467,3,1
train_001485,0.5,2,0
train_001486,0.00026574935,2,1
train_001487,0.0034072332,3,1
train_001488,0.5,4,0
train_001489,0.5,4,0
train_001490,0.5,3,0
train_001491,0.0020278294,2,1
train_001492,0.002202769,2,1
train_001493,0.03863645,4,1
train_001494,0.00019086438,4,1
train_001495,0.046766467,3,1
train_001496,0.5,2,0
train_001497,0.5,2,0
train_001498,0.5,1,0
train_001499,0.0013898421,2,1
train_001500,0.00091957266,2,1
train_001501,0.5,1,0
train_001502,0.5,4,0
train_001503,0.040030666,4,1
train_001504,0.0021086952,3,1
train_001505,0.5,3,0
train_001506,0.5,2,0
train_001507,0.5,1,0
train_001508,9.33992e-05,2,1
train_001509,0.00052361895,1,1
train_001510,0.009552746,3,1
train_001511,0.00013331571,1,1
train_001512,0.5,2,0
train_001513,0.00420119,2,1
train_001514,0.07427141,4,1
train_001515,0.5,2,0
train_001516,0.0023117075,3,1
train_001517,0.5,2,0
train_001518,0.5,1,0
train_001519,0.0069597415,3,1
train_001520,4.1441195e-05,1,1
train_001521,0.5,1,0
train_001522,0.5,2,0
train_001523,0.87695074,2,1
train_001524,0.5,2,0
train_001525,0.5,1,0
train_001526,0.0003074012,3,1
train_001527,0.0002829985,3,1
train_001528,0.5,4,0
train_001529,0.0045474116,2,1
train_001530,0.00016941137,4,1
train_001531,0.0010152756,4,1
train_001532,0.009858913,2,1
train_001533,0.0019718506,2,1
train_001534,0.004932389,4,1
train_001535,0.0014233263,3,1
train_001536,0.5,2,0
train_001537,6.680695e-05,4,1
train_001538,0.00022513584,3,1
train_001539,0.00013401681,1,1
train_001540,0.5,2,0
train_001541,0.5,2,0
train_001542,0.010303014,3,1
train_001543,0.5,1,0
train_001544,0.0035002476,3,1
train_001545,0.0020015081,2,1
train_001546,0.09049049,4,1
train_001547,0.5,2,0
train_001548,0.003016151,3,1
train_001549,0.5,1,0
train_001550,0.0012774275,2,1
train_001551,0.017412646,2,1
train_001552,0.00031281993,3,1
train_001553,0.5,4,0
train_001554,0.0008564349,2,1
train_001555,0.0027943726,4,1
train_001556,0.00016328183,3,1
train_001557,0.0014096947,1,1
train_001558,0.5,3,0
train_001559,0.033044174,3,1
train_001560,0.00049404975,4,1
train_001561,0.00097252324,3,1
train_001562,0.00010399584,2,1
train_001563,0.00034225345,3,1
train_001564,0.00072322605,1,1
train_001565,0.5,2,0
train_001566,0.5,4,0
train_001567,0.025988499,4,1
train_001568,0.5,4,0
train_001569,0.00021479024,3,1
train_001570,0.0012623251,4,1
train_001571,0.0003737408,2,1
train_001572,0.006853959,3,1
train_001573,4.364252e-05,2,1
train_001574,0.0031197055,4,1
train_001575,0.00015149759,3,1
train_001576,0.041535888,4,1
train_001577,0.5,4,0
train_001578,0.5,1,0
train_001579,9.656469e-05,1,1
train_001580,0.5,2,0
train_001581,0.5,1,0
train_001582,0.0011898658,4,1
train_001583,0.00035590737,3,1
train_001584,0.001017476,1,1
train_001585,0.0016422063,2,1
train_001586,0.9914725,3,1
train_001587,0.0010812457,3,1
train_001588,0.0027721752,3,1
train_001589,0.000129735,4,1
train_001590,0.0016690779,3,1
train_001591,0.034200165,4,1
train_001592,0.00011375888,3,1
train_001593,0.5,2,0
train_001594,0.0003097999,1,1
train_001595,0.5,1,0
train_001596,0.00021307508,3,1
train_001597,0.9712001,4,1
train_001598,0.0013529046,4,1
train_001599,0.5,1,0
train_001600,0.011309436,2,1
train_001601,0.5,1,0
train_001602,0.0009914681,1,1
train_001603,0.5,1,0
train_001604,0.018757766,4,1
train_001605,0.5,1,0
train_001606,0.5,2,0
train_001607,0.0072513283,1,1
train_001608,0.5,4,0
train_001609,0.00027253167,1,1
train_001610,0.0018295129,2,1
train_001611,0.0019948774,2,1
train_001612,0.0016397153,2,1
train_001613,0.000165931,2,1
train_001614,0.359628,4,1
train_001615,0.012493003,4,1
train_001616,0.00022145853,2,1
train_001617,0.00019165777,2,1
train_001618,0.0067061307,1,1
train_001619,9.466992e-05,3,1
train_001620,0.00079478626,4,1
train_001621,0.5,1,0
train_001622,0.0005571291,2,1
train_001623,7.8250916e-05,1,1
train_001624,0.5,1,0
train_001625,0.5,1,0
train_001626,0.0002275098,4,1
train_001627,0.5,2,0
train_001628,0.5,3,0
train_001629,0.00772639,4,1
train_001630,0.014747631,3,1
train_001631,0.0019624492,4,1
train_001632,0.0023041195,4,1
train_001633,0.003364223,3,1
train_001634,0.5,2,0
train_001635,0.0076575214,3,1
train_001636,0.5,2,0
train_001637,0.5,2,0
train_001638,0.032255888,3,1
train_001639,0.015435664,1,1
train_001640,0.5,2,0
train_001641,0.5,4,0
train_001642,0.09504915,1,1
train_001643,0.5,1,0
train_001644,0.00020161887,3,1
train_001645,0.00077955716,4,1
train_001646,0.00075609604,3,1
train_001647,0.00021629088,3,1
train_001648,0.00042148394,2,1
train_001649,0.0015901322,1,1
train_001650,0.0021063632,3,1
train_001651,0.5,1,0
train_001652,0.73333806,2,1
train_001653,0.0019460074,4,1
train_001654,0.09343748,2,1
train_001655,0.05896278,3,1
train_001656,9.281727e-05,3,1
train_001657,0.004041292,4,1
train_001658,0.00025652457,2,1
train_001659,0.0003775576,2,1
train_001660,0.014513182,2,1
train_001661,0.5,1,0
train_001662,0.299221,2,1
train_001663,0.5,1,0
train_001664,0.0033337441,3,1
train_001665,0.5,1,0
train_001666,0.018451177,4,1
train_001667,0.0006999706,3,1
train_001668,0.5,2,0
train_001669,0.0026495948,3,1
train_001670,0.0076423953,2,1
train_001671,0.0020189981,2,1
train_001672,0.5,1,0
train_001673,0.0049428293,1,1
train_001674,0.5,1,0
train_001675,0.0096685905,2,1
train_001676,0.012911832,1,1
train_001677,0.0103450585,4,1
train_001678,0.008648905,3,1
train_001679,0.00085731765,2,1
train_001680,0.008189706,3,1
train_001681,0.47931272,4,1
train_001682,0.9805925,3,1
train_001683,0.7270315,4,1
train_001684,0.5,2,0
train_001685,0.0034750057,3,1
train_001686,0.5,2,0
train_001687,0.0001220736,3,1
train_001688,0.0038859006,1,1
train_001689,0.023043644,1,1
train_001690,0.0015920871,3,1
train_001691,0.5,4,0
train_001692,0.004043478,3,1
train_001693,0.0025166655,2,1
train_001694,0.5,4,0
train_001695,0.0028575116,3,1
train_001696,0.01951213,3,1
train_001697,0.00011062897,2,1
train_001698,0.0020759953,3,1
train_001699,6.551413e-05,2,1
train_001700,0.0006939304,2,1
train_001701,0.006325691,3,1
train_001702,0.0022290847,3,1
train_001703,0.5,1,0
train_001704,0.5,2,0
train_001705,0.00058167585,1,1
train_001706,0.07526888,4,1
train_001707,0.0039028153,3,1
train_001708,0.00042928854,2,1
train_001709,0.5,1,0
train_001710,0.5,3,0
train_001711,0.0569095,3,1
train_001712,0.002437205,2,1
train_001713,0.5,3,0
train_001714,0.5,2,0
train_001715,0.02849626,3,1
train_001716,0.0015811672,4,1
train_001717,0.5,3,0
train_001718,0.5,1,0
train_001719,6.838803e-05,3,1
train_001720,0.002048574,2,1
train_001721,0.01579155,4,1
train_001722,0.033524178,4,1
train_001723,0.5,1,0
train_001724,0.0010588936,3,1
train_001725,0.5,4,0
train_001726,4.596299e-05,3,1
train_001727,0.00036057117,4,1
train_001728,0.0007735925,2,1
train_001729,0.5,4,0
train_001730,0.00024511488,1,1
train_001731,0.050266888,4,1
train_001732,0.5,2,0
train_001733,0.009185877,2,1
train_001734,0.5,3,0
train_001735,0.0012700745,1,1
train_001736,0.79532623,4,1
train_001737,0.00022876624,4,1
train_001738,0.0034202437,1,1
train_001739,0.5,2,0
train_001740,0.15399201,3,1
train_001741,0.0075820824,2,1
train_001742,0.5,4,0
train_001743,0.0015654182,3,1
train_001744,0.5,2,0
train_001745,0.8357026,3,1
train_001746,4.3225376e-05,4,1
train_001747,0.00077176635,2,1
train_001748,0.5,1,0
train_001749,0.00053910067,3,1
train_001750,0.5,1,0
train_001751,0.0003840238,1,1
train_001752,0.00027083766,4,1
train_001753,0.38595626,4,1
train_001754,0.0001724341,3,1
train_001755,0.0019908566,1,1
train_001756,0.5,1,0
train_001757,0.5,4,0
train_001758,0.00042424118,2,1
train_001759,0.0041113226,1,1
train_001760,0.9943152,4,1
train_001761,0.5,1,0
train_001762,0.00022558753,4,1
train_001763,0.0026656613,3,1
train_001764,0.011796109,4,1
train_001765,0.5,3,0
train_001766,0.5,1,0
train_001767,0.00016228437,3,1
train_001768,0.0073646447,4,1
train_001769,0.0054366915,1,1
train_001770,0.00012758272,2,1
train_001771,0.5,2,0
train_001772,0.006339502,3,1
train_001773,0.5,1,0
train_001774,5.083249e-05,1,1
train_001775,0.0041502696,1,1
train_001776,0.07884141,3,1
train_001777,0.00036061957,2,1
train_001778,0.011574359,1,1
train_001779,0.0008040763,2,1
train_001780,0.0007545327,4,1
train_001781,0.012214583,4,1
train_001782,0.0019773578,3,1
train_001783,0.5,1,0
train_001784,0.00055337284,2,1
train_001785,0.0032410943,3,1
train_001786,0.00010714943,2,1
train_001787,0.001337035,2,1
train_001788,0.5,2,0
train_001789,0.00011401619,3,1
train_001790,0.00025384667,1,1
train_001791,0.8306163,3,1
train_001792,0.008737072,2,1
train_001793,0.5,1,0
train_001794,0.00083187834,1,1
train_001795,0.00023266896,2,1
train_001796,0.5,4,0
train_001797,0.5,2,0
train_001798,0.0019296935,3,1
train_001799,0.5,4,0
train_001800,0.0035252178,3,1
train_001801,0.014206608,4,1
train_001802,0.5,2,0
train_001803,0.5,1,0
train_001804,0.5,2,0
train_001805,0.000146808,3,1
train_001806,0.0032593575,4,1
train_001807,0.0069036926,4,1
train_001808,0.0008097082,3,1
train_001809,0.00045744723,3,1
train_001810,0.0011585321,2,1
train_001811,5.635363e-05,1,1
train_001812,0.0001849089,2,1
train_001813,0.0044657923,4,1
train_001814,6.264463e-05,1,1
train_001815,9.380639e-05,4,1
train_001816,0.0006554482,3,1
train_001817,0.5,3,0
train_001818,0.5,1,0
train_001819,0.007131745,4,1
train_001820,0.0072466605,3,1
train_001821,0.003443253,3,1
train_001822,0.5,1,0
train_001823,0.5,2,0
train_001824,0.000120530014,4,1
train_001825,0.5,4,0
train_001826,0.023070259,3,1
train_001827,0.008690559,4,1
train_001828,7.8907375e-05,4,1
train_001829,0.5,3,0
train_001830,0.0003302106,2,1
train_001831,0.0013672687,2,1
train_001832,0.00069623144,2,1
train_001833,0.5,2,0
train_001834,0.0006632618,4,1
train_001835,0.5,1,0
train_001836,0.5,4,0
train_001837,5.640119e-05,2,1
train_001838,0.5,1,0
train_001839,0.5,1,0
train_001840,0.5,1,0
train_001841,0.0016193624,1,1
train_001842,0.0002210709,2,1
train_001843,0.00031995424,4,1
train_001844,0.00025905058,2,1
train_001845,0.0038858727,3,1
train_001846,0.0009315692,2,1
train_001847,0.00022845983,3,1
train_001848,0.00079501217,2,1
train_001849,0.5,2,0
train_001850,0.0013800272,3,1
train_001851,0.0009662407,2,1
train_001852,0.000638683,3,1
train_001853,0.0004549422,4,1
train_001854,0.030680526,2,1
train_001855,0.5,4,0
train_001856,0.003691264,2,1
train_001857,0.0049245297,3,1
train_001858,0.0039712554,3,1
train_001859,0.5,3,0
train_001860,0.8728086,4,1
train_001861,0.5,1,0
train_001862,0.9506342,4,1
train_001863,0.016929608,4,1
train_001864,0.5,4,0
train_001865,0.5,3,0
train_001866,0.007647052,4,1
train_001867,0.5,1,0
train_001868,0.001950725,1,1
train_001869,4.725105e-05,2,1
train_001870,0.5,2,0
train_001871,0.5,1,0
train_001872,0.5,2,0
train_001873,0.5,2,0
train_001874,0.013015811,3,1
train_001875,0.5,1,0
train_001876,0.0030121808,3,1
train_001877,0.5,2,0
train_001878,0.057711262,3,1
train_001879,0.001923246,3,1
train_001880,0.0026789058,2,1
train_001881,0.5,2,0
train_001882,0.00026750908,4,1
train_001883,0.00032039013,3,1
train_001884,0.050442334,1,1
train_001885,0.001378244,3,1
train_001886,0.005373083,4,1
train_001887,0.002000402,3,1
train_001888,0.003820203,2,1
train_001889,0.9821764,4,1
train_001890,0.0031567998,3,1
train_001891,0.018109456,4,1
train_001892,0.0002857469,2,1
train_001893,0.00018946972,2,1
train_001894,0.18874313,3,1
train_001895,0.5,2,0
train_001896,0.5,2,0
train_001897,0.00012433794,2,1
train_001898,0.00023118316,4,1
train_001899,0.5,2,0
train_001900,0.8551421,3,1
train_001901,0.00024647076,2,1
train_001902,0.04424273,4,1
train_001903,0.00040690947,1,1
train_001904,0.5,2,0
train_001905,0.0033971441,4,1
train_001906,0.5,1,0
train_001907,0.000993129,2,1
train_001908,0.0067565953,1,1
train_001909,0.00027914997,2,1
train_001910,0.5,4,0
train_001911,0.018340738,2,1
train_001912,0.5,3,0
train_001913,0.5,1,0
train_001914,0.5,2,0
train_001915,0.008323326,3,1
train_001916,0.00010779841,3,1
train_001917,0.5,1,0
train_001918,0.5,2,0
train_001919,0.5,4,0
train_001920,0.027602788,4,1
train_001921,0.00032219215,2,1
train_001922,0.5,2,0
train_001923,0.019773051,2,1
train_001924,0.5,3,0
train_001925,0.00017863797,3,1
train_001926,0.0013251838,4,1
train_001927,0.5,4,0
train_001928,0.5,2,0
train_001929,0.00013128157,1,1
train_001930,0.0009387762,3,1
train_001931,0.021691155,4,1
train_001932,0.003629054,3,1
train_001933,0.046341356,4,1
train_001934,0.029723477,2,1
train_001935,0.010147296,4,1
train_001936,7.667662e-05,2,1
train_001937,0.004677625,4,1
train_001938,6.335529e-05,2,1
train_001939,0.003455677,4,1
train_001940,0.5,1,0
train_001941,0.00022571914,3,1
train_001942,0.0057408204,2,1
train_001943,0.0006012565,2,1
train_001944,0.5,3,0
train_001945,0.0025745984,3,1
train_001946,0.0074842465,2,1
train_001947,0.00041631906,2,1
train_001948,0.0015636599,2,1
train_001949,0.00023373417,2,1
train_001950,0.047236525,2,1
train_001951,0.00434388,1,1
train_001952,0.0032246548,4,1
train_001953,0.5,3,0
train_001954,0.074104056,3,1
train_001955,0.5,1,0
train_001956,0.040024262,3,1
train_001957,0.0060650725,3,1
train_001958,0.0011459563,4,1
train_001959,0.0036092184,2,1
train_001960,0.0012803742,2,1
train_001961,0.045807265,4,1
train_001962,0.5,4,0
train_001963,0.5,1,0
train_001964,0.0014264346,1,1
train_001965,8.5162574e-05,1,1
train_001966,0.5,4,0
train_001967,0.00033980337,1,1
train_001968,0.5,1,0
train_001969,0.5,2,0
train_001970,0.5,1,0
train_001971,0.0016764337,3,1
train_001972,0.00026680002,1,1
train_001973,0.00026249673,4,1
train_001974,0.5,3,0
train_001975,0.5,1,0
train_001976,0.5,2,0
train_001977,0.00025459653,3,1
train_001978,0.0012350866,3,1
train_001979,0.5,4,0
train_001980,0.004727229,3,1
train_001981,0.0012106751,2,1
train_001982,0.021869816,3,1
train_001983,0.005649141,2,1
train_001984,0.014068678,3,1
train_001985,0.5,1,0
train_001986,0.00028873587,4,1
train_001987,0.5,2,0
train_001988,0.0044160387,3,1
train_001989,0.5,1,0
train_001990,0.0069103907,2,1
train_001991,0.0005415421,4,1
train_001992,0.0017738118,2,1
train_001993,0.02940372,3,1
train_001994,0.00038162796,2,1
train_001995,0.9901578,3,1
train_001996,0.0005019261,4,1
train_001997,0.005832971,2,1
train_001998,0.5,3,0
train_001999,0.0051215733,4,1
train_002000,0.00013196892,1,1
train_002001,0.5,4,0
train_002002,0.0047284677,3,1
train_002003,0.5,3,0
train_002004,0.5,2,0
train_002005,0.5,4,0
train_002006,0.013811708,4,1
train_002007,0.014650995,3,1
train_002008,0.5,3,0
train_002009,0.5,2,0
train_002010,0.5,3,0
train_002011,0.5,2,0
train_002012,0.5,4,0
train_002013,0.0030533564,4,1
train_002014,0.0019490686,3,1
train_002015,0.5,4,0
train_002016,0.015459678,4,1
train_002017,0.5,3,0
train_002018,0.5,3,0
train_002019,0.0021548062,2,1
train_002020,0.5,2,0
train_002021,0.00055277435,1,1
train_002022,0.5,3,0
train_002023,0.5,4,0
train_002024,0.5,4,0
train_002025,0.5,2,0
train_002026,0.021230904,2,1
train_002027,0.5,4,0
train_002028,0.004293781,4,1
train_002029,0.016999645,3,1
train_002030,0.5,4,0
train_002031,0.5,4,0
train_002032,0.5,4,0
train_002033,0.5,4,0
train_002034,0.9857254,1,1
train_002035,0.5,1,0
train_002036,0.5,3,0
train_002037,0.5,3,0
train_002038,0.0011676967,2,1
train_002039,0.5,2,0
train_002040,0.0011073645,3,1
train_002041,0.19015741,4,1
train_002042,0.5,2,0
train_002043,0.5,3,0
train_002044,0.5,3,0
train_002045,0.0011036205,3,1
train_002046,0.5,4,0
train_002047,0.5,3,0
train_002048,0.5,1,0
train_002049,0.0004538218,1,1
train_002050,0.5,2,0
train_002051,0.006476777,3,1
train_002052,0.0013410008,3,1
train_002053,0.026522089,2,1
train_002054,0.5,1,0
train_002055,0.00063282694,4,1
train_002056,0.5,4,0
train_002057,0.5,4,0
train_002058,0.9694428,3,1
train_002059,0.5,4,0
train_002060,0.0061346735,4,1
train_002061,0.5,3,0
train_002062,0.5,4,0
train_002063,0.5,3,0
train_002064,0.024679314,4,1
train_002065,0.00010466193,3,1
train_002066,0.5,3,0
train_002067,0.5,4,0
train_002068,0.0057745622,4,1
train_002069,0.5,2,0
train_002070,0.5,3,0
train_002071,0.5,1,0
train_002072,0.5,3,0
train_002073,0.00012336153,2,1
train_002074,0.003586784,4,1
train_002075,0.0031559635,2,1
train_002076,0.5,3,0
train_002077,0.70877594,3,1
train_002078,0.5,2,0
train_002079,0.037718665,4,1
train_002080,0.5,3,0
train_002081,0.5,3,0
train_002082,0.5,2,0
train_002083,0.5,3,0
train_002084,0.005559144,3,1
train_002085,0.5,4,0
train_002086,0.0007981198,3,1
train_002087,0.004109005,4,1
train_002088,0.5,3,0
train_002089,0.5,3,0
train_002090,0.5,2,0
train_002091,0.0009780265,1,1
train_002092,0.5,3,0
train_002093,0.5,1,0
train_002094,0.5,3,0
train_002095,0.023431681,2,1
train_002096,0.5,3,0
train_002097,0.5,3,0
train_002098,0.000285307,4,1
train_002099,8.261933e-05,3,1
train_002100,0.5,4,0
train_002101,0.5,3,0
train_002102,0.5,4,0
train_002103,0.07630369,4,1
train_002104,0.5,3,0
train_002105,0.5,3,0
train_002106,9.803472e-05,4,1
train_002107,0.5,2,0
train_002108,0.9820613,4,1
train_002109,0.5,3,0
train_002110,0.5,3,0
train_002111,0.0017870583,4,1
train_002112,0.5,3,0
train_002113,0.5,4,0
train_002114,0.0006254545,4,1
train_002115,0.5,3,0
train_002116,0.5,3,0
train_002117,0.5,4,0
train_002118,0.5,3,0
train_002119,0.5,3,0
train_002120,0.5,1,0
train_002121,0.0075136544,4,1
train_002122,0.004437245,3,1
train_002123,0.5,4,0
train_002124,0.5,1,0
train_002125,0.006079622,3,1
train_002126,0.5,2,0
train_002127,0.006270244,4,1
train_002128,0.5,4,0
train_002129,0.5,4,0
train_002130,0.5,4,0
train_002131,0.5,3,0
train_002132,0.0034758865,3,1
train_002133,0.021646902,4,1
train_002134,0.5,1,0
train_002135,0.5,4,0
train_002136,0.02626009,3,1
train_002137,0.5,3,0
train_002138,0.5,2,0
train_002139,0.2047473,3,1
train_002140,0.5,4,0
train_002141,0.8337509,3,1
train_002142,0.0005018146,2,1
train_002143,0.5,4,0
train_002144,0.5,2,0
train_002145,0.5,4,0
train_002146,0.5,1,0
train_002147,0.5,1,0
train_002148,0.5,3,0
train_002149,0.5,3,0
train_002150,0.5,3,0
train_002151,0.006590778,4,1
train_002152,0.5,4,0
train_002153,0.5,3,0
train_002154,0.5,3,0
train_002155,0.97325945,4,1
train_002156,0.9894705,4,1
train_002157,0.5,3,0
train_002158,0.5,3,0
train_002159,0.5,3,0
train_002160,0.5,3,0
train_002161,0.5,3,0
train_002162,0.5,3,0
train_002163,0.0048075356,3,1
train_002164,0.5,2,0
train_002165,0.5,3,0
train_002166,0.5,3,0
train_002167,0.5,3,0
train_002168,0.5,2,0
train_002169,0.0006370963,1,1
train_002170,0.5,4,0
train_002171,0.008691542,4,1
train_002172,0.5,2,0
train_002173,0.5,2,0
train_002174,0.007297698,3,1
train_002175,0.5,3,0
train_002176,0.5,2,0
train_002177,0.9887705,4,1
train_002178,0.5,3,0
train_002179,0.009892584,4,1
train_002180,0.00043516932,2,1
train_002181,0.5,3,0
train_002182,0.19688429,3,1
train_002183,0.5,2,0
train_002184,0.5,3,0
train_002185,0.5,3,0
train_002186,0.003110786,4,1
train_002187,0.0065857703,4,1
train_002188,0.10381951,4,1
train_002189,0.5,3,0
train_002190,0.5,4,0
train_002191,0.5,4,0
train_002192,0.5,2,0
train_002193,0.0023645875,3,1
train_002194,0.5,2,0
train_002195,0.008375166,3,1
train_002196,0.5,4,0
train_002197,0.0031911354,2,1
train_002198,0.5,4,0
train_002199,0.5,3,0
train_002200,0.5,3,0
train_002201,0.28042066,4,1
train_002202,0.000845042,4,1
train_002203,0.5,3,0
train_002204,0.5,3,0
train_002205,0.5,2,0
train_002206,0.5,2,0
train_002207,0.5,4,0
train_002208,0.5,2,0
train_002209,0.5,3,0
train_002210,0.5,4,0
train_002211,0.5,3,0
train_002212,0.5,2,0
train_002213,0.009079481,4,1
train_002214,0.5,4,0
train_002215,0.008868484,4,1
train_002216,0.5,3,0
train_002217,0.5,3,0
train_002218,0.0010345785,3,1
train_002219,0.0010878594,3,1
train_002220,0.007396195,2,1
train_002221,0.5,3,0
train_002222,0.5,2,0
train_002223,0.5,1,0
train_002224,0.0012951028,4,1
train_002225,0.0020991873,3,1
train_002226,0.5,3,0
train_002227,0.5,4,0
train_002228,0.5,4,0
train_002229,0.5,3,0
train_002230,0.0011538048,3,1
train_002231,0.5,3,0
train_002232,0.4231463,4,1
train_002233,0.5,3,0
train_002234,0.5,2,0
train_002235,0.5,3,0
train_002236,0.5,3,0
train_002237,0.5,3,0
train_002238,0.018010393,3,1
train_002239,0.5,4,0
train_002240,0.15360615,4,1
train_002241,0.0017340737,3,1
train_002242,0.5,4,0
train_002243,0.5,3,0
train_002244,0.5,2,0
train_002245,0.5501967,4,1
train_002246,0.012917453,4,1
train_002247,0.021519946,2,1
train_002248,0.5,3,0
train_002249,0.5,4,0
train_002250,0.5,4,0
train_002251,0.9899726,4,1
train_002252,0.029881947,3,1
train_002253,0.5,2,0
train_002254,0.5,2,0
train_002255,0.02884139,3,1
train_002256,0.5,2,0
train_002257,0.5,3,0
train_002258,0.5,3,0
train_002259,0.081324406,3,1
train_002260,0.5,3,0
train_002261,0.085058585,4,1
train_002262,0.0002802385,4,1
train_002263,0.003466362,3,1
train_002264,0.5,3,0
train_002265,0.036793616,4,1
train_002266,0.007386084,4,1
train_002267,0.011575229,3,1
train_002268,0.5,3,0
train_002269,0.5,3,0
train_002270,0.0005054104,4,1
train_002271,0.0069489814,3,1
train_002272,0.5,3,0
train_002273,0.5,2,0
train_002274,0.70931405,4,1
train_002275,0.5,4,0
train_002276,0.5,3,0
train_002277,0.5,3,0
train_002278,0.5,3,0
train_002279,0.5,4,0
train_002280,0.0027591793,1,1
train_002281,0.5,3,0
train_002282,0.5,2,0
train_002283,0.9395352,3,1
train_002284,0.99001884,4,1
train_002285,0.5,3,0
train_002286,0.0009296495,3,1
train_002287,0.013463067,4,1
train_002288,0.0066678724,4,1
train_002289,0.010715044,4,1
train_002290,0.5,3,0
train_002291,0.5,3,0
train_002292,0.0001196779,3,1
train_002293,0.021709736,2,1
train_002294,0.5,3,0
train_002295,0.5,3,0
train_002296,0.9875688,4,1
train_002297,0.5,3,0
train_002298,0.5,3,0
train_002299,0.5,2,0
train_002300,0.5,2,0
train_002301,0.5,2,0
train_002302,0.5,2,0
train_002303,0.5,4,0
train_002304,0.5,3,0
train_002305,0.5,3,0
train_002306,0.5,3,0
train_002307,0.051072232,3,1
train_002308,0.5,3,0
train_002309,0.5,3,0
train_002310,0.5,3,0
train_002311,0.5,2,0
train_002312,0.5,3,0
train_002313,0.5,3,0
train_002314,0.5,2,0
train_002315,0.06219941,2,1
train_002316,0.5,3,0
train_002317,0.5,3,0
train_002318,0.5,4,0
train_002319,0.5,4,0
train_002320,0.5,2,0
train_002321,0.5,3,0
train_002322,0.5,4,0
train_002323,0.46490133,4,1
train_002324,0.5,2,0
train_002325,0.0009945321,4,1
train_002326,0.5,4,0
train_002327,0.01499238,3,1
train_002328,0.5,3,0
train_002329,0.5,3,0
train_002330,0.5,3,0
train_002331,0.00525059,3,1
train_002332,0.5,3,0
train_002333,0.0012872411,4,1
train_002334,0.5,4,0
train_002335,0.5,3,0
train_002336,0.5,3,0
train_002337,0.5,2,0
train_002338,0.5,2,0
train_002339,0.5,3,0
train_002340,0.5,2,0
train_002341,0.002664379,3,1
train_002342,0.016628934,3,1
train_002343,0.5,4,0
train_002344,0.5,3,0
train_002345,0.5,3,0
train_002346,0.5,3,0
train_002347,0.06586667,3,1
train_002348,0.07438554,3,1
train_002349,0.5,2,0
train_002350,0.5,4,0
train_002351,0.5,3,0
train_002352,0.5,3,0
train_002353,0.5,2,0
train_002354,0.5,2,0
train_002355,0.5,1,0
train_002356,0.5,3,0
train_002357,0.0077804807,2,1
train_002358,0.5,2,0
train_002359,0.5,4,0
train_002360,0.98515016,4,1
train_002361,0.5,2,0
train_002362,0.5,3,0
train_002363,0.5,2,0
train_002364,0.5,3,0
train_002365,0.5,3,0
train_002366,0.093380824,4,1
train_002367,0.5,4,0
train_002368,0.5,2,0
train_002369,0.5,4,0
train_002370,0.5,4,0
train_002371,0.5,4,0
train_002372,0.016347112,3,1
train_002373,0.021529594,4,1
train_002374,0.0031350767,4,1
train_002375,0.5,2,0
train_002376,0.008057883,4,1
train_002377,0.5,2,0
train_002378,0.019179104,4,1
train_002379,0.024570733,3,1
train_002380,0.5,1,0
train_002381,0.5,2,0
train_002382,0.0030080895,3,1
train_002383,0.5,3,0
train_002384,0.5,3,0
train_002385,0.5,3,0
train_002386,0.5,3,0
train_002387,0.5,3,0
train_002388,0.0038887814,3,1
train_002389,0.5,2,0
train_002390,0.06554665,4,1
train_002391,6.471715e-05,3,1
train_002392,0.5,2,0
train_002393,0.5,4,0
train_002394,0.5,4,0
train_002395,0.024701547,3,1
train_002396,0.5,3,0
train_002397,0.28367317,4,1
train_002398,0.5,3,0
train_002399,0.00010497416,3,1
train_002400,0.5,3,0
train_002401,0.25059435,3,1
train_002402,0.006264609,2,1
train_002403,0.5,3,0
train_002404,0.002811209,3,1
train_002405,0.01235723,1,1
train_002406,0.5,1,0
train_002407,0.5,3,0
train_002408,0.0632542,1,1
train_002409,0.5,4,0
train_002410,0.5,4,0
train_002411,0.5,3,0
train_002412,0.5,4,0
train_002413,0.5,3,0
train_002414,0.12144816,4,1
train_002415,0.5,2,0
train_002416,0.00029655878,3,1
train_002417,0.5,4,0
train_002418,0.5,3,0
train_002419,0.5,2,0
train_002420,0.07861282,3,1
train_002421,0.03654558,4,1
train_002422,0.5,2,0
train_002423,0.021922417,3,1
train_002424,0.5,4,0
train_002425,0.5,4,0
train_002426,0.9811792,4,1
train_002427,0.5,3,0
train_002428,0.5,3,0
train_002429,0.5,3,0
train_002430,0.5,4,0
train_002431,0.9897994,4,1
train_002432,0.5,2,0
train_002433,0.5,2,0
train_002434,0.5,3,0
train_002435,0.25698736,4,1
train_002436,4.0480463e-05,4,1
train_002437,0.002640662,2,1
train_002438,0.5,2,0
train_002439,0.0011542859,1,1
train_002440,0.5,4,0
train_002441,0.5,3,0
train_002442,0.5,3,0
train_002443,0.5,3,0
train_002444,0.5,3,0
train_002445,0.5,3,0
train_002446,0.5,4,0
train_002447,0.5,3,0
train_002448,0.5,3,0
train_002449,0.5,4,0
train_002450,0.5,4,0
train_002451,0.989938,3,1
train_002452,0.5,2,0
train_002453,0.20797871,4,1
train_002454,0.000115706156,3,1
train_002455,0.59049296,4,1
train_002456,0.68370736,4,1
train_002457,0.5,2,0
train_002458,0.5,4,0
train_002459,0.0080806995,4,1
train_002460,0.11512325,2,1
train_002461,0.0092468895,3,1
train_002462,0.5,4,0
train_002463,0.5,4,0
train_002464,0.5,2,0
train_002465,0.005042953,3,1
train_002466,0.5,3,0
train_002467,0.099920034,3,1
train_002468,0.011063851,1,1
train_002469,0.006625128,4,1
train_002470,0.5,4,0
train_002471,0.018507758,4,1
train_002472,0.008121137,3,1
train_002473,0.5,3,0
train_002474,0.5,4,0
train_002475,0.5,3,0
train_002476,0.5,1,0
train_002477,0.007474475,3,1
train_002478,0.0060389913,2,1
train_002479,0.5,3,0
train_002480,0.5,2,0
train_002481,0.5,4,0
train_002482,0.003475279,3,1
train_002483,0.5,2,0
train_002484,0.5,3,0
train_002485,0.5,3,0
train_002486,0.0017408141,3,1
train_002487,0.00078114157,3,1
train_002488,0.0008489327,4,1
train_002489,0.00044883162,3,1
train_002490,0.5,3,0
train_002491,0.5,2,0
train_002492,0.5,1,0
train_002493,0.5,3,0
train_002494,0.5,4,0
train_002495,0.0044944948,1,1
train_002496,0.5,4,0
train_002497,0.5,3,0
train_002498,0.5,4,0
train_002499,0.9859849,4,1
train_002500,0.5,4,0
train_002501,0.008066356,4,1
train_002502,0.5,4,0
train_002503,0.5,1,0
train_002504,0.0016938163,3,1
train_002505,0.00023694389,2,1
train_002506,0.5,1,0
train_002507,0.0015738687,1,1
train_002508,0.5,1,0
train_002509,0.0032518967,1,1
train_002510,0.0027372278,1,1
train_002511,0.004868844,4,1
train_002512,0.5,1,0
train_002513,0.0067093307,3,1
train_002514,0.005383535,4,1
train_002515,0.5,3,0
train_002516,0.009448154,4,1
train_002517,0.5,1,0
train_002518,0.5,1,0
train_002519,0.8994787,4,1
train_002520,0.002125611,3,1
train_002521,0.9843583,4,1
train_002522,0.5,3,0
train_002523,0.0002731848,1,1
train_002524,0.5,1,0
train_002525,0.5,1,0
train_002526,0.00042937105,1,1
train_002527,0.05845574,3,1
train_002528,0.5,3,0
train_002529,0.026004216,3,1
train_002530,0.5,1,0
train_002531,0.5,3,0
train_002532,0.5,1,0
train_002533,0.5,3,0
train_002534,0.5,3,0
train_002535,0.5,4,0
train_002536,0.000644818,4,1
train_002537,0.00055718503,3,1
train_002538,0.0066284835,4,1
train_002539,0.00026124812,4,1
train_002540,0.5,4,0
train_002541,0.006639396,4,1
train_002542,0.007533045,3,1
train_002543,0.5,4,0
train_002544,0.5,4,0
train_002545,0.5,3,0
train_002546,0.5,4,0
train_002547,0.0018320947,2,1
train_002548,0.5,1,0
train_002549,0.14881282,3,1
train_002550,0.014552942,4,1
train_002551,0.5,4,0
train_002552,0.0057960395,1,1
train_002553,0.5,3,0
train_002554,0.013354212,3,1
train_002555,0.0009905627,4,1
train_002556,0.5,4,0
train_002557,0.0018326762,3,1
train_002558,0.0005370606,4,1
train_002559,0.5,4,0
train_002560,0.0012614601,4,1
train_002561,0.5,4,0
train_002562,0.5,1,0
train_002563,0.5,3,0
train_002564,0.0010397033,1,1
train_002565,0.0010665139,1,1
train_002566,0.5,3,0
train_002567,0.0047072535,3,1
train_002568,0.5,3,0
train_002569,0.0048826723,2,1
train_002570,0.5,1,0
train_002571,0.5,4,0
train_002572,0.5,1,0
train_002573,0.0009851158,4,1
train_002574,0.030161152,3,1
train_002575,0.010591712,4,1
train_002576,0.5,2,0
train_002577,0.5,1,0
train_002578,0.5,1,0
train_002579,0.5,2,0
train_002580,0.00017378539,4,1
train_002581,0.5,4,0
train_002582,0.0002928065,4,1
train_002583,0.5,1,0
train_002584,0.0074282875,4,1
train_002585,0.0023071077,2,1
train_002586,0.9881251,4,1
train_002587,0.00095654797,4,1
train_002588,0.5,2,0
train_002589,0.02850024,4,1
train_002590,0.9814472,4,1
train_002591,0.5,3,0
train_002592,0.5,4,0
train_002593,0.5,4,0
train_002594,6.043332e-05,1,1
train_002595,0.5,1,0
train_002596,0.5,4,0
train_002597,0.2469846,4,1
train_002598,0.5,4,0
train_002599,0.029118894,4,1
train_002600,0.0023119093,3,1
train_002601,0.5,1,0
train_002602,0.5,4,0
train_002603,0.00045113623,1,1
train_002604,0.4825766,3,1
train_002605,0.004445399,1,1
train_002606,4.0511084e-05,4,1
train_002607,0.5,2,0
train_002608,0.046958197,3,1
train_002609,0.5,4,0
train_002610,0.00036568308,1,1
train_002611,0.001369931,3,1
train_002612,0.5,3,0
train_002613,0.5,2,0
train_002614,0.5,1,0
train_002615,0.0024703492,1,1
train_002616,0.5,4,0
train_002617,0.5,1,0
train_002618,0.0005804933,4,1
train_002619,0.0014664463,4,1
train_002620,0.5,3,0
train_002621,0.031710923,4,1
train_002622,0.0068091583,1,1
train_002623,0.5,4,0
train_002624,0.5,4,0
train_002625,0.5,1,0
train_002626,0.5,1,0
train_002627,0.5,1,0
train_002628,0.5,3,0
train_002629,0.5,4,0
train_002630,0.5,1,0
train_002631,0.5,1,0
train_002632,0.0010014334,4,1
train_002633,0.5,2,0
train_002634,0.5,1,0
train_002635,0.0024877507,1,1
train_002636,0.5,4,0
train_002637,0.00047698282,1,1
train_002638,0.5,4,0
train_002639,0.030432312,1,1
train_002640,0.0018972898,4,1
train_002641,0.27326247,3,1
train_002642,0.5,4,0
train_002643,0.5,1,0
train_002644,0.5,1,0
train_002645,0.5,2,0
train_002646,0.0004209259,4,1
train_002647,0.5,2,0
train_002648,0.5,1,0
train_002649,0.5,4,0
train_002650,0.5,1,0
train_002651,0.0020812375,4,1
train_002652,0.00022432735,4,1
train_002653,0.019514786,4,1
train_002654,0.029931443,4,1
train_002655,0.5,2,0
train_002656,0.5,2,0
train_002657,2.1539969e-05,4,1
train_002658,0.5,3,0
train_002659,0.5,4,0
train_002660,0.5,4,0
train_002661,0.5,3,0
train_002662,0.5,1,0
train_002663,0.9888467,3,1
train_002664,0.008990858,4,1
train_002665,0.005155241,4,1
train_002666,0.5,4,0
train_002667,0.5,4,0
train_002668,0.5,2,0
train_002669,0.5,1,0
train_002670,0.5,4,0
train_002671,0.00037341524,2,1
train_002672,0.5,1,0
train_002673,0.19397554,2,1
train_002674,0.017526615,2,1
train_002675,0.013713796,4,1
train_002676,0.5,1,0
train_002677,0.015612909,1,1
train_002678,0.5,1,0
train_002679,0.5,4,0
train_002680,0.5,2,0
train_002681,0.5,3,0
train_002682,0.0061210967,1,1
train_002683,0.5,1,0
train_002684,0.5,3,0
train_002685,0.0036384992,4,1
train_002686,0.5,3,0
train_002687,0.5,4,0
train_002688,0.0013099109,2,1
train_002689,0.0016876467,4,1
train_002690,0.0017441297,3,1
train_002691,0.00063001754,1,1
train_002692,0.009046438,2,1
train_002693,0.90436876,4,1
train_002694,0.5,3,0
train_002695,0.5,1,0
train_002696,0.5,2,0
train_002697,0.5,4,0
train_002698,0.5,1,0
train_002699,0.00037304222,3,1
train_002700,0.5,4,0
train_002701,0.0010194426,4,1
train_002702,0.0021341487,1,1
train_002703,0.008764462,4,1
train_002704,0.5,4,0
train_002705,0.5,1,0
train_002706,0.5,1,0
train_002707,0.5,4,0
train_002708,0.5,1,0
train_002709,0.003835727,4,1
train_002710,0.5,1,0
train_002711,0.5,3,0
train_002712,0.5,1,0
train_002713,0.00631607,2,1
train_002714,0.5,1,0
train_002715,0.0017311723,4,1
train_002716,0.5,2,0
train_002717,0.5,4,0
train_002718,0.0041762907,2,1
train_002719,0.5,1,0
train_002720,0.5,4,0
train_002721,0.5,1,0
train_002722,0.1696566,2,1
train_002723,0.5,1,0
train_002724,0.5,4,0
train_002725,0.5,4,0
train_002726,0.5,1,0
train_002727,0.9833935,2,1
train_002728,0.0004444362,4,1
train_002729,0.0014050092,1,1
train_002730,0.5,1,0
train_002731,0.5,4,0
train_002732,0.003946222,3,1
train_002733,0.0135330735,3,1
train_002734,0.5,4,0
train_002735,0.0020747962,4,1
train_002736,0.5,4,0
train_002737,0.018774036,3,1
train_002738,8.123135e-05,3,1
train_002739,0.5,3,0
train_002740,0.5,4,0
train_002741,0.5,4,0
train_002742,0.013025119,3,1
train_002743,0.00011154085,4,1
train_002744,0.004431358,4,1
train_002745,0.5,1,0
train_002746,0.009831622,2,1
train_002747,0.0024556904,4,1
train_002748,6.3763444e-05,3,1
train_002749,0.022804502,2,1
train_002750,0.5,1,0
train_002751,0.5,1,0
train_002752,0.5,4,0
train_002753,0.01226341,4,1
train_002754,0.5,4,0
train_002755,0.21692696,1,1
train_002756,0.00023799187,1,1
train_002757,0.06964294,4,1
train_002758,0.0010315244,4,1
train_002759,0.5,4,0
train_002760,0.04837734,1,1
train_002761,0.5,4,0
train_002762,0.0006553498,1,1
train_002763,0.01928815,2,1
train_002764,0.5,1,0
train_002765,0.0037083663,4,1
train_002766,0.0045748884,3,1
train_002767,0.0042122537,1,1
train_002768,0.0061726943,4,1
train_002769,0.96589833,3,1
train_002770,0.5,1,0
train_002771,0.976834,4,1
train_002772,0.0012967328,3,1
train_002773,0.5,2,0
train_002774,0.5,2,0
train_002775,0.5,3,0
train_002776,0.59520155,4,1
train_002777,0.00043809818,4,1
train_002778,0.5,2,0
train_002779,0.015076942,4,1
train_002780,0.5,3,0
train_002781,0.5,1,0
train_002782,0.5,4,0
train_002783,0.5,4,0
train_002784,0.004525307,3,1
train_002785,0.0025137833,4,1
train_002786,0.5,3,0
train_002787,0.0020185169,4,1
train_002788,0.5,4,0
train_002789,0.06892046,3,1
train_002790,0.5,1,0
train_002791,0.5,1,0
train_002792,0.0017914159,4,1
train_002793,0.014099503,4,1
train_002794,0.010592221,1,1
train_002795,0.5,1,0
train_002796,0.5,1,0
train_002797,0.5,3,0
train_002798,0.00025022216,2,1
train_002799,0.017641095,4,1
train_002800,0.00057297765,2,1
train_002801,0.5,3,0
train_002802,0.02753821,4,1
train_002803,0.5,4,0
train_002804,0.5,3,0
train_002805,0.5,1,0
train_002806,0.5,1,0
train_002807,0.010282709,4,1
train_002808,0.0028043357,3,1
train_002809,0.19749041,4,1
train_002810,0.0010310836,3,1
train_002811,0.5,3,0
train_002812,0.5,1,0
train_002813,0.5,4,0
train_002814,0.0045852726,2,1
train_002815,0.5,4,0
train_002816,0.5,1,0
train_002817,0.5,1,0
train_002818,0.5,4,0
train_002819,9.891439e-05,4,1
train_002820,0.00090292393,3,1
train_002821,0.012971439,3,1
train_002822,0.00058534055,1,1
train_002823,0.031815544,4,1
train_002824,0.0073203724,4,1
train_002825,0.5,2,0
train_002826,0.5,4,0
train_002827,0.5,4,0
train_002828,0.5,1,0
train_002829,0.5,2,0
train_002830,0.5,4,0
train_002831,0.004715543,2,1
train_002832,0.5,4,0
train_002833,0.5,3,0
train_002834,0.98793614,1,1
train_002835,0.5,4,0
train_002836,0.0033832982,4,1
train_002837,0.5,3,0
train_002838,0.0014463289,1,1
train_002839,0.5,4,0
train_002840,0.017514044,4,1
train_002841,0.5,4,0
train_002842,0.5,2,0
train_002843,0.0034152896,3,1
train_002844,0.5,1,0
train_002845,0.010514965,1,1
train_002846,0.5,1,0
train_002847,0.5,1,0
train_002848,0.0007434158,1,1
train_002849,0.5,3,0
train_002850,0.0017007852,3,1
train_002851,0.077059515,3,1
train_002852,0.019062297,4,1
train_002853,0.5,1,0
train_002854,0.004558334,4,1
train_002855,0.5,1,0
train_002856,0.5,3,0
train_002857,0.5,3,0
train_002858,0.5,1,0
train_002859,0.003315163,4,1
train_002860,0.5,4,0
train_002861,0.0006079148,1,1
train_002862,0.5,3,0
train_002863,0.5,4,0
train_002864,0.5,2,0
train_002865,0.0041059805,3,1
train_002866,0.0034073966,3,1
train_002867,0.5,3,0
train_002868,0.5,3,0
train_002869,0.004095592,3,1
train_002870,0.0032423467,3,1
train_002871,0.013717202,1,1
train_002872,0.5,1,0
train_002873,0.0058672633,4,1
train_002874,0.987643,4,1
train_002875,0.5,4,0
train_002876,0.5,1,0
train_002877,0.5,2,0
train_002878,0.5,4,0
train_002879,0.5,4,0
train_002880,0.0012159521,4,1
train_002881,0.00025750694,1,1
train_002882,0.0004711934,1,1
train_002883,0.5,1,0
train_002884,0.5,3,0
train_002885,0.5,3,0
train_002886,0.0020036348,1,1
train_002887,0.001086368,1,1
train_002888,0.5,3,0
train_002889,0.0119792055,3,1
train_002890,0.0024282741,3,1
train_002891,0.0022327772,4,1
train_002892,0.5,4,0
train_002893,0.5,2,0
train_002894,0.5,4,0
train_002895,0.5,1,0
train_002896,0.12911063,4,1
train_002897,0.5,3,0
train_002898,0.5,3,0
train_002899,0.5,4,0
train_002900,0.5,4,0
train_002901,0.5,1,0
train_002902,0.5,1,0
train_002903,0.5,1,0
train_002904,4.549479e-05,4,1
train_002905,0.5,4,0
train_002906,0.0016846028,1,1
train_002907,0.5,4,0
train_002908,0.019875966,2,1
train_002909,0.0047666696,1,1
train_002910,0.00042214035,2,1
train_002911,0.5,2,0
train_002912,0.5,1,0
train_002913,0.5,2,0
train_002914,0.5,1,0
train_002915,0.5,3,0
train_002916,0.5,4,0
train_002917,0.5,4,0
train_002918,0.00036204365,3,1
train_002919,0.5,2,0
train_002920,0.5,1,0
train_002921,0.0060248724,4,1
train_002922,0.5,3,0
train_002923,0.009358923,3,1
train_002924,0.5,4,0
train_002925,0.0007648479,1,1
train_002926,0.5,4,0
train_002927,0.007121515,1,1
train_002928,0.001527775,1,1
train_002929,0.5,3,0
train_002930,0.010184337,4,1
train_002931,0.5,4,0
train_002932,0.0044927555,4,1
train_002933,0.5,1,0
train_002934,0.5,1,0
train_002935,0.05232649,4,1
train_002936,0.5,3,0
train_002937,0.5,1,0
train_002938,0.0012618317,4,1
train_002939,0.5,3,0
train_002940,0.5,2,0
train_002941,0.5,3,0
train_002942,0.5,3,0
train_002943,0.5,1,0
train_002944,0.00078330113,4,1
train_002945,0.5,3,0
train_002946,0.0015603808,4,1
train_002947,0.5,3,0
train_002948,0.5,3,0
train_002949,0.95516425,4,1
train_002950,0.5,4,0
train_002951,0.5,3,0
train_002952,0.0014393165,4,1
train_002953,0.5,2,0
train_002954,0.5,4,0
train_002955,0.5,4,0
train_002956,0.00053157716,4,1
train_002957,0.03853849,1,1
train_002958,0.0015859525,4,1
train_002959,0.000222433,3,1
train_002960,0.00024873938,4,1
train_002961,0.006461524,4,1
train_002962,0.5,1,0
train_002963,0.00093052885,3,1
train_002964,0.5,2,0
train_002965,0.0017025413,2,1
train_002966,0.0011704005,2,1
train_002967,0.5,4,0
train_002968,0.5,1,0
train_002969,0.5,1,0
train_002970,0.5,3,0
train_002971,0.5,2,0
train_002972,0.5,2,0
train_002973,0.5,4,0
train_002974,0.5,1,0
train_002975,0.5,3,0
train_002976,0.5,3,0
train_002977,0.0029589871,3,1
train_002978,0.0051420126,2,1
train_002979,0.9927492,4,1
train_002980,0.0020382258,2,1
train_002981,0.016840247,4,1
train_002982,0.5,3,0
train_002983,0.5,2,0
train_002984,0.0063051516,4,1
train_002985,0.5,1,0
train_002986,0.5,1,0
train_002987,0.5,1,0
train_002988,0.5,1,0
train_002989,0.5,1,0
train_002990,0.5,1,0
train_002991,0.5,4,0
train_002992,0.5,2,0
train_002993,0.5,4,0
train_002994,0.06760805,1,1
train_002995,0.2691538,1,1
train_002996,0.5,2,0
train_002997,0.5,2,0
train_002998,0.001497655,4,1
train_002999,0.0031327354,4,1
train_003000,0.5,2,0
train_003001,0.5,1,0
train_003002,0.5,2,0
train_003003,0.5,2,0
train_003004,0.013467972,2,1
train_003005,0.015235022,2,1
train_003006,0.030035013,3,1
train_003007,0.5,1,0
train_003008,0.5,1,0
train_003009,0.0020195385,2,1
train_003010,0.5,1,0
train_003011,0.007065842,2,1
train_003012,0.5,1,0
train_003013,0.008499978,1,1
train_003014,0.0021186122,2,1
train_003015,0.5,1,0
train_003016,0.5,1,0
train_003017,0.0025820814,1,1
train_003018,0.0020343503,2,1
train_003019,0.030898299,1,1
train_003020,0.10395906,1,1
train_003021,0.5,1,0
train_003022,0.5,1,0
train_003023,0.5,2,0
train_003024,0.0066863084,2,1
train_003025,0.5,2,0
train_003026,0.5,1,0
train_003027,0.5,1,0
train_003028,0.0031014518,2,1
train_003029,0.97273815,1,1
train_003030,1.6916114e-05,2,1
train_003031,3.1613654e-05,1,1
train_003032,0.5,1,0
train_003033,0.5,2,0
train_003034,0.5,2,0
train_003035,0.5,2,0
train_003036,0.0014630139,3,1
train_003037,0.008075023,1,1
train_003038,0.0037044934,2,1
train_003039,0.068314314,2,1
train_003040,0.001163273,2,1
train_003041,0.0005864509,1,1
train_003042,0.00010867603,1,1
train_003043,0.01153495,1,1
train_003044,0.0030849034,1,1
train_003045,0.5,2,0
train_003046,0.027340911,2,1
train_003047,0.5,1,0
train_003048,0.5,2,0
train_003049,0.0073210397,1,1
train_003050,0.5,1,0
train_003051,0.5,3,0
train_003052,0.0005409218,1,1
train_003053,0.0026052345,2,1
train_003054,0.003716527,2,1
train_003055,0.007619292,1,1
train_003056,0.5,1,0
train_003057,0.5,1,0
train_003058,0.5,1,0
train_003059,0.0024982668,2,1
train_003060,0.5,1,0
train_003061,0.00018209836,1,1
train_003062,0.017499795,2,1
train_003063,0.5,1,0
train_003064,0.11843385,2,1
train_003065,0.5,1,0
train_003066,0.5,2,0
train_003067,0.5,1,0
train_003068,0.0055470043,1,1
train_003069,0.0004990945,2,1
train_003070,0.00033576632,1,1
train_003071,0.5,1,0
train_003072,0.5,1,0
train_003073,0.5,1,0
train_003074,0.5,1,0
train_003075,0.5,2,0
train_003076,0.0066553196,1,1
train_003077,0.5,1,0
train_003078,0.5,1,0
train_003079,0.00011889961,2,1
train_003080,0.07453904,2,1
train_003081,0.5,3,0
train_003082,0.008075041,1,1
train_003083,0.0043518073,3,1
train_003084,0.5,2,0
train_003085,0.18640316,3,1
train_003086,0.017476998,1,1
train_003087,0.019352844,2,1
train_003088,0.5,2,0
train_003089,0.008696516,2,1
train_003090,0.5,1,0
train_003091,0.06977733,2,1
train_003092,0.5,2,0
train_003093,0.5,1,0
train_003094,0.5,1,0
train_003095,0.5,1,0
train_003096,0.01167295,1,1
train_003097,0.5,2,0
train_003098,0.0022953383,3,1
train_003099,0.0030428274,2,1
train_003100,0.011501506,2,1
train_003101,0.0034567823,1,1
train_003102,0.0057235085,1,1
train_003103,0.5,1,0
train_003104,0.01458684,2,1
train_003105,0.00020888018,2,1
train_003106,0.0027534682,2,1
train_003107,0.5,2,0
train_003108,0.5,1,0
train_003109,0.023372298,4,1
train_003110,0.9029649,1,1
train_003111,0.00040544313,1,1
train_003112,0.0032660123,1,1
train_003113,0.5,1,0
train_003114,0.0035950923,3,1
train_003115,0.00057509204,2,1
train_003116,0.00037448877,1,1
train_003117,0.00555686,2,1
train_003118,0.003205477,3,1
train_003119,0.5,1,0
train_003120,0.0024404612,2,1
train_003121,0.0006859277,1,1
train_003122,0.0042360327,1,1
train_003123,2.9306077e-05,1,1
train_003124,0.046340507,1,1
train_003125,0.5,1,0
train_003126,0.5,1,0
train_003127,0.0010758323,2,1
train_003128,0.029649278,2,1
train_003129,0.5,1,0
train_003130,0.09261703,1,1
train_003131,0.00063516863,2,1
train_003132,0.0044837017,2,1
train_003133,0.5,1,0
train_003134,3.809553e-05,2,1
train_003135,0.5,2,0
train_003136,0.0069449716,1,1
train_003137,0.0017931581,1,1
train_003138,0.007879419,1,1
train_003139,0.027400514,2,1
train_003140,0.010794875,2,1
train_003141,0.5,3,0
train_003142,0.0044413675,1,1
train_003143,0.5,2,0
train_003144,0.5,1,0
train_003145,0.5,1,0
train_003146,0.5,1,0
train_003147,0.0032697255,2,1
train_003148,0.2517706,1,1
train_003149,0.5,1,0
train_003150,0.07288453,1,1
train_003151,0.0032726298,3,1
train_003152,0.5,1,0
train_003153,0.5,1,0
train_003154,0.008293383,3,1
train_003155,0.0016690552,2,1
train_003156,0.0027011011,1,1
train_003157,0.5,2,0
train_003158,0.007306626,1,1
train_003159,0.5,1,0
train_003160,0.00020009732,2,1
train_003161,0.08205415,2,1
train_003162,0.006583278,2,1
train_003163,0.5,1,0
train_003164,0.5,2,0
train_003165,0.5,2,0
train_003166,0.5,2,0
train_003167,0.5,2,0
train_003168,0.0018830443,2,1
train_003169,0.0018323204,1,1
train_003170,0.5,1,0
train_003171,0.0007223342,2,1
train_003172,0.5,2,0
train_003173,0.5,2,0
train_003174,0.0016531289,1,1
train_003175,0.5,1,0
train_003176,0.0008787562,2,1
train_003177,0.5,1,0
train_003178,0.00016582452,2,1
train_003179,0.0008481204,1,1
train_003180,0.038539022,3,1
train_003181,0.0015968548,1,1
train_003182,0.5,2,0
train_003183,0.0003129895,1,1
train_003184,0.5,1,0
train_003185,0.0025524728,2,1
train_003186,0.03063321,1,1
train_003187,0.0012188584,1,1
train_003188,0.0026913784,1,1
train_003189,0.008809453,2,1
train_003190,0.006854413,1,1
train_003191,0.0020208764,4,1
train_003192,0.00025536222,1,1
train_003193,0.5,1,0
train_003194,0.068966165,1,1
train_003195,0.5,2,0
train_003196,0.5,1,0
train_003197,0.5,1,0
train_003198,0.004523115,3,1
train_003199,0.00010828118,2,1
train_003200,0.2009183,3,1
train_003201,0.5,3,0
train_003202,0.5,1,0
train_003203,0.0030356222,1,1
train_003204,0.5,1,0
train_003205,0.5,2,0
train_003206,0.5,2,0
train_003207,0.0001045916,2,1
train_003208,0.02508514,2,1
train_003209,0.5,1,0
train_003210,0.0016586367,1,1
train_003211,0.0032240248,1,1
train_003212,0.6387588,3,1
train_003213,0.0010323586,2,1
train_003214,0.5,2,0
train_003215,0.00020431334,2,1
train_003216,0.5,1,0
train_003217,0.017479397,2,1
train_003218,0.5,2,0
train_003219,0.5,1,0
train_003220,0.011181356,2,1
train_003221,0.5,1,0
train_003222,0.5,1,0
train_003223,0.5,1,0
train_003224,0.037944376,1,1
train_003225,0.0010822499,2,1
train_003226,0.5,1,0
train_003227,0.00058829767,3,1
train_003228,6.567949e-05,2,1
train_003229,0.5,1,0
train_003230,0.38121173,1,1
train_003231,0.00019628843,2,1
train_003232,0.010829243,2,1
train_003233,0.5,1,0
train_003234,0.030576037,1,1
train_003235,0.006298412,2,1
train_003236,0.5,1,0
train_003237,0.5,1,0
train_003238,0.5,1,0
train_003239,0.0013678123,1,1
train_003240,0.0111815715,1,1
train_003241,2.22146e-05,2,1
train_003242,0.00071608275,2,1
train_003243,0.5,2,0
train_003244,0.5,2,0
train_003245,0.5,2,0
train_003246,0.5,2,0
train_003247,0.03824167,2,1
train_003248,0.009073007,2,1
train_003249,0.5,1,0
train_003250,0.5,1,0
train_003251,0.5,1,0
train_003252,0.5,1,0
train_003253,0.0016574329,1,1
train_003254,0.00022166924,2,1
train_003255,0.032296237,2,1
train_003256,0.5,3,0
train_003257,7.757615e-05,1,1
train_003258,0.00092416717,2,1
train_003259,0.000114890296,2,1
train_003260,0.5,1,0
train_003261,4.5162382e-05,1,1
train_003262,0.5,1,0
train_003263,0.002793339,3,1
train_003264,0.0054378,4,1
train_003265,0.0037141864,1,1
train_003266,0.3112245,2,1
train_003267,0.014353092,2,1
train_003268,0.00010984725,1,1
train_003269,0.00222599,1,1
train_003270,0.000120287215,1,1
train_003271,0.00042574422,3,1
train_003272,0.001008846,1,1
train_003273,0.5,1,0
train_003274,0.5,1,0
train_003275,0.00043700356,2,1
train_003276,0.002300783,1,1
train_003277,0.5,1,0
train_003278,0.06763369,1,1
train_003279,0.0034197916,1,1
train_003280,0.5,1,0
train_003281,0.0061500454,1,1
train_003282,0.0013453105,2,1
train_003283,0.0996667,2,1
train_003284,0.5,1,0
train_003285,0.5,1,0
train_003286,0.5,1,0
train_003287,0.030425845,2,1
train_003288,0.5,2,0
train_003289,0.5,3,0
train_003290,0.5,1,0
train_003291,0.00021588887,2,1
train_003292,0.5,1,0
train_003293,0.0057766857,2,1
train_003294,0.5,2,0
train_003295,0.021854626,3,1
train_003296,0.5,1,0
train_003297,0.5,1,0
train_003298,0.0014109872,2,1
train_003299,0.0046263556,1,1
train_003300,6.73329e-05,3,1
train_003301,0.0029250742,1,1
train_003302,0.5,1,0
train_003303,0.013996586,4,1
train_003304,0.0057017007,1,1
train_003305,0.13234815,1,1
train_003306,0.0008162041,2,1
train_003307,0.00015241484,4,1
train_003308,0.5,3,0
train_003309,0.5,1,0
train_003310,0.0027396325,1,1
train_003311,0.5,2,0
train_003312,0.5,1,0
train_003313,0.008157953,1,1
train_003314,0.0008495116,1,1
train_003315,0.000784688,1,1
train_003316,0.0017374116,2,1
train_003317,0.5,2,0
train_003318,0.5,2,0
train_003319,0.003724394,1,1
train_003320,0.5,1,0
train_003321,0.013673055,1,1
train_003322,0.5,2,0
train_003323,0.0014146293,1,1
train_003324,0.00082899205,2,1
train_003325,0.5,1,0
train_003326,0.07197921,2,1
train_003327,0.000234921,1,1
train_003328,0.5,2,0
train_003329,0.011026818,1,1
train_003330,0.9929397,2,1
train_003331,0.5,1,0
train_003332,0.5,1,0
train_003333,0.5,1,0
train_003334,0.011746724,2,1
train_003335,0.5,1,0
train_003336,0.00025117528,1,1
train_003337,0.00029905105,2,1
train_003338,0.0055482932,2,1
train_003339,0.5,1,0
train_003340,0.00021691858,1,1
train_003341,0.0714565,2,1
train_003342,0.5,1,0
train_003343,2.4613386e-05,1,1
train_003344,0.5,4,0
train_003345,0.5,1,0
train_003346,0.041733906,1,1
train_003347,0.047866765,1,1
train_003348,0.5,1,0
train_003349,0.010641225,2,1
train_003350,0.0011947675,1,1
train_003351,0.009926631,2,1
train_003352,0.05835373,1,1
train_003353,0.000740516,2,1
train_003354,0.5,1,0
train_003355,0.020599414,2,1
train_003356,0.5,2,0
train_003357,0.00046800432,1,1
train_003358,0.0010052405,1,1
train_003359,0.5,1,0
train_003360,0.0014776234,1,1
train_003361,0.5,2,0
train_003362,0.5,1,0
train_003363,0.5,1,0
train_003364,0.019471413,1,1
train_003365,0.00024653497,1,1
train_003366,0.0001887013,2,1
train_003367,0.00071757653,1,1
train_003368,0.5,2,0
train_003369,0.0005352919,2,1
train_003370,0.5,1,0
train_003371,0.5,1,0
train_003372,0.009286039,2,1
train_003373,0.5,1,0
train_003374,0.5,1,0
train_003375,0.5,2,0
train_003376,0.0017842266,2,1
train_003377,0.009720644,2,1
train_003378,0.5,3,0
train_003379,0.21189319,2,1
train_003380,0.5,2,0
train_003381,0.5,1,0
train_003382,0.00012776657,1,1
train_003383,0.5,3,0
train_003384,0.5,1,0
train_003385,0.090157434,2,1
train_003386,0.99421614,3,1
train_003387,0.5,1,0
train_003388,0.0036536844,1,1
train_003389,0.0069236583,2,1
train_003390,0.5,2,0
train_003391,0.5,1,0
train_003392,0.5,1,0
train_003393,0.5,1,0
train_003394,0.002029486,1,1
train_003395,0.00011732491,1,1
train_003396,0.5,1,0
train_003397,0.02079287,4,1
train_003398,0.010855373,2,1
train_003399,0.0096459985,1,1
train_003400,0.087811165,2,1
train_003401,0.5,1,0
train_003402,0.5,1,0
train_003403,7.481664e-05,2,1
train_003404,0.5,2,0
train_003405,0.086543165,2,1
train_003406,0.5,1,0
train_003407,0.5,1,0
train_003408,0.07882872,2,1
train_003409,0.0001792924,2,1
train_003410,0.026462492,1,1
train_003411,0.5,1,0
train_003412,0.00069752836,1,1
train_003413,0.5,1,0
train_003414,0.5,1,0
train_003415,0.0009377047,2,1
train_003416,0.5,1,0
train_003417,0.00027496187,1,1
train_003418,0.0001114729,2,1
train_003419,0.5,2,0
train_003420,0.0054259812,2,1
train_003421,0.5,1,0
train_003422,0.5,2,0
train_003423,0.032391433,1,1
train_003424,0.0028922835,1,1
train_003425,0.0010655109,2,1
train_003426,0.06743815,3,1
train_003427,0.5,1,0
train_003428,0.004531073,3,1
train_003429,0.5,3,0
train_003430,0.01330446,4,1
train_003431,0.5,1,0
train_003432,0.5,1,0
train_003433,0.080268756,1,1
train_003434,0.5,1,0
train_003435,0.045612503,1,1
train_003436,0.017409923,1,1
train_003437,4.063014e-05,2,1
train_003438,0.5,2,0
train_003439,0.0019916294,3,1
train_003440,0.5,1,0
train_003441,0.026896704,4,1
train_003442,0.00026683338,3,1
train_003443,0.5,2,0
train_003444,0.5,2,0
train_003445,0.0020738838,3,1
train_003446,0.00084271573,2,1
train_003447,0.5,2,0
train_003448,0.5,1,0
train_003449,0.0016454103,2,1
train_003450,0.5,1,0
train_003451,0.5,4,0
train_003452,0.5,1,0
train_003453,0.5,1,0
train_003454,0.5,2,0
train_003455,5.7956055e-05,1,1
train_003456,0.00047418353,3,1
train_003457,0.5,1,0
train_003458,0.5,1,0
train_003459,0.5,2,0
train_003460,0.0008715691,1,1
train_003461,0.5,2,0
train_003462,0.00014898769,2,1
train_003463,0.0002669073,1,1
train_003464,0.0033394282,2,1
train_003465,0.0052081323,1,1
train_003466,0.5,2,0
train_003467,0.5,1,0
train_003468,0.5,2,0
train_003469,0.0013462886,2,1
train_003470,0.0077255205,1,1
train_003471,0.5,1,0
train_003472,0.5,1,0
train_003473,0.002611716,1,1
train_003474,0.5,1,0
train_003475,0.5,1,0
train_003476,0.00011807298,2,1
train_003477,0.5,1,0
train_003478,0.0058928845,1,1
train_003479,0.5,1,0
train_003480,0.5,2,0
train_003481,0.0008955891,2,1
train_003482,0.5,1,0
train_003483,0.00019780162,1,1
train_003484,0.5,1,0
train_003485,0.5,1,0
train_003486,0.5,2,0
train_003487,0.5,2,0
train_003488,0.5,2,0
train_003489,0.00021948373,2,1
train_003490,0.00061632355,2,1
train_003491,0.004148397,2,1
train_003492,0.006295624,1,1
train_003493,0.5,1,0
train_003494,0.5,2,0
train_003495,0.0017780132,3,1
train_003496,0.04507485,3,1
train_003497,0.031650495,2,1
train_003498,0.0017634515,3,1
train_003499,0.00033084906,2,1
train_003500,0.47073212,3,1
train_003501,0.005572033,2,1
train_003502,0.5,1,0
train_003503,0.5,2,0
train_003504,0.5,1,0
train_003505,0.5,1,0
train_003506,0.96249235,3,1
train_003507,0.5,1,0
train_003508,0.00016708899,1,1
train_003509,0.000604027,2,1
train_003510,0.011223388,3,1
train_003511,0.5,3,0
train_003512,0.5,1,0
train_003513,0.5,1,0
train_003514,0.5,2,0
train_003515,0.0042450763,1,1
train_003516,0.5,2,0
train_003517,0.00029585918,4,1
train_003518,0.00023801594,1,1
train_003519,0.5,3,0
train_003520,0.010693391,1,1
train_003521,0.0025138417,2,1
train_003522,0.009800719,4,1
train_003523,0.015966503,2,1
train_003524,0.5,1,0
train_003525,0.00578118,2,1
train_003526,0.5,1,0
train_003527,0.5,3,0
train_003528,0.5,2,0
train_003529,0.00143075,1,1
train_003530,0.0005397846,1,1
train_003531,8.084533e-05,2,1
train_003532,0.5,1,0
train_003533,0.00063178636,1,1
train_003534,0.002286747,3,1
train_003535,0.5,2,0
train_003536,0.0009518233,2,1
train_003537,0.5,3,0
train_003538,0.034431905,3,1
train_003539,0.5,1,0
train_003540,0.00039127393,2,1
train_003541,0.04436559,2,1
train_003542,0.5,1,0
train_003543,0.5,1,0
train_003544,0.5,1,0
train_003545,0.04864205,1,1
train_003546,0.5,1,0
train_003547,0.017151095,1,1
train_003548,0.5,0,0
train_003549,0.0018500878,1,1
train_003550,0.5,1,0
train_003551,0.5,2,0
train_003552,0.008063641,2,1
train_003553,0.019644871,1,1
train_003554,0.5,1,0
train_003555,0.0005935556,1,1
train_003556,0.5,1,0
train_003557,0.0045886952,2,1
train_003558,0.5,1,0
train_003559,9.318482e-05,2,1
train_003560,0.0018066126,1,1
train_003561,0.012587506,1,1
train_003562,0.004298653,2,1
train_003563,0.0037789713,3,1
train_003564,0.0026331518,3,1
train_003565,0.5,1,0
train_003566,0.5,1,0
train_003567,0.5,1,0
train_003568,0.0013108926,2,1
train_003569,0.0063937097,1,1
train_003570,0.0039941124,2,1
train_003571,0.5,1,0
train_003572,0.0019191719,2,1
train_003573,0.0007156474,1,1
train_003574,0.0026284961,1,1
train_003575,0.5,2,0
train_003576,0.00042139713,1,1
train_003577,0.5,2,0
train_003578,0.5,1,0
train_003579,0.0005231908,1,1
train_003580,0.5,1,0
train_003581,0.5,1,0
train_003582,0.0024914998,1,1
train_003583,0.015922474,2,1
train_003584,0.04322563,2,1
train_003585,0.00059558736,2,1
train_003586,0.5,1,0
train_003587,0.5,1,0
train_003588,0.0005546963,2,1
train_003589,0.015541027,1,1
train_003590,0.000587356,2,1
train_003591,0.5,1,0
train_003592,0.025533192,2,1
train_003593,0.5,1,0
train_003594,0.5,2,0
train_003595,0.0017919308,2,1
train_003596,0.5,2,0
train_003597,0.010766133,1,1
train_003598,0.009973701,3,1
train_003599,0.019043822,3,1
train_003600,0.030698895,1,1
train_003601,0.5,2,0
train_003602,0.5,2,0
train_003603,0.5,1,0
train_003604,0.0034164202,3,1
train_003605,0.0036921648,1,1
train_003606,0.00043909848,1,1
train_003607,0.006446448,1,1
train_003608,0.5,1,0
train_003609,0.00033808677,1,1
train_003610,0.0037126837,3,1
train_003611,0.0003114391,2,1
train_003612,0.0010918776,2,1
train_003613,0.0012175149,2,1
train_003614,0.5,1,0
train_003615,0.14507413,3,1
train_003616,0.5,1,0
train_003617,0.15566254,2,1
train_003618,0.0043757833,1,1
train_003619,6.0962047e-05,1,1
train_003620,0.5,2,0
train_003621,0.00088726036,2,1
train_003622,0.5,1,0
train_003623,0.09217904,2,1
train_003624,9.2709335e-05,2,1
train_003625,0.004956672,1,1
train_003626,7.0007504e-06,3,1
train_003627,0.5,2,0
train_003628,0.5,1,0
train_003629,0.25108096,2,1
train_003630,0.048165724,2,1
train_003631,0.5,1,0
train_003632,0.5,1,0
train_003633,0.00491101,1,1
train_003634,0.00022954233,1,1
train_003635,0.5,1,0
train_003636,0.5,2,0
train_003637,0.00026914687,2,1
train_003638,0.5,1,0
train_003639,0.5,1,0
train_003640,0.5,2,0
train_003641,0.5,1,0
train_003642,0.5,1,0
train_003643,0.5,1,0
train_003644,0.5,1,0
train_003645,0.5,1,0
train_003646,0.00011966586,1,1
train_003647,0.5,1,0
train_003648,0.36864614,2,1
train_003649,0.0013943935,1,1
train_003650,0.03445699,3,1
train_003651,0.00392326,2,1
train_003652,0.0026590612,3,1
train_003653,0.5,2,0
train_003654,0.5,2,0
train_003655,0.00023359153,2,1
train_003656,0.5,1,0
train_003657,0.004045517,1,1
train_003658,0.00022980353,1,1
train_003659,0.5,1,0
train_003660,0.5,2,0
train_003661,0.005006133,2,1
train_003662,0.0009377047,2,1
train_003663,0.5,2,0
train_003664,0.5,1,0
train_003665,0.5,1,0
train_003666,0.050789636,2,1
train_003667,0.0019223789,1,1
train_003668,0.18334685,4,1
train_003669,0.5,3,0
train_003670,0.0065374672,3,1
train_003671,0.025431167,1,1
train_003672,0.5,1,0
train_003673,0.5,1,0
train_003674,0.00017875191,2,1
train_003675,0.025168467,1,1
train_003676,0.5,1,0
train_003677,0.5,2,0
train_003678,0.5,1,0
train_003679,0.5,1,0
train_003680,0.5,1,0
train_003681,0.00022207355,2,1
train_003682,0.5,1,0
train_003683,0.5,1,0
train_003684,0.5,1,0
train_003685,0.058882058,1,1
train_003686,0.00069755805,3,1
train_003687,0.13403355,2,1
train_003688,0.00053429446,1,1
train_003689,0.5,1,0
train_003690,0.00018748124,2,1
train_003691,0.00013934642,1,1
train_003692,0.76612604,4,1
train_003693,0.81103325,3,1
train_003694,0.5,1,0
train_003695,0.5,1,0
train_003696,0.5,2,0
train_003697,0.0017305868,2,1
train_003698,0.5,1,0
train_003699,0.00035066545,1,1
train_003700,0.00046273274,1,1
train_003701,0.0005088165,1,1
train_003702,7.363436e-05,2,1
train_003703,0.9881151,4,1
train_003704,6.418207e-05,1,1
train_003705,0.5,2,0
train_003706,0.026436854,1,1
train_003707,0.5,1,0
train_003708,0.0017921235,1,1
train_003709,0.0015073757,1,1
train_003710,0.005240255,1,1
train_003711,0.000934748,2,1
train_003712,0.5,2,0
train_003713,0.0047751884,2,1
train_003714,0.5,1,0
train_003715,0.0014917671,1,1
train_003716,0.16568053,2,1
train_003717,0.016952395,2,1
train_003718,0.031538557,2,1
train_003719,0.008636473,2,1
train_003720,0.5,2,0
train_003721,0.0008174558,1,1
train_003722,0.5,1,0
train_003723,0.00019045337,1,1
train_003724,0.35961592,2,1
train_003725,0.022418818,2,1
train_003726,0.5,1,0
train_003727,0.0052949917,1,1
train_003728,0.00039429968,2,1
train_003729,0.5,2,0
train_003730,0.0041141706,1,1
train_003731,0.5,1,0
train_003732,0.5,3,0
train_003733,0.011132602,2,1
train_003734,0.5,1,0
train_003735,0.5,2,0
train_003736,0.0012300715,1,1
train_003737,0.008367115,2,1
train_003738,0.5,2,0
train_003739,0.5,2,0
train_003740,0.5,2,0
train_003741,0.0002729368,3,1
train_003742,0.002848138,2,1
train_003743,0.0018959218,1,1
train_003744,0.0073836828,2,1
train_003745,0.03516192,1,1
train_003746,0.0020874736,3,1
train_003747,0.5,2,0
train_003748,0.5,1,0
train_003749,5.4951888e-05,1,1
train_003750,0.0014209863,3,1
train_003751,0.0006345373,1,1
train_003752,0.00028645573,2,1
train_003753,0.5,1,0
train_003754,0.0021636556,1,1
train_003755,0.5,1,0
train_003756,0.08225871,2,1
train_003757,0.5,1,0
train_003758,0.5,2,0
train_003759,0.005907122,2,1
train_003760,0.12839596,2,1
train_003761,0.5,3,0
train_003762,0.5,1,0
train_003763,0.0006962373,1,1
train_003764,0.03283179,2,1
train_003765,0.5,1,0
train_003766,0.5,1,0
train_003767,0.5,1,0
train_003768,0.01911223,2,1
train_003769,0.5,1,0
train_003770,0.0011835608,2,1
train_003771,0.0095420135,2,1
train_003772,0.011491645,2,1
train_003773,0.5,3,0
train_003774,0.5,1,0
train_003775,1.32706655e-05,2,1
train_003776,0.12782168,3,1
train_003777,0.5,2,0
train_003778,0.9561462,3,1
train_003779,0.00075977575,2,1
train_003780,0.09647091,4,1
train_003781,0.60578555,3,1
train_003782,0.5,1,0
train_003783,0.5,2,0
train_003784,0.025206463,2,1
train_003785,0.5,1,0
train_003786,0.5,2,0
train_003787,0.011570798,2,1
train_003788,0.00321624,1,1
train_003789,0.5,2,0
train_003790,0.5,1,0
train_003791,0.016174266,3,1
train_003792,0.5,1,0
train_003793,0.5,3,0
train_003794,0.5,2,0
train_003795,8.429344e-05,1,1
train_003796,0.5,3,0
train_003797,0.5,2,0
train_003798,0.0022808912,1,1
train_003799,0.0027101864,1,1
train_003800,0.5,1,0
train_003801,0.4508891,3,1
train_003802,0.5,1,0
train_003803,6.263046e-05,1,1
train_003804,0.5,1,0
train_003805,0.5,1,0
train_003806,0.001974127,2,1
train_003807,0.795166,3,1
train_003808,0.00033067464,2,1
train_003809,0.10099989,2,1
train_003810,0.00729641,1,1
train_003811,1.787287e-05,1,1
train_003812,0.005136612,1,1
train_003813,0.5,1,0
train_003814,0.5,1,0
train_003815,0.5,1,0
train_003816,0.5,2,0
train_003817,0.5,1,0
train_003818,0.004531073,3,1
train_003819,0.5,1,0
train_003820,0.00023972808,2,1
train_003821,0.0018410868,2,1
train_003822,0.0016006387,2,1
train_003823,0.0013239764,1,1
train_003824,0.0652172,3,1
train_003825,0.43963948,1,1
train_003826,0.0060543837,1,1
train_003827,0.0048451675,2,1
train_003828,0.98682773,2,1
train_003829,0.0010379665,1,1
train_003830,0.0039410787,2,1
train_003831,0.5,2,0
train_003832,0.00039028647,1,1
train_003833,0.07045461,2,1
train_003834,0.10498318,2,1
train_003835,0.0012299195,3,1
train_003836,0.03845037,2,1
train_003837,0.0025540895,2,1
train_003838,0.001987788,2,1
train_003839,0.5,2,0
train_003840,0.0013140859,2,1
train_003841,0.240642,2,1
train_003842,0.24133503,3,1
train_003843,0.5,2,0
train_003844,0.5,1,0
train_003845,0.0046193604,2,1
train_003846,0.5,1,0
train_003847,0.0007084097,1,1
train_003848,0.9868874,4,1
train_003849,0.004571467,2,1
train_003850,0.5,1,0
train_003851,0.5,1,0
train_003852,0.5,1,0
train_003853,0.5,2,0
train_003854,0.5,1,0
train_003855,0.00129328,1,1
train_003856,0.0020859877,1,1
train_003857,0.015141337,2,1
train_003858,0.002921957,2,1
train_003859,0.01130218,1,1
train_003860,0.0019218669,1,1
train_003861,0.5,2,0
train_003862,0.5,1,0
train_003863,0.020858668,2,1
train_003864,0.5,1,0
train_003865,0.5,2,0
train_003866,0.0066147237,1,1
train_003867,0.5,1,0
train_003868,0.5,1,0
train_003869,0.5,2,0
train_003870,0.5,2,0
train_003871,0.5,1,0
train_003872,0.00023367896,2,1
train_003873,0.5,1,0
train_003874,0.00057861704,3,1
train_003875,0.0007183451,2,1
train_003876,0.5,1,0
train_003877,0.00010968168,2,1
train_003878,0.00049323426,3,1
train_003879,0.5,1,0
train_003880,0.5,1,0
train_003881,0.016334087,3,1
train_003882,0.5,1,0
train_003883,0.5,1,0
train_003884,0.0069856127,1,1
train_003885,0.95544255,3,1
train_003886,0.001630161,3,1
train_003887,0.0023462456,3,1
train_003888,0.0003096745,2,1
train_003889,0.014120677,2,1
train_003890,0.5,1,0
train_003891,0.5,1,0
train_003892,0.056368645,2,1
train_003893,0.5,3,0
train_003894,0.5,1,0
train_003895,0.5,1,0
train_003896,0.0005154277,2,1
train_003897,0.017518008,2,1
train_003898,0.00026415702,2,1
train_003899,0.22772476,1,1
train_003900,0.5,2,0
train_003901,0.030042477,2,1
train_003902,0.0017332687,2,1
train_003903,0.5,1,0
train_003904,0.00033821422,2,1
train_003905,0.0009148509,2,1
train_003906,0.5,2,0
train_003907,0.5,1,0
train_003908,0.5,2,0
train_003909,0.038669307,1,1
train_003910,0.5,1,0
train_003911,0.5,1,0
train_003912,0.0015037804,2,1
train_003913,0.5,1,0
train_003914,9.804775e-05,2,1
train_003915,0.0031681007,2,1
train_003916,0.00019779774,1,1
train_003917,0.5,1,0
train_003918,0.0014198598,1,1
train_003919,0.00039903997,1,1
train_003920,0.5,1,0
train_003921,0.0071570594,2,1
train_003922,0.0005164947,2,1
train_003923,0.5,1,0
train_003924,0.061916444,1,1
train_003925,0.5,2,0
train_003926,0.010829418,1,1
train_003927,0.03345907,2,1
train_003928,0.008496055,2,1
train_003929,0.0060581286,2,1
train_003930,0.5,1,0
train_003931,0.015792623,2,1
train_003932,0.00020059402,2,1
train_003933,0.01062292,2,1
train_003934,0.00038589514,2,1
train_003935,0.07172219,2,1
train_003936,0.0057967626,2,1
train_003937,0.019775014,2,1
train_003938,0.019909728,2,1
train_003939,0.5,3,0
train_003940,0.01229155,2,1
train_003941,0.00023870263,1,1
train_003942,0.5,2,0
train_003943,0.5,1,0
train_003944,0.014551411,3,1
train_003945,0.5,1,0
train_003946,0.00015227556,1,1
train_003947,0.011579743,2,1
train_003948,0.0021199188,1,1
train_003949,0.04155043,1,1
train_003950,0.00019266884,2,1
train_003951,0.8702744,3,1
train_003952,0.0024466296,1,1
train_003953,0.0044713444,1,1
train_003954,0.5,2,0
train_003955,0.01222831,2,1
train_003956,7.055845e-05,2,1
train_003957,0.5,1,0
train_003958,0.5,1,0
train_003959,0.0037146166,2,1
train_003960,0.5,1,0
train_003961,0.00016985626,1,1
train_003962,0.5,1,0
train_003963,0.06691881,1,1
train_003964,0.08768764,1,1
train_003965,0.5,1,0
train_003966,0.5,1,0
train_003967,0.0012282786,2,1
train_003968,0.00022186879,1,1
train_003969,0.04997566,1,1
train_003970,0.5,1,0
train_003971,0.23149212,3,1
train_003972,0.014651318,1,1
train_003973,0.00013093963,1,1
train_003974,0.5,1,0
train_003975,0.89090014,2,1
train_003976,0.5,2,0
train_003977,0.5,1,0
train_003978,0.003330808,1,1
train_003979,0.1903931,2,1
train_003980,0.5,1,0
train_003981,0.5,1,0
train_003982,0.0003083574,3,1
train_003983,0.5,1,0
train_003984,0.5,1,0
train_003985,0.0008275987,2,1
train_003986,0.5,3,0
train_003987,0.13681704,4,1
train_003988,0.0029032398,2,1
train_003989,0.04561257,1,1
train_003990,0.0026724767,3,1
train_003991,0.5,1,0
train_003992,3.099697e-05,1,1
train_003993,0.5,2,0
train_003994,0.00058922416,1,1
train_003995,0.013555334,2,1
train_003996,0.0016274006,3,1
train_003997,0.5,1,0
train_003998,0.009320688,2,1
train_003999,0.007916984,2,1
train_004000,0.0014578365,2,1
train_004001,0.5,1,0
train_004002,0.5,1,0
train_004003,0.5,1,0
train_004004,0.0018036973,2,1
train_004005,0.5,1,0
train_004006,0.5,2,0
train_004007,0.0017039276,2,1
train_004008,0.002196785,4,1
train_004009,0.5,2,0
train_004010,0.9808641,2,1
train_004011,0.0006293303,2,1
train_004012,0.0029517482,1,1
train_004013,0.00015336552,1,1
train_004014,0.5,2,0
train_004015,0.0021811344,3,1
train_004016,0.6161645,2,1
train_004017,0.2648971,2,1
train_004018,0.5,2,0
train_004019,0.5,1,0
train_004020,0.5,1,0
train_004021,0.5,1,0
train_004022,0.001091966,4,1
train_004023,0.00072083663,3,1
train_004024,0.022795463,2,1
train_004025,0.000776286,2,1
train_004026,0.5,2,0
train_004027,0.00794425,2,1
train_004028,0.5,3,0
train_004029,0.00033831166,2,1
train_004030,0.062162064,2,1
train_004031,0.006855534,2,1
train_004032,0.5,1,0
train_004033,0.016077278,4,1
train_004034,0.00047097856,2,1
train_004035,0.009373428,2,1
train_004036,0.009997493,2,1
train_004037,0.5,1,0
train_004038,0.5,2,0
train_004039,0.005435296,2,1
train_004040,0.0017848767,3,1
train_004041,0.5,2,0
train_004042,0.96235543,4,1
train_004043,0.5,1,0
train_004044,0.00017709537,1,1
train_004045,0.5,1,0
train_004046,0.00341854,2,1
train_004047,0.0015396797,3,1
train_004048,0.5,2,0
train_004049,0.032991678,2,1
train_004050,0.5,1,0
train_004051,0.09291756,3,1
train_004052,0.5,1,0
train_004053,0.5,2,0
train_004054,0.5,2,0
train_004055,0.004232397,4,1
train_004056,0.00011075576,2,1
train_004057,0.01956985,1,1
train_004058,0.00029137303,3,1
train_004059,0.5,3,0
train_004060,0.00010401737,2,1
train_004061,0.00441186,1,1
train_004062,0.0045213895,4,1
train_004063,0.5,3,0
train_004064,0.5,1,0
train_004065,0.11921583,2,1
train_004066,0.5,2,0
train_004067,0.00021208517,1,1
train_004068,0.5,2,0
train_004069,0.9886086,3,1
train_004070,0.0011351699,2,1
train_004071,0.00041915238,3,1
train_004072,0.5,1,0
train_004073,0.00042830946,1,1
train_004074,0.003268295,3,1
train_004075,0.002463002,2,1
train_004076,0.5,1,0
train_004077,5.847964e-05,2,1
train_004078,0.005425129,4,1
train_004079,0.063641384,3,1
train_004080,0.5,2,0
train_004081,0.006325845,2,1
train_004082,0.0017084217,2,1
train_004083,0.5,3,0
train_004084,0.5,2,0
train_004085,0.009286147,1,1
train_004086,0.0034764989,2,1
train_004087,0.5,2,0
train_004088,0.5,2,0
train_004089,0.0001318056,1,1
train_004090,0.5,1,0
train_004091,0.5,3,0
train_004092,2.0744994e-05,1,1
train_004093,0.00010947839,3,1
train_004094,0.09228179,2,1
train_004095,6.622152e-05,2,1
train_004096,0.013108466,3,1
train_004097,0.5,3,0
train_004098,0.0006753587,2,1
train_004099,0.00013057525,2,1
train_004100,0.0012152782,1,1
train_004101,0.5,2,0
train_004102,0.5,2,0
train_004103,0.5,1,0
train_004104,0.5,2,0
train_004105,0.5,3,0
train_004106,0.00018336062,1,1
train_004107,0.004448693,2,1
train_004108,0.000119491866,3,1
train_004109,0.019447569,2,1
train_004110,0.5,2,0
train_004111,0.00086151104,2,1
train_004112,0.0021444461,2,1
train_004113,0.008570411,1,1
train_004114,0.5,1,0
train_004115,0.5,2,0
train_004116,0.0048784087,1,1
train_004117,0.00025744256,3,1
train_004118,0.5,1,0
train_004119,0.0022097204,2,1
train_004120,0.0047963196,3,1
train_004121,0.5,1,0
train_004122,0.00048572168,1,1
train_004123,0.004184633,2,1
train_004124,0.5,2,0
train_004125,0.00022057173,1,1
train_004126,0.0007944435,2,1
train_004127,0.5,1,0
train_004128,0.5,3,0
train_004129,0.5,1,0
train_004130,0.0019904482,3,1
train_004131,0.0004032481,1,1
train_004132,0.5,1,0
train_004133,0.5,1,0
train_004134,0.0011130482,1,1
train_004135,0.5,1,0
train_004136,0.00097565475,1,1
train_004137,0.00013017737,2,1
train_004138,0.00321498,3,1
train_004139,0.00878517,3,1
train_004140,0.5,2,0
train_004141,0.5,1,0
train_004142,0.0043273633,2,1
train_004143,0.0002718141,2,1
train_004144,0.5,1,0
train_004145,0.00352636,2,1
train_004146,0.0012530602,4,1
train_004147,0.5,2,0
train_004148,0.050355285,2,1
train_004149,0.00015123539,3,1
train_004150,0.001742762,1,1
train_004151,0.0011943455,3,1
train_004152,0.00014528447,1,1
train_004153,0.5,2,0
train_004154,0.5,1,0
train_004155,0.00031973334,2,1
train_004156,0.5,1,0
train_004157,0.5,1,0
train_004158,0.013685836,3,1
train_004159,0.5,2,0
train_004160,0.5,1,0
train_004161,0.00031044544,1,1
train_004162,0.026744418,2,1
train_004163,0.00027082025,3,1
train_004164,5.963122e-05,2,1
train_004165,0.5,3,0
train_004166,0.00013302645,1,1
train_004167,0.5,1,0
train_004168,0.5,1,0
train_004169,0.5,1,0
train_004170,0.5,1,0
train_004171,0.0017657283,2,1
train_004172,0.0011358219,2,1
train_004173,0.5,3,0
train_004174,0.0005642084,1,1
train_004175,0.008304845,2,1
train_004176,0.5,2,0
train_004177,0.5,1,0
train_004178,0.005428412,3,1
train_004179,0.0026654548,3,1
train_004180,0.00016935288,2,1
train_004181,0.5,1,0
train_004182,0.010445264,2,1
train_004183,0.009546966,2,1
train_004184,0.0009279171,3,1
train_004185,0.005543989,2,1
train_004186,0.5,2,0
train_004187,0.0010531925,4,1
train_004188,0.011103175,2,1
train_004189,0.0010682718,2,1
train_004190,0.0026373612,1,1
train_004191,0.015532445,2,1
train_004192,0.00032723576,2,1
train_004193,0.01992397,4,1
train_004194,0.5,1,0
train_004195,0.0019130027,3,1
train_004196,0.0064571826,1,1
train_004197,0.5,2,0
train_004198,0.5,2,0
train_004199,0.0012231158,3,1
train_004200,0.0005905945,2,1
train_004201,0.002078053,3,1
train_004202,0.0010008161,2,1
train_004203,0.5,2,0
train_004204,0.0002407553,1,1
train_004205,0.00037107157,2,1
train_004206,0.0041749957,3,1
train_004207,0.00020143355,2,1
train_004208,0.5,2,0
train_004209,0.5,1,0
train_004210,0.71981156,2,1
train_004211,0.00012130917,2,1
train_004212,0.029537627,3,1
train_004213,0.00038676686,2,1
train_004214,0.5,1,0
train_004215,0.5,3,0
train_004216,0.5,1,0
train_004217,0.5,1,0
train_004218,0.5,3,0
train_004219,0.000366685,2,1
train_004220,0.001549611,1,1
train_004221,0.0005721041,3,1
train_004222,0.004702799,2,1
train_004223,8.685265e-05,3,1
train_004224,0.014539597,2,1
train_004225,0.5,1,0
train_004226,0.0002626626,2,1
train_004227,0.013090763,4,1
train_004228,0.5,1,0
train_004229,0.00041548148,2,1
train_004230,0.00018741928,2,1
train_004231,0.00785613,3,1
train_004232,0.00020419307,2,1
train_004233,0.5,2,0
train_004234,0.5,2,0
train_004235,0.5,1,0
train_004236,0.9180207,2,1
train_004237,0.0028255791,2,1
train_004238,0.5,1,0
train_004239,0.050050046,4,1
train_004240,0.10983986,1,1
train_004241,0.5,1,0
train_004242,0.5,1,0
train_004243,0.009431917,2,1
train_004244,0.001331036,3,1
train_004245,0.0076974994,2,1
train_004246,0.0005344695,2,1
train_004247,0.012883918,4,1
train_004248,0.5,2,0
train_004249,0.00544259,3,1
train_004250,0.00032459403,2,1
train_004251,2.4223576e-05,1,1
train_004252,0.0004674056,3,1
train_004253,0.034469493,4,1
train_004254,0.00047501884,2,1
train_004255,0.5,2,0
train_004256,0.0018787048,1,1
train_004257,0.5,1,0
train_004258,5.6582074e-05,2,1
train_004259,0.054517917,2,1
train_004260,0.0011702044,2,1
train_004261,0.00038587418,2,1
train_004262,0.066000395,3,1
train_004263,0.5,2,0
train_004264,0.5,4,0
train_004265,0.0058302814,2,1
train_004266,0.5,4,0
train_004267,0.020031784,2,1
train_004268,0.0009658099,2,1
train_004269,0.15836008,1,1
train_004270,0.5,1,0
train_004271,0.013807066,4,1
train_004272,0.90559,3,1
train_004273,0.5,2,0
train_004274,0.0003612774,1,1
train_004275,0.018195989,3,1
train_004276,0.0003634725,1,1
train_004277,0.5,4,0
train_004278,0.49975634,4,1
train_004279,0.5,3,0
train_004280,0.5,2,0
train_004281,0.5,2,0
train_004282,0.0002697928,2,1
train_004283,0.30234575,2,1
train_004284,0.0004732994,4,1
train_004285,0.00012602148,2,1
train_004286,0.0010640463,3,1
train_004287,0.009958877,3,1
train_004288,0.0023547143,1,1
train_004289,0.0005888683,3,1
train_004290,0.0011638469,2,1
train_004291,0.0044772583,2,1
train_004292,0.5,2,0
train_004293,0.005105699,4,1
train_004294,0.00078329997,2,1
train_004295,0.002066448,2,1
train_004296,0.5,1,0
train_004297,0.024636174,2,1
train_004298,0.5,1,0
train_004299,0.0023542398,3,1
train_004300,0.034075424,2,1
train_004301,0.00807987,2,1
train_004302,0.0045926017,2,1
train_004303,0.5,1,0
train_004304,0.0002007588,1,1
train_004305,0.5,1,0
train_004306,0.5,1,0
train_004307,0.5,1,0
train_004308,0.00033851273,1,1
train_004309,0.5,2,0
train_004310,0.5,1,0
train_004311,0.4865349,1,1
train_004312,7.291173e-05,4,1
train_004313,0.012804889,1,1
train_004314,0.5,3,0
train_004315,0.05752469,3,1
train_004316,0.042197894,2,1
train_004317,0.9872787,3,1
train_004318,0.5,1,0
train_004319,0.5,2,0
train_004320,0.0004992295,3,1
train_004321,0.00050032075,2,1
train_004322,0.5,2,0
train_004323,0.5,1,0
train_004324,0.5,2,0
train_004325,0.5,1,0
train_004326,0.5,3,0
train_004327,0.000108807144,1,1
train_004328,0.11719605,1,1
train_004329,0.5,1,0
train_004330,0.0048384913,2,1
train_004331,0.0039605116,2,1
train_004332,0.036306184,1,1
train_004333,0.5,2,0
train_004334,0.00021235,3,1
train_004335,0.5,2,0
train_004336,0.5,2,0
train_004337,0.015789365,3,1
train_004338,0.000379569,2,1
train_004339,0.95901424,4,1
train_004340,0.00037635877,2,1
train_004341,0.0006020062,1,1
train_004342,0.0011702055,2,1
train_004343,0.004806657,3,1
train_004344,0.5,1,0
train_004345,0.5,1,0
train_004346,0.00011126224,2,1
train_004347,0.5,1,0
train_004348,0.0054570436,1,1
train_004349,0.5,1,0
train_004350,0.00020770675,3,1
train_004351,0.000783859,2,1
train_004352,0.5,2,0
train_004353,0.5,1,0
train_004354,0.5,1,0
train_004355,0.009012589,2,1
train_004356,7.428701e-05,1,1
train_004357,0.00021704036,2,1
train_004358,0.5,3,0
train_004359,0.5,1,0
train_004360,0.5,1,0
train_004361,0.5,1,0
train_004362,0.00025680702,2,1
train_004363,0.5,2,0
train_004364,0.0013531871,2,1
train_004365,0.0010863154,4,1
train_004366,0.5,1,0
train_004367,0.5,1,0
train_004368,0.00017263032,2,1
train_004369,0.0004274616,1,1
train_004370,0.00046944336,4,1
train_004371,0.5,1,0
train_004372,0.000791668,1,1
train_004373,0.0029409623,3,1
train_004374,0.000642144,3,1
train_004375,0.025891565,2,1
train_004376,0.0013310092,2,1
train_004377,0.0017283,2,1
train_004378,0.0035966511,2,1
train_004379,0.5,4,0
train_004380,0.027067509,2,1
train_004381,0.5,1,0
train_004382,0.00015316549,1,1
train_004383,0.5,2,0
train_004384,0.5,1,0
train_004385,0.0012589146,2,1
train_004386,0.003749655,2,1
train_004387,0.0049454435,4,1
train_004388,0.5,1,0
train_004389,0.5,1,0
train_004390,0.5,1,0
train_004391,0.0005416867,2,1
train_004392,0.5,2,0
train_004393,0.0075644455,1,1
train_004394,0.033588592,2,1
train_004395,0.00029132803,1,1
train_004396,0.5,1,0
train_004397,0.5,1,0
train_004398,0.007537262,4,1
train_004399,0.004055588,3,1
train_004400,0.031440582,3,1
train_004401,0.5,1,0
train_004402,0.03722238,4,1
train_004403,0.0016841291,2,1
train_004404,0.5,1,0
train_004405,0.003143654,1,1
train_004406,0.5,4,0
train_004407,0.5,1,0
train_004408,0.5,2,0
train_004409,0.5,2,0
train_004410,0.00012036924,2,1
train_004411,0.008551449,2,1
train_004412,0.5,2,0
train_004413,0.24012469,4,1
train_004414,0.5,2,0
train_004415,2.3357952e-05,1,1
train_004416,0.5,1,0
train_004417,0.5,1,0
train_004418,0.99450475,4,1
train_004419,0.5,1,0
train_004420,0.034115635,4,1
train_004421,0.5,3,0
train_004422,0.5,4,0
train_004423,0.004196699,3,1
train_004424,0.00085091486,1,1
train_004425,0.0006229315,1,1
train_004426,0.5,2,0
train_004427,0.007991704,2,1
train_004428,3.786526e-05,1,1
train_004429,0.026965322,4,1
train_004430,0.025924187,4,1
train_004431,0.0012473433,2,1
train_004432,0.0012307583,3,1
train_004433,0.00012586577,1,1
train_004434,0.5,4,0
train_004435,0.5,2,0
train_004436,0.5,2,0
train_004437,0.5,4,0
train_004438,0.5,1,0
train_004439,0.0021025757,3,1
train_004440,0.4324661,4,1
train_004441,0.00027929668,1,1
train_004442,0.5,2,0
train_004443,0.5,1,0
train_004444,0.00015521469,1,1
train_004445,0.5,3,0
train_004446,0.0006942476,4,1
train_004447,0.0014772298,4,1
train_004448,0.5,3,0
train_004449,0.5,3,0
train_004450,0.0002595635,1,1
train_004451,0.5,2,0
train_004452,0.0050888425,1,1
train_004453,0.5,3,0
train_004454,0.0064893523,2,1
train_004455,0.0039261677,2,1
train_004456,0.7412042,2,1
train_004457,0.5,1,0
train_004458,0.01680414,2,1
train_004459,0.00024383198,1,1
train_004460,0.00014693882,4,1
train_004461,0.5,3,0
train_004462,0.5,1,0
train_004463,0.013157266,1,1
train_004464,0.00045377878,1,1
train_004465,0.0039529675,2,1
train_004466,0.5,1,0
train_004467,0.5,1,0
train_004468,0.5,1,0
train_004469,0.0043883957,4,1
train_004470,0.0005371582,2,1
train_004471,0.003946811,3,1
train_004472,0.010064012,4,1
train_004473,0.006415826,4,1
train_004474,0.5,1,0
train_004475,0.00023422808,2,1
train_004476,0.5,1,0
train_004477,0.00197836,1,1
train_004478,0.5,3,0
train_004479,0.5,3,0
train_004480,0.5,1,0
train_004481,0.0029371532,2,1
train_004482,0.002624509,3,1
train_004483,0.0011663653,1,1
train_004484,0.5,1,0
train_004485,0.5,2,0
train_004486,0.027117299,1,1
train_004487,0.058137506,2,1
train_004488,0.00357274,2,1
train_004489,0.00086873205,2,1
train_004490,0.006183729,4,1
train_004491,0.00024655994,1,1
train_004492,0.5,1,0
train_004493,0.5,1,0
train_004494,0.0010556598,2,1
train_004495,0.02413192,4,1
train_004496,0.5,2,0
train_004497,0.5,3,0
train_004498,0.0017932379,1,1
train_004499,0.5,2,0
train_004500,0.5,1,0
train_004501,9.4238516e-05,2,1
train_004502,0.008038582,1,1
train_004503,0.012601325,1,1
train_004504,0.0012405189,2,1
train_004505,0.5,1,0
train_004506,0.5,1,0
train_004507,0.5,1,0
train_004508,0.0019973172,3,1
train_004509,0.010175287,4,1
train_004510,0.5,2,0
train_004511,0.5,1,0
train_004512,0.5,1,0
train_004513,0.5,1,0
train_004514,0.0023323623,2,1
train_004515,0.5,2,0
train_004516,0.005038263,4,1
train_004517,0.060009778,3,1
train_004518,0.00061895314,2,1
train_004519,0.0011246433,1,1
train_004520,0.5,1,0
train_004521,0.5,3,0
train_004522,0.5,3,0
train_004523,0.00030105273,1,1
train_004524,0.5,1,0
train_004525,0.5,1,0
train_004526,0.0032558693,1,1
train_004527,0.5,1,0
train_004528,0.003091027,4,1
train_004529,0.5,2,0
train_004530,0.0001968453,1,1
train_004531,0.00021506297,4,1
train_004532,0.5,1,0
train_004533,0.0031363438,1,1
train_004534,0.00014113133,2,1
train_004535,0.001211372,1,1
train_004536,0.5,2,0
train_004537,0.00021347596,1,1
train_004538,0.00052918756,1,1
train_004539,0.003495126,2,1
train_004540,0.015521156,1,1
train_004541,0.87730557,3,1
train_004542,0.78913903,3,1
train_004543,0.006307783,1,1
train_004544,0.5,2,0
train_004545,0.011716766,3,1
train_004546,0.00064883556,1,1
train_004547,0.00030950017,3,1
train_004548,0.5,1,0
train_004549,0.01859896,2,1
train_004550,0.5,1,0
train_004551,0.5,1,0
train_004552,0.5,1,0
train_004553,0.0017401972,2,1
train_004554,0.5,1,0
train_004555,0.00047273067,2,1
train_004556,0.0002076722,3,1
train_004557,0.865504,3,1
train_004558,0.5,4,0
train_004559,0.0011926017,1,1
train_004560,0.5,1,0
train_004561,0.5,1,0
train_004562,0.0011702077,2,1
train_004563,0.0024653086,3,1
train_004564,0.0001310103,1,1
train_004565,0.5,2,0
train_004566,0.5,1,0
train_004567,0.004190054,3,1
train_004568,0.5,1,0
train_004569,0.5,1,0
train_004570,0.010239552,3,1
train_004571,0.62883013,2,1
train_004572,0.0011937048,4,1
train_004573,0.5,2,0
train_004574,0.00044296798,3,1
train_004575,0.0038792943,2,1
train_004576,0.5,1,0
train_004577,0.0069764373,3,1
train_004578,0.010289282,2,1
train_004579,0.00064630277,2,1
train_004580,0.5,4,0
train_004581,0.5,2,0
train_004582,0.00060473237,4,1
train_004583,9.654762e-05,2,1
train_004584,0.03075191,3,1
train_004585,0.5,1,0
train_004586,0.0037386029,3,1
train_004587,0.00031316376,2,1
train_004588,0.5,2,0
train_004589,0.029823013,2,1
train_004590,0.5,2,0
train_004591,0.5,1,0
train_004592,0.0005144396,1,1
train_004593,0.5,3,0
train_004594,0.002116478,1,1
train_004595,0.0069794236,1,1
train_004596,0.0014134543,3,1
train_004597,0.0067732357,2,1
train_004598,0.5,3,0
train_004599,0.5,2,0
train_004600,0.00038076157,2,1
train_004601,0.00014528462,1,1
train_004602,0.5,2,0
train_004603,0.5,1,0
train_004604,0.0002971419,1,1
train_004605,0.0058305324,3,1
train_004606,0.5,1,0
train_004607,0.0037175356,2,1
train_004608,0.5,2,0
train_004609,0.00093744555,1,1
train_004610,0.00039766871,2,1
train_004611,0.5,1,0
train_004612,0.0010888921,2,1
train_004613,0.008431052,2,1
train_004614,0.5,1,0
train_004615,0.018385578,3,1
train_004616,0.29540986,2,1
train_004617,0.5,2,0
train_004618,0.0058251056,1,1
train_004619,0.5,2,0
train_004620,0.5,2,0
train_004621,0.5,2,0
train_004622,0.00034634906,2,1
train_004623,0.038502544,2,1
train_004624,0.5,1,0
train_004625,0.5,1,0
train_004626,0.5,2,0
train_004627,0.007684546,2,1
train_004628,0.51906884,2,1
train_004629,0.0021033313,2,1
train_004630,0.0002264032,1,1
train_004631,0.5,3,0
train_004632,0.5,1,0
train_004633,0.5,1,0
train_004634,0.0007649431,3,1
train_004635,0.0025855536,3,1
train_004636,0.00050801,2,1
train_004637,0.0006520934,2,1
train_004638,0.0054508382,1,1
train_004639,0.5,1,0
train_004640,0.003071337,2,1
train_004641,0.00085476274,4,1
train_004642,0.0017704611,2,1
train_004643,0.5,1,0
train_004644,0.0001855546,1,1
train_004645,0.115153104,3,1
train_004646,0.0011755939,3,1
train_004647,0.02320459,2,1
train_004648,0.00038856946,3,1
train_004649,0.5,1,0
train_004650,0.5,2,0
train_004651,0.00030837007,4,1
train_004652,0.5,3,0
train_004653,0.0008006469,2,1
train_004654,0.5,2,0
train_004655,0.9867699,1,1
train_004656,0.5,4,0
train_004657,0.0006864156,2,1
train_004658,0.0049984367,2,1
train_004659,0.00038353598,4,1
train_004660,0.0050905994,2,1
train_004661,0.00024235132,1,1
train_004662,0.011557347,2,1
train_004663,0.029126946,2,1
train_004664,0.00095185015,4,1
train_004665,0.5,2,0
train_004666,0.5,1,0
train_004667,0.5,1,0
train_004668,0.43578452,2,1
train_004669,0.0015071715,2,1
train_004670,0.5,2,0
train_004671,0.5,2,0
train_004672,0.00068104843,3,1
train_004673,0.5,2,0
train_004674,0.0009691887,1,1
train_004675,0.75517935,2,1
train_004676,0.0015895849,1,1
train_004677,0.5,1,0
train_004678,0.5,1,0
train_004679,6.04628e-05,2,1
train_004680,0.00029845294,2,1
train_004681,0.5,2,0
train_004682,0.5,2,0
train_004683,0.5,1,0
train_004684,0.0066401437,2,1
train_004685,0.5,1,0
train_004686,0.0028877552,2,1
train_004687,0.0039547617,2,1
train_004688,0.0019295701,4,1
train_004689,0.15270801,3,1
train_004690,0.5,3,0
train_004691,0.5,3,0
train_004692,0.00013696641,2,1
train_004693,0.0043183113,4,1
train_004694,0.012265001,3,1
train_004695,0.0011625055,2,1
train_004696,0.5,2,0
train_004697,0.010465413,3,1
train_004698,0.0015704876,1,1
train_004699,0.0015965238,2,1
train_004700,0.5,2,0
train_004701,0.00011088365,1,1
train_004702,0.5,2,0
train_004703,0.5,2,0
train_004704,0.5,1,0
train_004705,0.5,3,0
train_004706,0.5,1,0
train_004707,0.00080456457,3,1
train_004708,0.00031504157,2,1
train_004709,0.0002471654,1,1
train_004710,0.9895699,2,1
train_004711,0.0004895025,1,1
train_004712,0.8645251,3,1
train_004713,0.009886672,2,1
train_004714,0.01396216,1,1
train_004715,0.5,2,0
train_004716,0.5,3,0
train_004717,0.5,3,0
train_004718,0.0004650294,2,1
train_004719,0.5,1,0
train_004720,0.0122985635,2,1
train_004721,0.5,4,0
train_004722,8.61089e-05,2,1
train_004723,0.5,1,0
train_004724,0.5,2,0
train_004725,0.00032908883,3,1
train_004726,0.5,1,0
train_004727,0.00017012816,1,1
train_004728,0.5,2,0
train_004729,0.0009865505,4,1
train_004730,0.00010730032,1,1
train_004731,0.005666691,2,1
train_004732,0.0014743754,2,1
train_004733,0.5,2,0
train_004734,0.5,1,0
train_004735,0.0030281118,2,1
train_004736,0.5,2,0
train_004737,5.1029474e-05,2,1
train_004738,0.0024294034,2,1
train_004739,0.0010243742,3,1
train_004740,0.5,1,0
train_004741,0.5,2,0
train_004742,0.000688249,2,1
train_004743,0.0049779234,3,1
train_004744,0.00510571,4,1
train_004745,0.5,1,0
train_004746,0.811775,2,1
train_004747,0.0076714996,3,1
train_004748,0.002166274,2,1
train_004749,0.5,1,0
train_004750,0.99414164,4,1
train_004751,0.011513941,3,1
train_004752,0.00025096984,2,1
train_004753,0.00048143094,3,1
train_004754,0.5,1,0
train_004755,0.011754361,2,1
train_004756,0.5,2,0
train_004757,0.00059863133,3,1
train_004758,0.5,1,0
train_004759,0.0024734265,3,1
train_004760,0.5,1,0
train_004761,0.5,2,0
train_004762,0.0005575499,2,1
train_004763,0.5,1,0
train_004764,0.5,1,0
train_004765,0.5,1,0
train_004766,0.5,2,0
train_004767,0.5,2,0
train_004768,0.00014318681,1,1
train_004769,0.5,2,0
train_004770,0.5,2,0
train_004771,0.0055234544,2,1
train_004772,0.0033279243,2,1
train_004773,0.002432419,2,1
train_004774,0.00010345059,1,1
train_004775,0.5,1,0
train_004776,0.0016779158,2,1
train_004777,0.5,2,0
train_004778,0.9705868,4,1
train_004779,0.00011126203,2,1
train_004780,0.033138603,4,1
train_004781,0.5,2,0
train_004782,0.013402538,2,1
train_004783,0.0008245482,4,1
train_004784,0.5,1,0
train_004785,0.004121302,2,1
train_004786,0.008102813,2,1
train_004787,0.5,1,0
train_004788,0.004609287,3,1
train_004789,0.000849572,3,1
train_004790,0.5,1,0
train_004791,0.016415317,2,1
train_004792,7.7955985e-05,3,1
train_004793,0.0010764446,3,1
train_004794,0.5,1,0
train_004795,0.0017317464,2,1
train_004796,0.5,3,0
train_004797,0.0017036805,3,1
train_004798,0.5,1,0
train_004799,0.0009252818,2,1
train_004800,0.5,2,0
train_004801,0.5,2,0
train_004802,0.0007592099,3,1
train_004803,0.0025229123,1,1
train_004804,0.033960912,1,1
train_004805,0.00041236568,2,1
train_004806,0.5,1,0
train_004807,0.00019914753,4,1
train_004808,0.00052872364,3,1
train_004809,0.00021208558,1,1
train_004810,0.075765386,3,1
train_004811,0.5,3,0
train_004812,0.0033003935,3,1
train_004813,0.00044321193,3,1
train_004814,0.00052730885,2,1
train_004815,0.5,2,0
train_004816,0.00040514834,2,1
train_004817,0.001822646,2,1
train_004818,0.5,1,0
train_004819,0.00035213388,3,1
train_004820,0.5,1,0
train_004821,0.5,2,0
train_004822,0.0019371468,2,1
train_004823,0.5,1,0
train_004824,0.5,2,0
train_004825,0.00015709548,2,1
train_004826,0.5,2,0
train_004827,0.031553414,2,1
train_004828,0.0022952065,3,1
train_004829,0.00013008289,2,1
train_004830,0.00047330954,2,1
train_004831,8.8879744e-05,1,1
train_004832,0.5,2,0
train_004833,0.5,1,0
train_004834,0.5,2,0
train_004835,0.002513093,1,1
train_004836,0.034037698,1,1
train_004837,0.5,1,0
train_004838,0.0011712873,3,1
train_004839,0.5,2,0
train_004840,0.0003155129,3,1
train_004841,0.0015548299,1,1
train_004842,0.00096514163,4,1
train_004843,0.5,2,0
train_004844,0.5,1,0
train_004845,0.0009430267,4,1
train_004846,0.003780855,2,1
train_004847,0.5,2,0
train_004848,0.050524,2,1
train_004849,0.5,2,0
train_004850,0.5,1,0
train_004851,0.5,3,0
train_004852,0.5,2,0
train_004853,0.5,1,0
train_004854,0.5,1,0
train_004855,0.5,2,0
train_004856,0.5,2,0
train_004857,0.5,1,0
train_004858,0.5,1,0
train_004859,5.9134763e-05,2,1
train_004860,0.0042498447,2,1
train_004861,0.00084061717,2,1
train_004862,0.027808275,2,1
train_004863,0.0004797956,2,1
train_004864,0.00330287,2,1
train_004865,0.5,2,0
train_004866,0.5,2,0
train_004867,0.00039857134,2,1
train_004868,0.00016075958,2,1
train_004869,0.00020674359,2,1
train_004870,0.5,2,0
train_004871,0.5,2,0
train_004872,0.5,2,0
train_004873,0.002965367,2,1
train_004874,0.0029385602,2,1
train_004875,5.6776407e-05,1,1
train_004876,0.032864906,2,1
train_004877,0.5,1,0
train_004878,0.00052483246,2,1
train_004879,0.008370151,3,1
train_004880,0.00079467974,1,1
train_004881,0.00016856448,3,1
train_004882,0.0016772009,2,1
train_004883,0.0006427672,1,1
train_004884,0.0005613011,3,1
train_004885,0.21560778,3,1
train_004886,0.5,4,0
train_004887,0.05362308,1,1
train_004888,0.5,1,0
train_004889,0.5,2,0
train_004890,0.00018738066,2,1
train_004891,0.004962972,2,1
train_004892,0.00014504012,1,1
train_004893,0.00048321148,2,1
train_004894,0.5,2,0
train_004895,0.0009496606,2,1
train_004896,3.466228e-05,2,1
train_004897,0.03400257,4,1
train_004898,0.0007872938,4,1
train_004899,0.5,1,0
train_004900,0.028939268,2,1
train_004901,0.5,2,0
train_004902,0.00022880782,1,1
train_004903,0.010911725,3,1
train_004904,0.0005089171,2,1
train_004905,0.5,2,0
train_004906,0.0069057113,2,1
train_004907,0.0021651406,3,1
train_004908,0.0064927377,2,1
train_004909,0.0034670695,3,1
train_004910,0.5,2,0
train_004911,0.0004518649,2,1
train_004912,0.5,1,0
train_004913,0.00062693347,1,1
train_004914,0.5,1,0
train_004915,0.00031596975,3,1
train_004916,0.5,3,0
train_004917,0.5,2,0
train_004918,0.5,1,0
train_004919,0.0023972802,4,1
train_004920,0.00044351185,1,1
train_004921,0.5,2,0
train_004922,0.002587873,3,1
train_004923,0.00029828603,2,1
train_004924,0.5,1,0
train_004925,0.0060632126,3,1
train_004926,0.5,3,0
train_004927,0.0025231272,1,1
train_004928,0.5,1,0
train_004929,0.00023364686,3,1
train_004930,0.0005684497,4,1
train_004931,0.037392743,2,1
train_004932,0.012746879,3,1
train_004933,0.009415379,2,1
train_004934,0.0012358684,2,1
train_004935,0.5,2,0
train_004936,0.0002471649,1,1
train_004937,0.5,3,0
train_004938,0.5,1,0
train_004939,0.5,1,0
train_004940,0.0015343253,1,1
train_004941,0.00018665158,3,1
train_004942,0.5,1,0
train_004943,0.5,1,0
train_004944,0.5,1,0
train_004945,0.043840908,3,1
train_004946,0.00026018103,4,1
train_004947,0.5,1,0
train_004948,0.00079746445,2,1
train_004949,0.85516244,3,1
train_004950,0.5,1,0
train_004951,0.5,1,0
train_004952,0.5,2,0
train_004953,0.0017927678,2,1
train_004954,0.5,1,0
train_004955,0.5,1,0
train_004956,0.00024070973,2,1
train_004957,8.608145e-05,3,1
train_004958,0.5,2,0
train_004959,0.5,2,0
train_004960,0.0010592476,3,1
train_004961,0.013445489,2,1
train_004962,0.0005343704,2,1
train_004963,0.00012554419,4,1
train_004964,0.0002457433,3,1
train_004965,0.00021171122,3,1
train_004966,0.5,1,0
train_004967,0.0006892339,2,1
train_004968,0.0002448991,2,1
train_004969,0.0008707571,2,1
train_004970,0.5,1,0
train_004971,0.004226268,2,1
train_004972,0.000171117,2,1
train_004973,0.5,2,0
train_004974,0.5,1,0
train_004975,0.00034181387,1,1
train_004976,0.5,1,0
train_004977,0.004506186,2,1
train_004978,0.5,1,0
train_004979,0.0005335858,2,1
train_004980,0.00018408385,3,1
train_004981,0.00047551963,3,1
train_004982,0.0004988115,2,1
train_004983,0.026440091,4,1
train_004984,0.00025341616,3,1
train_004985,0.001095069,2,1
train_004986,0.0073272134,2,1
train_004987,0.44316936,2,1
train_004988,0.012088943,2,1
train_004989,0.5,1,0
train_004990,0.0011958636,1,1
train_004991,7.265466e-05,1,1
train_004992,0.5,1,0
train_004993,0.5,1,0
train_004994,0.006644378,1,1
train_004995,0.5,3,0
train_004996,0.007818322,1,1
train_004997,0.0027590224,3,1
train_004998,0.9696557,3,1
train_004999,0.5,1,0
train_005000,0.0048415335,3,1
train_005001,0.5,2,0
train_005002,0.016399687,2,1
train_005003,0.5,4,0
train_005004,0.5,3,0
train_005005,0.072739966,1,1
train_005006,0.5,1,0
train_005007,0.9559494,4,1
train_005008,0.5,4,0
train_005009,0.5,1,0
train_005010,0.5,4,0
train_005011,0.5,1,0
train_005012,0.5,1,0
train_005013,0.5,1,0
train_005014,0.5,2,0
train_005015,0.5,1,0
train_005016,0.5,4,0
train_005017,0.5,3,0
train_005018,0.006963398,2,1
train_005019,0.007736868,2,1
train_005020,0.5,1,0
train_005021,0.5,4,0
train_005022,0.00031660034,3,1
train_005023,0.5,1,0
train_005024,0.5,2,0
train_005025,0.26309988,2,1
train_005026,0.5,2,0
train_005027,0.5,2,0
train_005028,0.5,1,0
train_005029,0.0014877927,1,1
train_005030,0.0016192036,1,1
train_005031,0.5,3,0
train_005032,0.17988181,3,1
train_005033,0.0144933965,1,1
train_005034,0.5,1,0
train_005035,0.5,3,0
train_005036,0.5,1,0
train_005037,0.00024567937,2,1
train_005038,0.0049667684,3,1
train_005039,0.5,2,0
train_005040,0.5,1,0
train_005041,0.5,2,0
train_005042,0.5,2,0
train_005043,0.5,1,0
train_005044,0.0025436622,3,1
train_005045,0.00024629547,1,1
train_005046,0.5,1,0
train_005047,0.5,4,0
train_005048,0.0050913263,1,1
train_005049,8.5854794e-05,4,1
train_005050,0.5,3,0
train_005051,0.5,2,0
train_005052,0.5,1,0
train_005053,0.004715546,3,1
train_005054,0.5,1,0
train_005055,0.5,1,0
train_005056,0.5,3,0
train_005057,0.022779249,4,1
train_005058,0.5,1,0
train_005059,0.5,4,0
train_005060,0.9258268,4,1
train_005061,0.0002835388,4,1
train_005062,0.022020165,4,1
train_005063,0.00069576653,2,1
train_005064,0.5,1,0
train_005065,0.5,1,0
train_005066,0.5,2,0
train_005067,0.00037188898,4,1
train_005068,0.5,1,0
train_005069,0.0013954621,2,1
train_005070,0.5,2,0
train_005071,0.5,3,0
train_005072,0.5,2,0
train_005073,0.069516174,3,1
train_005074,0.5,3,0
train_005075,0.5,1,0
train_005076,0.5,1,0
train_005077,0.5,2,0
train_005078,0.008179082,2,1
train_005079,0.5,1,0
train_005080,0.0029104087,4,1
train_005081,0.5,1,0
train_005082,0.28695223,2,1
train_005083,0.5,2,0
train_005084,0.02050918,1,1
train_005085,0.0002456813,4,1
train_005086,0.5,1,0
train_005087,0.5,1,0
train_005088,0.5,2,0
train_005089,0.0031916585,3,1
train_005090,0.5,4,0
train_005091,0.0010739773,2,1
train_005092,0.5,4,0
train_005093,0.5,4,0
train_005094,0.5,2,0
train_005095,0.5,2,0
train_005096,0.5,2,0
train_005097,0.002749046,4,1
train_005098,0.5,4,0
train_005099,0.5,3,0
train_005100,0.5,2,0
train_005101,0.5,1,0
train_005102,0.5,4,0
train_005103,0.5,2,0
train_005104,0.5,1,0
train_005105,0.5,1,0
train_005106,0.5,1,0
train_005107,0.1196423,3,1
train_005108,0.5,1,0
train_005109,0.00069975865,2,1
train_005110,0.0026076352,2,1
train_005111,0.0143558495,3,1
train_005112,0.5,1,0
train_005113,0.5,1,0
train_005114,0.0021554856,4,1
train_005115,0.017694445,2,1
train_005116,0.5,1,0
train_005117,0.5,1,0
train_005118,0.5,1,0
train_005119,0.5,1,0
train_005120,0.5,1,0
train_005121,0.5,2,0
train_005122,0.5,4,0
train_005123,0.5,2,0
train_005124,0.5,1,0
train_005125,0.0090941945,3,1
train_005126,0.5,2,0
train_005127,0.5,1,0
train_005128,0.5,1,0
train_005129,0.0049657566,2,1
train_005130,0.003054549,3,1
train_005131,0.0017253306,1,1
train_005132,0.5,1,0
train_005133,0.5,2,0
train_005134,0.0031802014,3,1
train_005135,0.5,1,0
train_005136,0.5,3,0
train_005137,0.5,4,0
train_005138,0.5,1,0
train_005139,0.0060954434,4,1
train_005140,0.5,2,0
train_005141,0.5,2,0
train_005142,0.5,2,0
train_005143,0.5,1,0
train_005144,0.5,1,0
train_005145,0.5,1,0
train_005146,0.00033444,2,1
train_005147,0.5,1,0
train_005148,0.29229704,2,1
train_005149,0.5,1,0
train_005150,0.006666258,4,1
train_005151,0.0043996875,4,1
train_005152,0.5,2,0
train_005153,0.5,1,0
train_005154,0.0014558652,3,1
train_005155,0.5,2,0
train_005156,0.5,3,0
train_005157,0.5,1,0
train_005158,0.0015305579,1,1
train_005159,0.5,1,0
train_005160,0.5,1,0
train_005161,0.5,2,0
train_005162,0.5,4,0
train_005163,0.5,4,0
train_005164,0.0007889989,4,1
train_005165,0.5,2,0
train_005166,0.5,1,0
train_005167,0.01503932,4,1
train_005168,0.5,1,0
train_005169,0.5,1,0
train_005170,0.5,1,0
train_005171,0.5,1,0
train_005172,0.0028483802,3,1
train_005173,0.5,1,0
train_005174,0.5,2,0
train_005175,0.00057267636,3,1
train_005176,0.0009773498,2,1
train_005177,0.5,2,0
train_005178,0.0032975106,1,1
train_005179,0.0010604964,1,1
train_005180,0.5,1,0
train_005181,0.5,4,0
train_005182,0.0008743191,1,1
train_005183,0.5,1,0
train_005184,0.5,1,0
train_005185,0.5,4,0
train_005186,0.5,4,0
train_005187,0.5,1,0
train_005188,0.5,3,0
train_005189,0.5,3,0
train_005190,0.5,1,0
train_005191,0.5,1,0
train_005192,0.012700728,1,1
train_005193,0.5,4,0
train_005194,0.0007836006,2,1
train_005195,0.5,1,0
train_005196,0.5,1,0
train_005197,0.031863607,2,1
train_005198,0.5,3,0
train_005199,0.5,4,0
train_005200,0.5,2,0
train_005201,0.0022496197,4,1
train_005202,0.0065755444,3,1
train_005203,0.002419011,2,1
train_005204,0.5,1,0
train_005205,0.00051054487,4,1
train_005206,0.5,1,0
train_005207,0.5,1,0
train_005208,0.5,3,0
train_005209,0.0033184001,2,1
train_005210,0.5,4,0
train_005211,0.5,2,0
train_005212,0.5,1,0
train_005213,0.5,1,0
train_005214,0.5,1,0
train_005215,0.5,1,0
train_005216,0.5,1,0
train_005217,0.0064017395,4,1
train_005218,0.006666255,4,1
train_005219,0.5,2,0
train_005220,0.0010069909,4,1
train_005221,0.5,3,0
train_005222,0.5,1,0
train_005223,0.5,1,0
train_005224,0.5,1,0
train_005225,0.5,1,0
train_005226,0.5,1,0
train_005227,0.5,2,0
train_005228,0.00041340277,2,1
train_005229,0.5,2,0
train_005230,0.0035935594,4,1
train_005231,0.016688336,1,1
train_005232,0.5,1,0
train_005233,0.5,1,0
train_005234,0.5,4,0
train_005235,0.5,2,0
train_005236,0.018426292,1,1
train_005237,0.5,2,0
train_005238,0.5,2,0
train_005239,0.5,2,0
train_005240,0.5,1,0
train_005241,0.5,4,0
train_005242,0.031885825,4,1
train_005243,0.5,4,0
train_005244,0.5,1,0
train_005245,0.5,4,0
train_005246,0.10382994,3,1
train_005247,0.3262959,2,1
train_005248,0.5,4,0
train_005249,0.5,4,0
train_005250,0.5,1,0
train_005251,0.37916484,2,1
train_005252,0.5,1,0
train_005253,0.0020953815,2,1
train_005254,0.5,2,0
train_005255,0.005517084,1,1
train_005256,0.5,1,0
train_005257,0.5,1,0
train_005258,0.011059602,3,1
train_005259,0.5,1,0
train_005260,0.0058997273,3,1
train_005261,0.5,1,0
train_005262,0.0026634133,3,1
train_005263,0.5,1,0
train_005264,0.5,1,0
train_005265,0.5,1,0
train_005266,0.5,1,0
train_005267,0.5,1,0
train_005268,0.5,2,0
train_005269,0.5,1,0
train_005270,0.006682345,3,1
train_005271,0.6492075,4,1
train_005272,0.5,1,0
train_005273,0.00015627895,3,1
train_005274,0.0010436866,2,1
train_005275,0.5,1,0
train_005276,0.5,1,0
train_005277,0.00012873753,3,1
train_005278,0.5,2,0
train_005279,0.5,2,0
train_005280,0.5,3,0
train_005281,0.007132365,2,1
train_005282,0.5,2,0
train_005283,0.0011571699,1,1
train_005284,0.0069115697,3,1
train_005285,0.006054769,1,1
train_005286,0.5,1,0
train_005287,0.5,1,0
train_005288,0.51417774,1,1
train_005289,0.5,1,0
train_005290,0.5,1,0
train_005291,0.5,1,0
train_005292,0.5,1,0
train_005293,0.5,1,0
train_005294,0.006480246,3,1
train_005295,0.0012242642,2,1
train_005296,0.5,2,0
train_005297,0.5,1,0
train_005298,0.5,3,0
train_005299,0.5,1,0
train_005300,0.00019464383,2,1
train_005301,0.00094065344,2,1
train_005302,0.018531764,1,1
train_005303,0.5,1,0
train_005304,0.5,1,0
train_005305,0.5,4,0
train_005306,5.963484e-05,4,1
train_005307,0.0016345535,2,1
train_005308,0.5,1,0
train_005309,0.056932542,4,1
train_005310,0.5,1,0
train_005311,0.0006242245,4,1
train_005312,0.34625822,3,1
train_005313,0.0006328584,4,1
train_005314,0.5,1,0
train_005315,0.5,4,0
train_005316,0.5,3,0
train_005317,0.5,1,0
train_005318,0.008144235,4,1
train_005319,0.5,1,0
train_005320,0.5,1,0
train_005321,0.5,1,0
train_005322,0.5,4,0
train_005323,0.027640618,1,1
train_005324,0.003321976,4,1
train_005325,0.5,4,0
train_005326,0.012790221,4,1
train_005327,0.016489223,4,1
train_005328,0.5,1,0
train_005329,0.5,1,0
train_005330,0.5,4,0
train_005331,0.0011402197,4,1
train_005332,0.5,1,0
train_005333,0.00021790109,2,1
train_005334,0.008166569,3,1
train_005335,0.5,4,0
train_005336,0.5,1,0
train_005337,0.5,1,0
train_005338,0.0022831832,2,1
train_005339,0.0014558639,3,1
train_005340,0.95328134,4,1
train_005341,0.5,2,0
train_005342,0.5,1,0
train_005343,0.0040414087,1,1
train_005344,0.5,1,0
train_005345,0.5,3,0
train_005346,0.0002780226,4,1
train_005347,0.5,2,0
train_005348,0.5,2,0
train_005349,0.002319498,1,1
train_005350,0.029892035,4,1
train_005351,0.66424143,3,1
train_005352,0.004315673,2,1
train_005353,0.5,4,0
train_005354,0.0019229156,4,1
train_005355,2.6616324e-05,3,1
train_005356,0.5,2,0
train_005357,0.5,1,0
train_005358,0.5,1,0
train_005359,0.5,1,0
train_005360,0.5,1,0
train_005361,0.5,1,0
train_005362,0.5,2,0
train_005363,0.018634195,3,1
train_005364,0.002111649,2,1
train_005365,0.5,3,0
train_005366,0.1173139,4,1
train_005367,0.00014233522,1,1
train_005368,0.003912873,4,1
train_005369,0.037647735,3,1
train_005370,0.020018091,1,1
train_005371,0.0011003922,2,1
train_005372,0.5,1,0
train_005373,6.530368e-05,2,1
train_005374,0.03062403,4,1
train_005375,0.0024841267,1,1
train_005376,0.5,1,0
train_005377,0.5,1,0
train_005378,0.5,1,0
train_005379,0.5,4,0
train_005380,0.5,1,0
train_005381,0.5,1,0
train_005382,0.5,1,0
train_005383,0.013661051,2,1
train_005384,0.83710223,4,1
train_005385,8.6325366e-05,3,1
train_005386,0.5,2,0
train_005387,0.5,1,0
train_005388,0.012153395,3,1
train_005389,0.0003024798,2,1
train_005390,0.5,1,0
train_005391,0.5,4,0
train_005392,0.5,2,0
train_005393,0.5,2,0
train_005394,0.5,2,0
train_005395,0.5,4,0
train_005396,0.5,2,0
train_005397,0.37278587,2,1
train_005398,0.001712697,3,1
train_005399,0.5,1,0
train_005400,0.001556261,1,1
train_005401,0.5,1,0
train_005402,0.029926578,3,1
train_005403,0.5,1,0
train_005404,0.5,4,0
train_005405,0.5,1,0
train_005406,0.5,2,0
train_005407,0.5,1,0
train_005408,0.5,1,0
train_005409,0.5,1,0
train_005410,0.5,1,0
train_005411,0.5,2,0
train_005412,0.5,1,0
train_005413,0.5,1,0
train_005414,0.5,2,0
train_005415,0.0035038835,2,1
train_005416,0.0029544092,3,1
train_005417,0.5,2,0
train_005418,0.5,1,0
train_005419,0.0016661817,4,1
train_005420,0.0052722986,1,1
train_005421,0.5,3,0
train_005422,0.5,1,0
train_005423,0.00014104028,2,1
train_005424,0.026692925,2,1
train_005425,0.20313624,1,1
train_005426,0.5,1,0
train_005427,0.5,1,0
train_005428,0.5,1,0
train_005429,0.00026421394,3,1
train_005430,0.5,2,0
train_005431,0.0006147338,1,1
train_005432,0.5,2,0
train_005433,0.5,1,0
train_005434,0.5,1,0
train_005435,0.0008375307,1,1
train_005436,0.5,3,0
train_005437,0.013609933,2,1
train_005438,0.013362131,4,1
train_005439,0.5,2,0
train_005440,0.0034187764,4,1
train_005441,0.5,1,0
train_005442,0.5,1,0
train_005443,0.5,1,0
train_005444,0.5,2,0
train_005445,0.5,1,0
train_005446,0.020234263,1,1
train_005447,0.5,2,0
train_005448,0.5,1,0
train_005449,0.5,1,0
train_005450,0.5,4,0
train_005451,0.5,2,0
train_005452,0.0010437315,2,1
train_005453,0.5,1,0
train_005454,0.5,2,0
train_005455,0.5,1,0
train_005456,0.5,3,0
train_005457,0.0012498281,1,1
train_005458,0.0026908498,1,1
train_005459,0.5,2,0
train_005460,0.5,1,0
train_005461,0.5,1,0
train_005462,0.5,2,0
train_005463,0.006287996,3,1
train_005464,0.5,1,0
train_005465,0.0005022277,3,1
train_005466,0.5,2,0
train_005467,0.002444137,1,1
train_005468,0.0010501922,3,1
train_005469,0.5,4,0
train_005470,0.5,1,0
train_005471,0.5,1,0
train_005472,0.051651597,2,1
train_005473,0.5,1,0
train_005474,0.0021397362,1,1
train_005475,0.5,1,0
train_005476,0.011171656,4,1
train_005477,0.5,2,0
train_005478,0.5,2,0
train_005479,0.5,2,0
train_005480,0.5,3,0
train_005481,0.5,3,0
train_005482,0.5,2,0
train_005483,0.5,3,0
train_005484,0.5,2,0
train_005485,0.5,4,0
train_005486,0.5,1,0
train_005487,0.5,2,0
train_005488,0.5,1,0
train_005489,0.015387147,3,1
train_005490,0.5,4,0
train_005491,0.5,2,0
train_005492,3.1789853e-06,3,1
train_005493,0.00041939988,2,1
train_005494,0.5,1,0
train_005495,0.5,2,0
train_005496,0.0004000264,1,1
train_005497,0.001530248,2,1
train_005498,0.5,1,0
train_005499,0.5,2,0
train_005500,0.00043142505,3,1
train_005501,0.00028907586,3,1
train_005502,0.0011857308,4,1
train_005503,0.00061047135,1,1
train_005504,0.5,2,0
train_005505,0.0056862035,2,1
train_005506,0.5,1,0
train_005507,0.5,3,0
train_005508,0.0020969184,3,1
train_005509,0.0035779818,3,1
train_005510,0.00020173693,2,1
train_005511,0.0006883317,3,1
train_005512,0.18646489,3,1
train_005513,0.00013694122,3,1
train_005514,0.02172789,2,1
train_005515,0.00036679188,3,1
train_005516,0.0009275608,3,1
train_005517,0.00022667162,3,1
train_005518,0.5,2,0
train_005519,0.0011473522,3,1
train_005520,0.007783947,3,1
train_005521,0.000114062095,4,1
train_005522,0.025573269,4,1
train_005523,0.00023226117,4,1
train_005524,0.17755657,3,1
train_005525,0.0060122134,3,1
train_005526,0.00039394654,2,1
train_005527,0.00018934248,3,1
train_005528,0.5,2,0
train_005529,0.005950465,2,1
train_005530,0.5,2,0
train_005531,0.00045726288,2,1
train_005532,0.00018498031,3,1
train_005533,0.5,2,0
train_005534,0.00057704234,1,1
train_005535,0.00064642547,2,1
train_005536,0.0004852364,3,1
train_005537,0.00896139,3,1
train_005538,0.00017198488,3,1
train_005539,0.0046341484,3,1
train_005540,8.385496e-05,3,1
train_005541,0.0016946679,3,1
train_005542,0.0072725248,3,1
train_005543,0.5,3,0
train_005544,0.0003208027,3,1
train_005545,0.014015448,3,1
train_005546,0.0013338941,3,1
train_005547,0.00057056925,3,1
train_005548,0.013083896,3,1
train_005549,0.0014149669,2,1
train_005550,4.1312294e-05,3,1
train_005551,0.0001651535,3,1
train_005552,0.0039060323,3,1
train_005553,0.0016031899,3,1
train_005554,0.08638149,2,1
train_005555,0.0076285927,3,1
train_005556,0.00068964355,1,1
train_005557,0.0010116646,2,1
train_005558,0.001211857,3,1
train_005559,0.0004472331,3,1
train_005560,0.00055770634,2,1
train_005561,0.00018322517,3,1
train_005562,0.5,2,0
train_005563,0.0002925161,4,1
train_005564,0.00095813157,1,1
train_005565,0.00011560239,3,1
train_005566,0.00024032286,3,1
train_005567,6.153372e-05,2,1
train_005568,0.0009311764,2,1
train_005569,0.014854768,4,1
train_005570,0.008157701,2,1
train_005571,0.5,3,0
train_005572,0.0018586062,4,1
train_005573,0.00015249648,3,1
train_005574,0.0011083091,3,1
train_005575,0.00012683256,3,1
train_005576,0.5,2,0
train_005577,0.0005164229,2,1
train_005578,0.0031367517,3,1
train_005579,0.0007391637,2,1
train_005580,0.0007653251,3,1
train_005581,0.0016246265,3,1
train_005582,0.5,3,0
train_005583,0.0013828456,3,1
train_005584,0.80225796,3,1
train_005585,0.0002282604,3,1
train_005586,0.00078560365,3,1
train_005587,0.5,3,0
train_005588,0.00026946125,3,1
train_005589,0.00082886155,3,1
train_005590,0.5,3,0
train_005591,0.5,3,0
train_005592,0.0016456301,4,1
train_005593,0.00077798316,2,1
train_005594,0.5,1,0
train_005595,0.002335557,3,1
train_005596,0.00051309064,4,1
train_005597,0.021676043,3,1
train_005598,0.002569865,3,1
train_005599,0.00090191636,1,1
train_005600,0.016581437,4,1
train_005601,0.0004605086,1,1
train_005602,0.00847151,4,1
train_005603,0.5,1,0
train_005604,0.5,3,0
train_005605,0.5,4,0
train_005606,0.38075903,3,1
train_005607,0.5,4,0
train_005608,0.0002937092,2,1
train_005609,0.5,1,0
train_005610,0.5,2,0
train_005611,0.0009743557,3,1
train_005612,0.050256718,2,1
train_005613,0.5,4,0
train_005614,0.5,1,0
train_005615,0.00066222483,2,1
train_005616,0.5,3,0
train_005617,0.5,1,0
train_005618,0.5,3,0
train_005619,0.5,4,0
train_005620,0.00091848784,3,1
train_005621,0.5,3,0
train_005622,0.5,4,0
train_005623,0.010225902,2,1
train_005624,0.0080030365,1,1
train_005625,0.5,3,0
train_005626,0.5,2,0
train_005627,0.5,3,0
train_005628,0.0005558785,2,1
train_005629,0.5,1,0
train_005630,0.0002179499,2,1
train_005631,0.5,4,0
train_005632,0.0026260682,4,1
train_005633,0.5,1,0
train_005634,0.5,1,0
train_005635,0.5,3,0
train_005636,0.02636666,2,1
train_005637,0.5,2,0
train_005638,0.0071574626,1,1
train_005639,0.0012938468,1,1
train_005640,0.5,4,0
train_005641,0.5,4,0
train_005642,0.5,4,0
train_005643,0.5,1,0
train_005644,0.5,1,0
train_005645,0.5,2,0
train_005646,0.026313862,4,1
train_005647,0.5,1,0
train_005648,0.5,4,0
train_005649,0.5,1,0
train_005650,0.5,1,0
train_005651,0.5,1,0
train_005652,0.000435014,2,1
train_005653,0.5,1,0
train_005654,0.00027001917,2,1
train_005655,0.5,3,0
train_005656,0.5,1,0
train_005657,0.5,4,0
train_005658,0.5,1,0
train_005659,0.014186816,4,1
train_005660,0.0257521,1,1
train_005661,0.5,1,0
train_005662,0.5,3,0
train_005663,0.0023010857,4,1
train_005664,0.5,4,0
train_005665,0.5,1,0
train_005666,0.5,4,0
train_005667,0.5,3,0
train_005668,0.0030142677,3,1
train_005669,0.5,1,0
train_005670,0.011667652,1,1
train_005671,0.5,3,0
train_005672,0.5,1,0
train_005673,0.5,4,0
train_005674,0.5,1,0
train_005675,0.5,2,0
train_005676,0.5,4,0
train_005677,0.5,4,0
train_005678,0.5,1,0
train_005679,0.5,1,0
train_005680,0.5,1,0
train_005681,0.040167257,3,1
train_005682,0.036743015,3,1
train_005683,0.5,2,0
train_005684,0.5,1,0
train_005685,0.5,4,0
train_005686,0.5,4,0
train_005687,0.00028502315,2,1
train_005688,0.004541334,4,1
train_005689,0.5,1,0
train_005690,0.5,4,0
train_005691,0.5,2,0
train_005692,0.5,4,0
train_005693,0.5,2,0
train_005694,0.5,3,0
train_005695,0.008870659,1,1
train_005696,0.00029190094,1,1
train_005697,0.5,1,0
train_005698,0.0938834,4,1
train_005699,0.5,1,0
train_005700,0.5,1,0
train_005701,0.5,1,0
train_005702,0.5,2,0
train_005703,0.0008115409,2,1
train_005704,0.00030109833,3,1
train_005705,0.5,1,0
train_005706,7.548665e-05,2,1
train_005707,0.5,1,0
train_005708,0.5,1,0
train_005709,0.5,1,0
train_005710,0.5,1,0
train_005711,0.5,2,0
train_005712,0.007776459,2,1
train_005713,0.0041727354,4,1
train_005714,0.5,1,0
train_005715,0.5,2,0
train_005716,0.5,1,0
train_005717,0.5,3,0
train_005718,0.5,2,0
train_005719,0.0033323138,3,1
train_005720,0.5,1,0
train_005721,0.5,1,0
train_005722,0.5,2,0
train_005723,0.5,4,0
train_005724,0.5,4,0
train_005725,0.5,3,0
train_005726,0.5,4,0
train_005727,0.5,3,0
train_005728,0.5,2,0
train_005729,0.5,2,0
train_005730,0.5,2,0
train_005731,0.5,1,0
train_005732,0.0022132082,2,1
train_005733,0.0037649637,1,1
train_005734,0.5,1,0
train_005735,0.013688138,3,1
train_005736,0.5,2,0
train_005737,0.5,4,0
train_005738,0.00014876392,4,1
train_005739,0.005052576,2,1
train_005740,0.5,2,0
train_005741,0.1276093,1,1
train_005742,0.00039722046,1,1
train_005743,0.5,4,0
train_005744,0.5,1,0
train_005745,0.05872557,4,1
train_005746,0.5,2,0
train_005747,0.03218937,2,1
train_005748,0.5,4,0
train_005749,0.5,1,0
train_005750,0.005041496,2,1
train_005751,0.5,1,0
train_005752,0.2141544,2,1
train_005753,0.5,4,0
train_005754,0.006345065,4,1
train_005755,0.0025933918,2,1
train_005756,0.5,2,0
train_005757,0.5,1,0
train_005758,0.5,1,0
train_005759,0.5,3,0
train_005760,0.5,2,0
train_005761,0.00064057653,4,1
train_005762,0.5,1,0
train_005763,0.5,2,0
train_005764,0.5,1,0
train_005765,0.5,1,0
train_005766,0.02066365,2,1
train_005767,0.5,1,0
train_005768,0.5,1,0
train_005769,0.5,1,0
train_005770,0.0015592475,1,1
train_005771,0.5,3,0
train_005772,0.14760189,1,1
train_005773,0.0013015113,1,1
train_005774,0.5,1,0
train_005775,0.00011725787,2,1
train_005776,0.0003593457,1,1
train_005777,0.5,3,0
train_005778,0.5,2,0
train_005779,0.5,2,0
train_005780,0.0007307663,1,1
train_005781,0.5,1,0
train_005782,0.0007036845,1,1
train_005783,0.00039027946,1,1
train_005784,0.017869825,2,1
train_005785,0.5,1,0
train_005786,0.5,1,0
train_005787,0.0094077755,1,1
train_005788,0.5,3,0
train_005789,0.0038653126,1,1
train_005790,0.5,3,0
train_005791,0.5,1,0
train_005792,0.5,1,0
train_005793,3.9233862e-05,4,1
train_005794,0.5,2,0
train_005795,0.0052229064,3,1
train_005796,0.5,3,0
train_005797,0.5,3,0
train_005798,0.029569216,2,1
train_005799,0.5,4,0
train_005800,0.5,2,0
train_005801,0.00031659662,1,1
train_005802,0.5,1,0
train_005803,0.0046484675,3,1
train_005804,8.072011e-05,4,1
train_005805,0.5,1,0
train_005806,0.5,1,0
train_005807,0.8495069,3,1
train_005808,0.0008054626,4,1
train_005809,0.00046203705,1,1
train_005810,0.002057833,3,1
train_005811,0.5,3,0
train_005812,0.5,1,0
train_005813,0.5,1,0
train_005814,0.5,1,0
train_005815,0.5,4,0
train_005816,6.2403036e-05,4,1
train_005817,0.5,4,0
train_005818,0.5,3,0
train_005819,0.5,2,0
train_005820,0.5,1,0
train_005821,0.5,2,0
train_005822,0.5,1,0
train_005823,0.62731904,1,1
train_005824,0.00029642473,4,1
train_005825,0.001212327,2,1
train_005826,0.0010734899,2,1
train_005827,0.0012118609,1,1
train_005828,0.5,2,0
train_005829,0.5,1,0
train_005830,0.11232671,1,1
train_005831,0.5,2,0
train_005832,0.5,3,0
train_005833,0.5,2,0
train_005834,0.5,4,0
train_005835,0.5,1,0
train_005836,0.5,4,0
train_005837,0.5,1,0
train_005838,0.5,1,0
train_005839,0.0015609955,4,1
train_005840,0.0077168364,2,1
train_005841,0.5,3,0
train_005842,0.0081963055,4,1
train_005843,0.5,4,0
train_005844,0.5,4,0
train_005845,0.00012539898,1,1
train_005846,0.0007099604,2,1
train_005847,0.5,1,0
train_005848,0.5,1,0
train_005849,0.36079046,1,1
train_005850,0.5,2,0
train_005851,0.0006605156,1,1
train_005852,0.5,3,0
train_005853,0.5,4,0
train_005854,0.5,3,0
train_005855,0.5,1,0
train_005856,0.5,1,0
train_005857,0.002151829,4,1
train_005858,0.5,4,0
train_005859,0.5,3,0
train_005860,0.5,1,0
train_005861,0.5,2,0
train_005862,0.5,4,0
train_005863,0.5,2,0
train_005864,0.002165625,2,1
train_005865,0.5,4,0
train_005866,0.5,1,0
train_005867,0.5,1,0
train_005868,0.5,1,0
train_005869,0.0023326094,4,1
train_005870,0.007218415,4,1
train_005871,0.00035939305,4,1
train_005872,0.26841518,1,1
train_005873,0.00027011652,3,1
train_005874,0.5,2,0
train_005875,0.5,1,0
train_005876,0.5,3,0
train_005877,0.0007594427,2,1
train_005878,0.5,1,0
train_005879,0.0014679914,2,1
train_005880,0.5,1,0
train_005881,0.5,2,0
train_005882,0.003894331,1,1
train_005883,0.00033346761,3,1
train_005884,0.00016222021,2,1
train_005885,0.00046733557,3,1
train_005886,0.5,2,0
train_005887,0.15868278,2,1
train_005888,0.5,1,0
train_005889,0.5,1,0
train_005890,0.032366727,2,1
train_005891,0.5,1,0
train_005892,0.000909491,3,1
train_005893,0.5,1,0
train_005894,0.012062264,1,1
train_005895,0.5,2,0
train_005896,0.5,4,0
train_005897,0.003806903,2,1
train_005898,0.0033493352,3,1
train_005899,0.5,1,0
train_005900,0.5,4,0
train_005901,0.5,2,0
train_005902,0.5,4,0
train_005903,0.5,1,0
train_005904,0.5,1,0
train_005905,0.5,2,0
train_005906,0.5,1,0
train_005907,0.0013589982,3,1
train_005908,0.5,2,0
train_005909,0.5,3,0
train_005910,0.0006916164,2,1
train_005911,0.0028818701,2,1
train_005912,0.5,1,0
train_005913,0.0035510485,2,1
train_005914,0.004840803,1,1
train_005915,0.018249718,2,1
train_005916,0.5,3,0
train_005917,0.5,3,0
train_005918,0.5,2,0
train_005919,0.0010527743,3,1
train_005920,0.5,1,0
train_005921,0.5,2,0
train_005922,0.0005324106,3,1
train_005923,0.5,1,0
train_005924,0.004042452,2,1
train_005925,0.03229962,2,1
train_005926,0.5,2,0
train_005927,0.0022808062,4,1
train_005928,0.5,2,0
train_005929,0.0009503946,3,1
train_005930,0.019413395,4,1
train_005931,0.5,2,0
train_005932,0.5,1,0
train_005933,0.00048429758,1,1
train_005934,0.0040258192,4,1
train_005935,0.00048697242,3,1
train_005936,0.5,2,0
train_005937,0.0009556763,4,1
train_005938,0.5,3,0
train_005939,0.020760916,3,1
train_005940,0.5,1,0
train_005941,0.0020740281,1,1
train_005942,0.5,1,0
train_005943,0.5,2,0
train_005944,0.5,1,0
train_005945,0.5,1,0
train_005946,0.00019242291,3,1
train_005947,0.00081389083,2,1
train_005948,0.19777906,4,1
train_005949,0.5,4,0
train_005950,0.5,1,0
train_005951,0.5,1,0
train_005952,0.5,1,0
train_005953,0.5,1,0
train_005954,0.5,2,0
train_005955,0.5,2,0
train_005956,0.5,1,0
train_005957,0.5,2,0
train_005958,0.004553561,2,1
train_005959,0.5,3,0
train_005960,0.5,1,0
train_005961,0.5,4,0
train_005962,0.5,3,0
train_005963,0.5,4,0
train_005964,0.0021111185,4,1
train_005965,0.010467929,3,1
train_005966,0.5,2,0
train_005967,0.5,3,0
train_005968,0.5,1,0
train_005969,0.00046323505,3,1
train_005970,0.5,2,0
train_005971,0.5,2,0
train_005972,0.5,1,0
train_005973,0.5,1,0
train_005974,0.5,3,0
train_005975,0.5,1,0
train_005976,0.015857507,1,1
train_005977,0.5,2,0
train_005978,0.5,3,0
train_005979,0.5,1,0
train_005980,0.5,2,0
train_005981,0.5,3,0
train_005982,0.5,4,0
train_005983,0.5,2,0
train_005984,0.5,3,0
train_005985,0.0018164935,1,1
train_005986,0.5,2,0
train_005987,0.00012792274,1,1
train_005988,0.5,2,0
train_005989,0.002090291,4,1
train_005990,0.5,1,0
train_005991,0.5,1,0
train_005992,0.5,1,0
train_005993,0.5,3,0
train_005994,0.5,2,0
train_005995,0.5,1,0
train_005996,0.5,2,0
train_005997,0.5,1,0
train_005998,0.5,2,0
train_005999,0.9810085,4,1
train_006000,0.0038031281,1,1
train_006001,0.5,1,0
train_006002,0.5,1,0
train_006003,0.5,1,0
train_006004,0.5,1,0
train_006005,0.5,2,0
train_006006,0.5,3,0
train_006007,0.0022581266,3,1
train_006008,0.5,1,0
train_006009,0.5,1,0
train_006010,0.5,1,0
train_006011,0.01028367,3,1
train_006012,0.5,2,0
train_006013,0.79971844,3,1
train_006014,0.5,1,0
train_006015,0.5,2,0
train_006016,0.5,1,0
train_006017,0.010534569,3,1
train_006018,0.5,1,0
train_006019,0.5,1,0
train_006020,0.5,1,0
train_006021,0.5,2,0
train_006022,0.056803595,3,1
train_006023,0.5,1,0
train_006024,0.0058381087,1,1
train_006025,0.00017202843,1,1
train_006026,0.5,1,0
train_006027,0.041962054,2,1
train_006028,0.00032159066,2,1
train_006029,0.00020740552,1,1
train_006030,0.5,1,0
train_006031,0.5,1,0
train_006032,0.5,2,0
train_006033,0.5,1,0
train_006034,0.5,1,0
train_006035,0.5,1,0
train_006036,0.00013203827,2,1
train_006037,0.5,3,0
train_006038,0.5,2,0
train_006039,0.5,2,0
train_006040,0.1293389,2,1
train_006041,0.0006905283,1,1
train_006042,0.0065036244,2,1
train_006043,0.0075996118,1,1
train_006044,0.5,2,0
train_006045,0.003116632,2,1
train_006046,0.5,2,0
train_006047,0.5,2,0
train_006048,0.5,2,0
train_006049,0.5,1,0
train_006050,0.0017045359,2,1
train_006051,0.5,2,0
train_006052,0.5,2,0
train_006053,0.9922346,3,1
train_006054,0.5,3,0
train_006055,0.021775868,2,1
train_006056,0.022593621,3,1
train_006057,0.5,1,0
train_006058,0.021077149,1,1
train_006059,0.5,1,0
train_006060,0.00033593952,2,1
train_006061,0.03160699,2,1
train_006062,0.5,3,0
train_006063,0.5,1,0
train_006064,0.0025222176,2,1
train_006065,0.5,1,0
train_006066,0.85852087,1,1
train_006067,0.98471224,1,1
train_006068,0.5,2,0
train_006069,0.011956849,4,1
train_006070,0.5,1,0
train_006071,0.010822473,2,1
train_006072,0.5,2,0
train_006073,0.5,3,0
train_006074,0.5,2,0
train_006075,0.5,0,0
train_006076,0.5,1,0
train_006077,0.0016402187,2,1
train_006078,0.5,2,0
train_006079,0.0050465483,3,1
train_006080,0.5,1,0
train_006081,0.5,2,0
train_006082,0.0036417926,2,1
train_006083,0.5,1,0
train_006084,0.5,1,0
train_006085,0.0026540228,1,1
train_006086,0.5,2,0
train_006087,0.0009081612,2,1
train_006088,0.5,2,0
train_006089,0.5,1,0
train_006090,0.5,1,0
train_006091,0.008021754,2,1
train_006092,0.5,1,0
train_006093,0.5,2,0
train_006094,0.024427742,1,1
train_006095,0.5,2,0
train_006096,0.5,2,0
train_006097,0.5,1,0
train_006098,0.5,3,0
train_006099,0.036691654,2,1
train_006100,0.5,1,0
train_006101,0.5,2,0
train_006102,0.0005797559,2,1
train_006103,0.5,2,0
train_006104,0.5,4,0
train_006105,0.00017165528,4,1
train_006106,0.5,1,0
train_006107,0.0063232607,2,1
train_006108,0.5,2,0
train_006109,0.5,2,0
train_006110,0.5,2,0
train_006111,0.5,1,0
train_006112,0.5,0,0
train_006113,0.0018653355,1,1
train_006114,0.002105107,2,1
train_006115,0.5,1,0
train_006116,0.5,3,0
train_006117,0.5,2,0
train_006118,0.5,3,0
train_006119,0.5,0,0
train_006120,0.5,1,0
train_006121,0.9600453,3,1
train_006122,0.5,2,0
train_006123,0.5,1,0
train_006124,0.003374998,3,1
train_006125,0.008229118,3,1
train_006126,0.00043055433,2,1
train_006127,0.0039179106,1,1
train_006128,7.824504e-05,2,1
train_006129,0.0050934334,1,1
train_006130,0.5,2,0
train_006131,0.5,1,0
train_006132,0.5,3,0
train_006133,0.5,2,0
train_006134,0.5,2,0
train_006135,0.5,1,0
train_006136,0.5,2,0
train_006137,0.5,2,0
train_006138,0.5,2,0
train_006139,0.5,2,0
train_006140,0.10840965,2,1
train_006141,0.5,2,0
train_006142,0.57210517,2,1
train_006143,0.5,1,0
train_006144,0.9544719,3,1
train_006145,0.02044184,3,1
train_006146,0.5,1,0
train_006147,0.5,2,0
train_006148,0.5,1,0
train_006149,0.5,0,0
train_006150,0.0011285938,1,1
train_006151,0.0016772985,1,1
train_006152,0.5,1,0
train_006153,0.5845087,2,1
train_006154,0.030106297,1,1
train_006155,0.5,1,0
train_006156,0.5,0,0
train_006157,0.5,2,0
train_006158,1.1289686e-05,2,1
train_006159,0.5,2,0
train_006160,0.9642835,1,1
train_006161,0.5,1,0
train_006162,0.5,1,0
train_006163,0.006415656,4,1
train_006164,0.5,1,0
train_006165,0.5,3,0
train_006166,0.5,1,0
train_006167,0.5,2,0
train_006168,0.0011765306,4,1
train_006169,0.5,1,0
train_006170,0.5,4,0
train_006171,0.004540868,1,1
train_006172,0.006968465,3,1
train_006173,0.00851577,2,1
train_006174,1.7491224e-05,2,1
train_006175,0.5,1,0
train_006176,0.0069661024,3,1
train_006177,0.5,1,0
train_006178,0.00016789419,2,1
train_006179,0.5,0,0
train_006180,0.00086189585,1,1
train_006181,0.5,1,0
train_006182,0.0008439186,4,1
train_006183,0.013566935,1,1
train_006184,0.002862429,1,1
train_006185,0.0028877184,3,1
train_006186,0.97787756,3,1
train_006187,0.5,2,0
train_006188,0.006030385,2,1
train_006189,0.0027496298,1,1
train_006190,0.5,1,0
train_006191,0.5,1,0
train_006192,0.05518087,2,1
train_006193,0.5,0,0
train_006194,0.0009316482,1,1
train_006195,0.5,1,0
train_006196,0.5,2,0
train_006197,0.94217724,2,1
train_006198,0.5,2,0
train_006199,0.5,2,0
train_006200,0.9904879,3,1
train_006201,0.5,1,0
train_006202,0.009918176,2,1
train_006203,0.00022015974,2,1
train_006204,0.5,1,0
train_006205,0.5,1,0
train_006206,0.5,0,0
train_006207,0.0077530197,2,1
train_006208,0.5,1,0
train_006209,0.5,0,0
train_006210,0.5,1,0
train_006211,0.5,2,0
train_006212,0.5,0,0
train_006213,0.98943686,2,1
train_006214,0.00155048,1,1
train_006215,0.5,1,0
train_006216,0.5,1,0
train_006217,0.5,2,0
train_006218,0.5,2,0
train_006219,7.951384e-05,2,1
train_006220,0.99513936,3,1
train_006221,0.5,1,0
train_006222,0.0022561613,2,1
train_006223,0.5,2,0
train_006224,0.9771195,3,1
train_006225,0.006233911,2,1
train_006226,0.5,3,0
train_006227,0.00020756984,1,1
train_006228,0.0044205133,2,1
train_006229,0.5,2,0
train_006230,0.5,2,0
train_006231,0.0036587936,3,1
train_006232,0.5,1,0
train_006233,0.5,1,0
train_006234,0.5,0,0
train_006235,0.0024452189,1,1
train_006236,0.0014076066,1,1
train_006237,0.9732967,2,1
train_006238,0.0034098409,2,1
train_006239,0.98404247,4,1
train_006240,0.0065633585,4,1
train_006241,0.5,3,0
train_006242,0.017695189,2,1
train_006243,0.0012993995,2,1
train_006244,0.5,1,0
train_006245,0.5,2,0
train_006246,0.5,1,0
train_006247,0.5,2,0
train_006248,0.5,2,0
train_006249,0.0028498517,3,1
train_006250,0.97302824,1,1
train_006251,0.5,3,0
train_006252,0.58372813,1,1
train_006253,0.00021663356,2,1
train_006254,0.5,1,0
train_006255,0.5,1,0
train_006256,0.0060011814,2,1
train_006257,0.99575055,3,1
train_006258,0.5,2,0
train_006259,0.0017915054,1,1
train_006260,0.0019538538,2,1
train_006261,0.5,3,0
train_006262,0.5,2,0
train_006263,0.001043481,1,1
train_006264,0.0021680808,2,1
train_006265,0.9578794,3,1
train_006266,0.09930615,3,1
train_006267,0.5,1,0
train_006268,0.5,1,0
train_006269,0.028713165,3,1
train_006270,0.5,1,0
train_006271,0.0013350368,1,1
train_006272,0.5,2,0
train_006273,0.5,1,0
train_006274,0.5,3,0
train_006275,0.09087285,4,1
train_006276,0.5,1,0
train_006277,7.9609286e-05,1,1
train_006278,0.5,1,0
train_006279,0.022593714,3,1
train_006280,0.5,2,0
train_006281,0.5,1,0
train_006282,0.5,1,0
train_006283,0.5,3,0
train_006284,0.5,2,0
train_006285,0.0013569526,2,1
train_006286,0.5,3,0
train_006287,0.5,1,0
train_006288,0.5,1,0
train_006289,0.0016640889,1,1
train_006290,0.5,0,0
train_006291,0.5,2,0
train_006292,0.5,1,0
train_006293,0.5,1,0
train_006294,0.0038030604,2,1
train_006295,0.5,2,0
train_006296,0.5,4,0
train_006297,0.005447652,4,1
train_006298,0.011438525,4,1
train_006299,0.5,3,0
train_006300,0.013761457,1,1
train_006301,0.5,2,0
train_006302,0.5,2,0
train_006303,0.0032609643,2,1
train_006304,0.5,1,0
train_006305,0.00068159035,1,1
train_006306,0.5,1,0
train_006307,0.003159929,1,1
train_006308,0.5,2,0
train_006309,0.5,2,0
train_006310,0.5,1,0
train_006311,0.5,2,0
train_006312,0.5,2,0
train_006313,0.5,2,0
train_006314,0.5,2,0
train_006315,0.003602802,2,1
train_006316,0.0014593084,2,1
train_006317,0.0009061394,3,1
train_006318,0.0042833425,2,1
train_006319,0.5,2,0
train_006320,0.5,2,0
train_006321,0.0021189353,1,1
train_006322,0.5,1,0
train_006323,0.90210766,2,1
train_006324,0.5,4,0
train_006325,0.968276,3,1
train_006326,0.5,1,0
train_006327,0.5,1,0
train_006328,0.6434584,3,1
train_006329,0.05514605,2,1
train_006330,0.0025962582,2,1
train_006331,0.5,1,0
train_006332,0.0005037781,1,1
train_006333,0.01056648,3,1
train_006334,0.5,2,0
train_006335,0.0016359441,2,1
train_006336,0.0008380617,2,1
train_006337,0.012713439,2,1
train_006338,0.5,2,0
train_006339,0.00036704133,3,1
train_006340,0.5,1,0
train_006341,0.001666162,1,1
train_006342,0.00921883,3,1
train_006343,0.5,2,0
train_006344,0.0015669535,2,1
train_006345,0.0066985316,2,1
train_006346,0.5,1,0
train_006347,0.0015167457,2,1
train_006348,0.5,2,0
train_006349,0.0014976603,3,1
train_006350,0.5,2,0
train_006351,0.5,2,0
train_006352,0.5,2,0
train_006353,0.0033335297,1,1
train_006354,0.5,1,0
train_006355,0.0021156978,2,1
train_006356,0.96907926,2,1
train_006357,0.5,3,0
train_006358,0.011685121,1,1
train_006359,0.015620061,2,1
train_006360,0.5,2,0
train_006361,0.79478526,2,1
train_006362,0.5,2,0
train_006363,0.006232552,3,1
train_006364,0.024339259,3,1
train_006365,0.5,0,0
train_006366,0.5,1,0
train_006367,0.1566135,3,1
train_006368,0.5,2,0
train_006369,0.5,1,0
train_006370,0.008301703,2,1
train_006371,0.21353433,3,1
train_006372,0.5,3,0
train_006373,0.5,2,0
train_006374,0.5,0,0
train_006375,0.5,1,0
train_006376,0.0027839898,1,1
train_006377,0.5,1,0
train_006378,0.5,1,0
train_006379,0.00019095096,3,1
train_006380,0.5,1,0
train_006381,0.0010330962,1,1
train_006382,0.5,2,0
train_006383,0.5,2,0
train_006384,0.0115981605,2,1
train_006385,0.5,1,0
train_006386,0.5,1,0
train_006387,0.0025611806,3,1
train_006388,0.5,2,0
train_006389,0.5,1,0
train_006390,0.5,2,0
train_006391,0.5,1,0
train_006392,0.5,1,0
train_006393,0.5,1,0
train_006394,0.064356945,2,1
train_006395,0.02821742,1,1
train_006396,0.5,2,0
train_006397,0.5,1,0
train_006398,0.5,2,0
train_006399,3.1177948e-05,1,1
train_006400,0.5,2,0
train_006401,0.009523682,1,1
train_006402,0.0009078463,3,1
train_006403,0.00093026645,1,1
train_006404,0.5,2,0
train_006405,0.0036458625,2,1
train_006406,0.5,1,0
train_006407,0.5,2,0
train_006408,0.5,2,0
train_006409,0.022676608,1,1
train_006410,0.096870445,2,1
train_006411,0.6846618,4,1
train_006412,0.5,2,0
train_006413,0.5,2,0
train_006414,0.00024241829,2,1
train_006415,0.5,1,0
train_006416,0.5,2,0
train_006417,0.5,1,0
train_006418,0.5,1,0
train_006419,0.5,2,0
train_006420,0.5,2,0
train_006421,0.5,2,0
train_006422,0.0050609247,1,1
train_006423,0.079558454,2,1
train_006424,0.00038696392,2,1
train_006425,0.9746551,2,1
train_006426,0.5,2,0
train_006427,0.5,2,0
train_006428,0.5,2,0
train_006429,0.024243945,2,1
train_006430,0.5,1,0
train_006431,5.2083593e-05,2,1
train_006432,0.5,1,0
train_006433,0.0005438009,1,1
train_006434,0.5,1,0
train_006435,0.5,2,0
train_006436,0.004942073,2,1
train_006437,0.007703388,1,1
train_006438,0.0021810837,1,1
train_006439,0.98741686,2,1
train_006440,0.5,3,0
train_006441,0.5,2,0
train_006442,0.0041156705,1,1
train_006443,0.050874133,2,1
train_006444,0.972932,2,1
train_006445,0.5,1,0
train_006446,0.5,2,0
train_006447,0.0017395754,2,1
train_006448,0.5,2,0
train_006449,0.00013331416,3,1
train_006450,0.5,2,0
train_006451,0.5,3,0
train_006452,0.5,2,0
train_006453,0.5,2,0
train_006454,0.033791404,2,1
train_006455,0.96671873,3,1
train_006456,0.5,2,0
train_006457,0.0005589238,1,1
train_006458,0.005351353,2,1
train_006459,0.5,1,0
train_006460,0.00058283296,3,1
train_006461,0.5,2,0
train_006462,0.022593621,3,1
train_006463,0.009739134,2,1
train_006464,0.2529052,2,1
train_006465,0.01094817,1,1
train_006466,0.5,1,0
train_006467,0.5,2,0
train_006468,0.9577919,3,1
train_006469,0.5,1,0
train_006470,0.5,1,0
train_006471,0.5,2,0
train_006472,0.9700104,2,1
train_006473,0.5,1,0
train_006474,0.5,2,0
train_006475,0.5,3,0
train_006476,0.5,4,0
train_006477,0.5,1,0
train_006478,0.5,1,0
train_006479,0.5,2,0
train_006480,0.5,2,0
train_006481,0.5,1,0
train_006482,0.5,2,0
train_006483,0.5,1,0
train_006484,0.5,3,0
train_006485,0.5,1,0
train_006486,0.0026302729,2,1
train_006487,0.5,2,0
train_006488,0.5,2,0
train_006489,0.5,1,0
train_006490,0.5,2,0
train_006491,0.5,2,0
train_006492,0.5,2,0
train_006493,0.00012604421,2,1
train_006494,0.9710146,2,1
train_006495,0.5,1,0
train_006496,0.5,1,0
train_006497,0.5,2,0
train_006498,0.5,2,0
train_006499,0.00045220714,2,1
train_006500,0.5,2,0
train_006501,0.5823267,3,1
train_006502,0.012212858,4,1
train_006503,0.5,3,0
train_006504,0.5,2,0
train_006505,0.0039393753,1,1
train_006506,0.5,3,0
train_006507,0.5,3,0
train_006508,0.5,3,0
train_006509,0.5,2,0
train_006510,0.030944714,3,1
train_006511,0.5,3,0
train_006512,0.002260354,4,1
train_006513,0.5,3,0
train_006514,0.5,3,0
train_006515,0.5,2,0
train_006516,0.5,3,0
train_006517,0.5,3,0
train_006518,0.5,3,0
train_006519,0.5,4,0
train_006520,0.9894343,3,1
train_006521,0.5,3,0
train_006522,0.5,3,0
train_006523,0.96902275,4,1
train_006524,0.00027559252,3,1
train_006525,0.5,4,0
train_006526,0.00083432894,3,1
train_006527,0.5,2,0
train_006528,0.9745885,4,1
train_006529,0.5,3,0
train_006530,0.5,2,0
train_006531,0.5,3,0
train_006532,0.00032230295,3,1
train_006533,0.98477525,4,1
train_006534,0.5,4,0
train_006535,0.0012626044,3,1
train_006536,0.11252028,4,1
train_006537,0.5,3,0
train_006538,0.5,3,0
train_006539,0.5,2,0
train_006540,0.5,3,0
train_006541,0.5,3,0
train_006542,0.5,3,0
train_006543,3.661294e-05,4,1
train_006544,0.033994466,4,1
train_006545,0.0038213911,3,1
train_006546,0.5,3,0
train_006547,0.5,3,0
train_006548,0.08953248,2,1
train_006549,0.5,2,0
train_006550,0.5,3,0
train_006551,0.5,2,0
train_006552,0.060867637,3,1
train_006553,0.0034029128,4,1
train_006554,0.5,4,0
train_006555,0.5,3,0
train_006556,0.5,4,0
train_006557,0.5,4,0
train_006558,0.5,2,0
train_006559,0.96361727,3,1
train_006560,0.5,2,0
train_006561,0.020268077,3,1
train_006562,0.5,3,0
train_006563,0.5,3,0
train_006564,0.5,4,0
train_006565,0.006370912,4,1
train_006566,0.09402892,3,1
train_006567,0.98967826,4,1
train_006568,0.5,3,0
train_006569,0.005982802,3,1
train_006570,0.0029408128,4,1
train_006571,0.013240102,1,1
train_006572,0.5,3,0
train_006573,0.015070376,3,1
train_006574,0.5,2,0
train_006575,0.5,4,0
train_006576,0.5,3,0
train_006577,0.5,1,0
train_006578,0.5,4,0
train_006579,0.98904234,4,1
train_006580,0.5,4,0
train_006581,0.5,2,0
train_006582,0.5,4,0
train_006583,0.5,3,0
train_006584,0.701444,4,1
train_006585,0.5,3,0
train_006586,0.5,3,0
train_006587,2.761077e-05,4,1
train_006588,0.5,3,0
train_006589,0.5,1,0
train_006590,0.22853786,3,1
train_006591,0.002578402,4,1
train_006592,0.5,4,0
train_006593,0.5,2,0
train_006594,0.5,2,0
train_006595,0.5,2,0
train_006596,7.897618e-05,4,1
train_006597,0.5,3,0
train_006598,0.0023021528,3,1
train_006599,0.5,3,0
train_006600,0.5,4,0
train_006601,0.0032812224,4,1
train_006602,0.5,4,0
train_006603,0.07729865,3,1
train_006604,0.000643316,4,1
train_006605,0.5,2,0
train_006606,0.5,3,0
train_006607,0.5,3,0
train_006608,0.002430111,4,1
train_006609,0.5,2,0
train_006610,0.5,3,0
train_006611,0.9906234,4,1
train_006612,0.5,4,0
train_006613,0.5,3,0
train_006614,0.014728141,3,1
train_006615,0.5,4,0
train_006616,0.103098266,3,1
train_006617,0.5,3,0
train_006618,0.5,4,0
train_006619,0.5,3,0
train_006620,0.5,3,0
train_006621,0.0020011489,4,1
train_006622,0.98835295,4,1
train_006623,0.5,2,0
train_006624,0.5,2,0
train_006625,0.023679908,3,1
train_006626,0.5,4,0
train_006627,0.5,3,0
train_006628,0.5,4,0
train_006629,0.018378435,3,1
train_006630,0.5,3,0
train_006631,0.5,3,0
train_006632,0.5,2,0
train_006633,0.13497414,4,1
train_006634,0.5,2,0
train_006635,0.01249598,3,1
train_006636,0.5,3,0
train_006637,0.010922275,4,1
train_006638,0.5,2,0
train_006639,0.5,3,0
train_006640,0.5,2,0
train_006641,0.026536712,3,1
train_006642,0.5,1,0
train_006643,0.95817703,4,1
train_006644,0.5,3,0
train_006645,0.5,3,0
train_006646,0.5,4,0
train_006647,0.015057651,3,1
train_006648,0.0016954282,3,1
train_006649,0.5,4,0
train_006650,0.032281276,4,1
train_006651,0.5,3,0
train_006652,0.5,2,0
train_006653,0.9867736,3,1
train_006654,0.016523363,3,1
train_006655,0.5,4,0
train_006656,0.5,3,0
train_006657,0.0029152608,4,1
train_006658,0.5,4,0
train_006659,0.017528253,4,1
train_006660,0.0063506234,4,1
train_006661,0.5,3,0
train_006662,0.5,4,0
train_006663,0.5,3,0
train_006664,0.008949804,2,1
train_006665,0.5,2,0
train_006666,0.5,2,0
train_006667,0.0014405338,3,1
train_006668,0.5,3,0
train_006669,0.5,3,0
train_006670,0.5,2,0
train_006671,0.0032094035,3,1
train_006672,0.5,3,0
train_006673,0.01969248,4,1
train_006674,0.5,3,0
train_006675,0.5,3,0
train_006676,0.5,2,0
train_006677,0.5,2,0
train_006678,0.0005954193,4,1
train_006679,0.0036495763,4,1
train_006680,0.030500913,3,1
train_006681,0.0055798255,4,1
train_006682,0.011325171,3,1
train_006683,0.9878878,4,1
train_006684,0.011923496,4,1
train_006685,0.5,3,0
train_006686,0.09015249,4,1
train_006687,0.5,3,0
train_006688,0.5,3,0
train_006689,0.5,4,0
train_006690,0.5,4,0
train_006691,0.5,4,0
train_006692,0.0041204337,3,1
train_006693,0.0016073309,4,1
train_006694,0.5,1,0
train_006695,0.10006947,3,1
train_006696,0.5,4,0
train_006697,0.08038909,3,1
train_006698,0.5,3,0
train_006699,0.05749502,4,1
train_006700,0.5,3,0
train_006701,0.5,2,0
train_006702,0.5,1,0
train_006703,0.9868166,3,1
train_006704,0.003466571,2,1
train_006705,0.5,2,0
train_006706,0.5,3,0
train_006707,0.5,2,0
train_006708,0.5,3,0
train_006709,0.5,3,0
train_006710,0.0010976307,3,1
train_006711,0.5,3,0
train_006712,0.003927957,2,1
train_006713,0.5,4,0
train_006714,0.5,4,0
train_006715,0.5,3,0
train_006716,0.5,3,0
train_006717,0.5,3,0
train_006718,0.5,1,0
train_006719,0.5254313,4,1
train_006720,0.5,3,0
train_006721,0.0011673993,3,1
train_006722,0.5,3,0
train_006723,0.5,2,0
train_006724,0.5,2,0
train_006725,0.10582168,1,1
train_006726,0.015939739,4,1
train_006727,0.5,3,0
train_006728,0.5,3,0
train_006729,0.5,2,0
train_006730,0.5,4,0
train_006731,0.5,2,0
train_006732,0.018914642,3,1
train_006733,0.00010335641,3,1
train_006734,0.0013200105,4,1
train_006735,0.5,4,0
train_006736,0.989408,4,1
train_006737,0.5,2,0
train_006738,0.5,3,0
train_006739,0.5,2,0
train_006740,0.00444173,4,1
train_006741,0.5,4,0
train_006742,0.64929783,4,1
train_006743,0.5,1,0
train_006744,0.07255891,3,1
train_006745,0.5,3,0
train_006746,0.5,3,0
train_006747,0.050146427,4,1
train_006748,0.5,3,0
train_006749,0.0053806147,1,1
train_006750,0.5,2,0
train_006751,0.5,3,0
train_006752,0.024562858,3,1
train_006753,0.5,3,0
train_006754,0.5,3,0
train_006755,0.07098091,3,1
train_006756,0.5,4,0
train_006757,0.5,2,0
train_006758,0.5,2,0
train_006759,0.5,3,0
train_006760,0.5,3,0
train_006761,0.0019266801,3,1
train_006762,0.5,2,0
train_006763,0.5,3,0
train_006764,0.010562831,4,1
train_006765,0.0042285267,3,1
train_006766,8.892888e-05,3,1
train_006767,0.0058384407,4,1
train_006768,0.014911867,4,1
train_006769,0.5,3,0
train_006770,0.5,3,0
train_006771,0.0004408924,4,1
train_006772,0.5,2,0
train_006773,0.5,2,0
train_006774,0.5,3,0
train_006775,0.064395666,4,1
train_006776,0.9863447,4,1
train_006777,0.5,2,0
train_006778,0.5,4,0
train_006779,0.5,4,0
train_006780,0.98522687,3,1
train_006781,0.5,3,0
train_006782,0.028695714,3,1
train_006783,0.5,1,0
train_006784,0.00021185502,3,1
train_006785,0.5,2,0
train_006786,0.5,4,0
train_006787,0.5,4,0
train_006788,0.5,4,0
train_006789,0.001352869,3,1
train_006790,0.5,3,0
train_006791,0.5,4,0
train_006792,0.5,4,0
train_006793,0.018401733,4,1
train_006794,0.5,4,0
train_006795,0.5,4,0
train_006796,0.5,4,0
train_006797,0.037372816,3,1
train_006798,0.5,2,0
train_006799,0.5,4,0
train_006800,0.0021974759,3,1
train_006801,0.5,3,0
train_006802,0.5,4,0
train_006803,0.98970747,3,1
train_006804,0.5,4,0
train_006805,0.5,2,0
train_006806,0.5,4,0
train_006807,0.03700704,4,1
train_006808,0.015615755,4,1
train_006809,0.5,2,0
train_006810,0.0030341595,2,1
train_006811,0.0007199698,3,1
train_006812,0.0036702554,3,1
train_006813,0.5,2,0
train_006814,0.5,4,0
train_006815,0.5,3,0
train_006816,0.021858186,4,1
train_006817,0.5,3,0
train_006818,0.5,3,0
train_006819,0.5,3,0
train_006820,0.5,4,0
train_006821,0.01868713,3,1
train_006822,0.5,2,0
train_006823,0.026142795,4,1
train_006824,0.5,2,0
train_006825,0.5,2,0
train_006826,0.5,3,0
train_006827,0.5,3,0
train_006828,0.5,2,0
train_006829,0.000121925215,4,1
train_006830,0.5,2,0
train_006831,0.0051144008,3,1
train_006832,0.5,3,0
train_006833,0.5,3,0
train_006834,0.97302365,4,1
train_006835,0.5,3,0
train_006836,0.0004921182,3,1
train_006837,0.0032572704,3,1
train_006838,0.983396,2,1
train_006839,0.5,3,0
train_006840,0.5,2,0
train_006841,0.5,2,0
train_006842,0.0017843827,4,1
train_006843,0.5,4,0
train_006844,0.5,4,0
train_006845,0.95973754,3,1
train_006846,0.5,2,0
train_006847,0.5,3,0
train_006848,0.0061010253,4,1
train_006849,0.0017930379,3,1
train_006850,0.002983816,3,1
train_006851,0.0009292291,3,1
train_006852,0.014802525,3,1
train_006853,0.004322102,2,1
train_006854,0.008009594,3,1
train_006855,0.2520163,2,1
train_006856,0.0043561114,1,1
train_006857,0.0027867858,2,1
train_006858,0.0018279637,2,1
train_006859,0.0005502369,3,1
train_006860,0.5,2,0
train_006861,0.00030709844,3,1
train_006862,0.015378055,3,1
train_006863,0.0024762498,3,1
train_006864,0.001169738,3,1
train_006865,0.0014660126,3,1
train_006866,0.5,1,0
train_006867,0.00395893,3,1
train_006868,0.007892748,2,1
train_006869,0.009943189,4,1
train_006870,0.03836529,2,1
train_006871,0.10631788,3,1
train_006872,0.0039091487,1,1
train_006873,0.041117445,3,1
train_006874,0.0007963953,1,1
train_006875,0.00061167724,2,1
train_006876,0.003391953,3,1
train_006877,0.5,2,0
train_006878,0.05855415,2,1
train_006879,7.5051656e-05,1,1
train_006880,0.0039158207,2,1
train_006881,0.0050082454,4,1
train_006882,0.99432397,4,1
train_006883,0.5,2,0
train_006884,0.0007075271,2,1
train_006885,0.5,4,0
train_006886,0.5,1,0
train_006887,0.021686945,1,1
train_006888,7.476633e-05,2,1
train_006889,6.393333e-05,2,1
train_006890,0.5,2,0
train_006891,0.006265552,4,1
train_006892,0.5,1,0
train_006893,0.012348722,2,1
train_006894,0.005460804,2,1
train_006895,0.00012702067,1,1
train_006896,0.0003278342,1,1
train_006897,0.5,2,0
train_006898,0.5,2,0
train_006899,0.0007940912,4,1
train_006900,0.0001356171,1,1
train_006901,0.00074888096,2,1
train_006902,0.5,4,0
train_006903,0.044481155,4,1
train_006904,0.09724997,4,1
train_006905,0.5,2,0
train_006906,0.5,2,0
train_006907,0.5,2,0
train_006908,0.00026755116,3,1
train_006909,0.5,1,0
train_006910,0.5,2,0
train_006911,0.5,1,0
train_006912,0.0139159495,1,1
train_006913,0.0010930236,1,1
train_006914,0.8365448,1,1
train_006915,0.00026221367,2,1
train_006916,0.5,3,0
train_006917,0.012535682,4,1
train_006918,0.00032259838,3,1
train_006919,0.5,4,0
train_006920,0.0009198311,3,1
train_006921,0.5,1,0
train_006922,0.98829216,1,1
train_006923,0.5,1,0
train_006924,0.000160455,2,1
train_006925,0.016352661,4,1
train_006926,0.015890941,4,1
train_006927,0.00050471805,2,1
train_006928,0.0020075028,4,1
train_006929,0.00041501567,2,1
train_006930,0.0039172773,1,1
train_006931,0.00013683952,4,1
train_006932,0.0015960071,2,1
train_006933,0.5,3,0
train_006934,0.5,1,0
train_006935,0.045521777,4,1
train_006936,0.5,4,0
train_006937,0.02044507,2,1
train_006938,9.845345e-05,2,1
train_006939,0.5,4,0
train_006940,0.020879619,1,1
train_006941,0.008309939,3,1
train_006942,7.644182e-05,2,1
train_006943,0.96824116,4,1
train_006944,0.00015431752,2,1
train_006945,0.00037604402,4,1
train_006946,0.5,3,0
train_006947,0.0027727028,2,1
train_006948,0.00030273967,4,1
train_006949,0.5,2,0
train_006950,0.9604506,2,1
train_006951,0.0226155,3,1
train_006952,0.0836534,3,1
train_006953,0.5,1,0
train_006954,0.0009690772,4,1
train_006955,0.0002494707,3,1
train_006956,0.5,1,0
train_006957,0.5,2,0
train_006958,0.0023503779,4,1
train_006959,0.013408033,3,1
train_006960,0.00027260254,2,1
train_006961,0.5,3,0
train_006962,0.0009690772,4,1
train_006963,0.00032259838,3,1
train_006964,0.5,1,0
train_006965,0.045522954,4,1
train_006966,9.4002724e-05,3,1
train_006967,0.020879619,1,1
train_006968,0.00037604474,4,1
train_006969,0.00050471927,2,1
train_006970,0.019014599,1,1
train_006971,0.5,2,0
train_006972,0.5,4,0
train_006973,0.0011790928,4,1
train_006974,0.0071296077,2,1
train_006975,0.0017388485,2,1
train_006976,0.5,2,0
train_006977,0.5,4,0
train_006978,0.011168269,2,1
train_006979,0.0009774705,4,1
train_006980,0.0011005469,3,1
train_006981,0.009963267,2,1
train_006982,0.5,2,0
train_006983,0.00044691702,2,1
train_006984,5.4666532e-05,4,1
train_006985,0.5,4,0
train_006986,0.0050206124,3,1
train_006987,0.5,3,0
train_006988,0.9966918,4,1
train_006989,0.5,3,0
train_006990,0.0032894837,4,1
train_006991,0.5,2,0
train_006992,0.016084248,2,1
train_006993,0.5,4,0
train_006994,0.0011061936,2,1
train_006995,0.5,2,0
train_006996,0.5,1,0
train_006997,0.5,3,0
train_006998,0.5,3,0
train_006999,0.005309751,4,1
train_007000,0.0004939895,3,1
train_007001,0.00078896014,3,1
train_007002,0.80811673,4,1
train_007003,0.5,4,0
train_007004,4.793408e-05,4,1
train_007005,0.0022111959,3,1
train_007006,0.020347688,4,1
train_007007,0.0022919462,2,1
train_007008,0.0014333136,2,1
train_007009,0.5,2,0
train_007010,0.0010657461,4,1
train_007011,0.0041194484,2,1
train_007012,0.0074676587,4,1
train_007013,0.0022893057,3,1
train_007014,0.5,2,0
train_007015,0.9875496,3,1
train_007016,0.006236889,2,1
train_007017,0.5,2,0
train_007018,0.00048592885,4,1
train_007019,0.00021315628,4,1
train_007020,0.10471557,3,1
train_007021,0.00026045353,4,1
train_007022,0.6705724,4,1
train_007023,0.00068432867,4,1
train_007024,0.5,3,0
train_007025,0.007836363,4,1
train_007026,0.04247929,2,1
train_007027,0.00093642157,3,1
train_007028,0.5177526,2,1
train_007029,0.11017399,3,1
train_007030,0.0051291217,3,1
train_007031,0.5,2,0
train_007032,0.038843744,2,1
train_007033,0.5,2,0
train_007034,0.0022705677,4,1
train_007035,0.4802723,2,1
train_007036,0.009469951,4,1
train_007037,0.00083547115,4,1
train_007038,0.0006897478,2,1
train_007039,0.5,2,0
train_007040,0.0018955256,3,1
train_007041,0.5,3,0
train_007042,0.045556195,2,1
train_007043,0.5,2,0
train_007044,0.07086849,4,1
train_007045,0.00411524,2,1
train_007046,0.0019016538,2,1
train_007047,0.0021983534,3,1
train_007048,0.00022589446,2,1
train_007049,0.00085589295,2,1
train_007050,0.001978816,2,1
train_007051,0.012658263,3,1
train_007052,0.024303326,3,1
train_007053,0.0067100627,2,1
train_007054,0.005244582,2,1
train_007055,0.42061827,4,1
train_007056,0.020258943,4,1
train_007057,0.5673662,3,1
train_007058,0.5,2,0
train_007059,0.00046847726,3,1
train_007060,0.00018974769,2,1
train_007061,0.0022709044,2,1
train_007062,0.37619126,4,1
train_007063,0.5,4,0
train_007064,0.003478573,2,1
train_007065,0.00033898465,4,1
train_007066,0.006798167,2,1
train_007067,0.0033850353,3,1
train_007068,0.00048518836,2,1
train_007069,0.0047782245,2,1
train_007070,0.0070613073,4,1
train_007071,0.000111778274,2,1
train_007072,0.0024883084,3,1
train_007073,0.003066991,4,1
train_007074,0.08220337,4,1
train_007075,0.008637897,4,1
train_007076,0.0024164421,3,1
train_007077,0.0038954415,3,1
train_007078,0.5,2,0
train_007079,0.0033364377,3,1
train_007080,0.011268288,4,1
train_007081,0.00019237689,3,1
train_007082,0.00066873746,3,1
train_007083,0.0014395145,2,1
train_007084,0.011468331,3,1
train_007085,0.005470334,3,1
train_007086,0.056298472,3,1
train_007087,0.0013248298,4,1
train_007088,0.0062379735,4,1
train_007089,0.008777149,3,1
train_007090,0.0013216484,3,1
train_007091,0.0013586825,3,1
train_007092,0.037956093,2,1
train_007093,0.27518854,2,1
train_007094,0.0013403902,3,1
train_007095,0.5,2,0
train_007096,0.00072074705,2,1
train_007097,0.5,2,0
train_007098,0.022331752,3,1
train_007099,0.016825493,3,1
train_007100,7.44155e-05,2,1
train_007101,0.066029824,4,1
train_007102,0.061755646,3,1
train_007103,0.0039335084,4,1
train_007104,0.035266012,2,1
train_007105,0.002138353,4,1
train_007106,0.0036336805,3,1
train_007107,0.0024570143,3,1
train_007108,0.037274953,4,1
train_007109,0.024906235,3,1
train_007110,0.004800969,2,1
train_007111,0.5,1,0
train_007112,0.001241287,3,1
train_007113,0.00034594836,3,1
train_007114,3.861712e-05,4,1
train_007115,0.0015968833,4,1
train_007116,0.005824526,4,1
train_007117,0.5,3,0
train_007118,0.0005655001,2,1
train_007119,0.00024790116,3,1
train_007120,0.0026557832,4,1
train_007121,0.00027111877,3,1
train_007122,0.0035534636,2,1
train_007123,0.4810012,4,1
train_007124,0.00031059547,3,1
train_007125,0.021664776,3,1
train_007126,0.5,4,0
train_007127,0.00021598459,2,1
train_007128,0.00021960873,2,1
train_007129,0.14889823,4,1
train_007130,0.019028371,4,1
train_007131,9.388086e-05,3,1
train_007132,0.0015550525,2,1
train_007133,0.25605798,2,1
train_007134,0.0028168191,4,1
train_007135,0.0060543753,3,1
train_007136,0.5,3,0
train_007137,0.00047425117,4,1
train_007138,0.0021471735,3,1
train_007139,0.0011379003,2,1
train_007140,0.5,2,0
train_007141,0.012205348,4,1
train_007142,0.00087077223,2,1
train_007143,0.00040285403,2,1
train_007144,0.0033935173,2,1
train_007145,0.0047390806,3,1
train_007146,0.0009488251,3,1
train_007147,0.090336755,2,1
train_007148,0.0065001654,2,1
train_007149,0.0025355744,4,1
train_007150,0.000253627,4,1
train_007151,0.0023394804,2,1
train_007152,0.27999124,4,1
train_007153,0.007501009,4,1
train_007154,0.0052261385,1,1
train_007155,0.00013668477,2,1
train_007156,0.006133758,4,1
train_007157,0.0127931535,4,1
train_007158,0.003667449,4,1
train_007159,0.048934564,3,1
train_007160,0.005543032,2,1
train_007161,0.00048075194,4,1
train_007162,0.0010280971,2,1
train_007163,0.0011869986,4,1
train_007164,0.0035240152,2,1
train_007165,0.00083097053,4,1
train_007166,0.0016048729,4,1
train_007167,0.0001380003,2,1
train_007168,0.0014244247,2,1
train_007169,0.5,2,0
train_007170,0.00062586524,2,1
train_007171,0.5,2,0
train_007172,0.030775396,4,1
train_007173,0.5,3,0
train_007174,0.013454708,3,1
train_007175,5.5700468e-05,2,1
train_007176,0.000430362,3,1
train_007177,2.079743e-05,2,1
train_007178,0.0027396085,3,1
train_007179,0.0012416525,3,1
train_007180,0.0016044283,4,1
train_007181,0.5,2,0
train_007182,0.0041173357,4,1
train_007183,1.7999335e-05,2,1
train_007184,0.00018467616,4,1
train_007185,0.005585709,2,1
train_007186,0.0025835081,2,1
train_007187,0.00012883396,3,1
train_007188,0.008862816,4,1
train_007189,0.002087753,4,1
train_007190,0.0043061743,4,1
train_007191,0.015458765,4,1
train_007192,0.009569751,4,1
train_007193,0.99003416,3,1
train_007194,0.5,4,0
train_007195,0.5,2,0
train_007196,0.5,4,0
train_007197,0.5,4,0
train_007198,0.00010964609,2,1
train_007199,0.0019346606,3,1
train_007200,0.001409815,3,1
train_007201,0.0010381145,3,1
train_007202,0.01724935,2,1
train_007203,0.0006743537,2,1
train_007204,0.011695741,2,1
train_007205,0.5,2,0
train_007206,0.0024402211,4,1
train_007207,0.0004747217,3,1
train_007208,0.6920876,3,1
train_007209,0.042401087,4,1
train_007210,0.015976626,4,1
train_007211,0.0008975669,3,1
train_007212,0.00018904154,2,1
train_007213,0.0019209648,4,1
train_007214,0.0017061292,4,1
train_007215,0.012609772,4,1
train_007216,0.0055913916,3,1
train_007217,4.8938866e-05,2,1
train_007218,0.00018666903,2,1
train_007219,0.0045755166,2,1
train_007220,0.0002388059,3,1
train_007221,0.008308239,4,1
train_007222,0.0027140349,2,1
train_007223,0.008642768,4,1
train_007224,0.101260595,4,1
train_007225,0.011953372,3,1
train_007226,0.5,3,0
train_007227,0.00040244896,4,1
train_007228,0.9775554,4,1
train_007229,0.023773847,3,1
train_007230,0.003988627,4,1
train_007231,0.5,2,0
train_007232,0.005962828,4,1
train_007233,0.5,2,0
train_007234,0.007027834,3,1
train_007235,0.0016916447,3,1
train_007236,0.012980971,2,1
train_007237,0.5,2,0
train_007238,0.00065388053,1,1
train_007239,0.0012264848,2,1
train_007240,6.9353446e-05,4,1
train_007241,0.00043896656,3,1
train_007242,0.00805608,4,1
train_007243,0.0017157256,3,1
train_007244,0.00023758269,3,1
train_007245,0.008824951,3,1
train_007246,0.77234554,4,1
train_007247,0.0034483538,3,1
train_007248,0.031824507,3,1
train_007249,0.00013857707,2,1
train_007250,0.0016921004,4,1
train_007251,0.0064903395,3,1
train_007252,0.0129208695,4,1
train_007253,0.002161944,3,1
train_007254,0.0012210539,2,1
train_007255,0.010055032,3,1
train_007256,0.041535534,4,1
train_007257,0.0006066298,3,1
train_007258,0.5,3,0
train_007259,0.0021245894,3,1
train_007260,0.00046455028,2,1
train_007261,0.005284524,2,1
train_007262,0.0028783737,3,1
train_007263,0.00077156554,3,1
train_007264,0.0021197877,2,1
train_007265,0.0027721152,4,1
train_007266,0.005415987,2,1
train_007267,0.0038531201,4,1
train_007268,0.00061883766,2,1
train_007269,0.0022142648,2,1
train_007270,0.0014478695,3,1
train_007271,0.0004151221,3,1
train_007272,0.0032440065,2,1
train_007273,0.00425858,3,1
train_007274,0.004006484,3,1
train_007275,0.5,4,0
train_007276,9.978094e-05,4,1
train_007277,0.00038394422,3,1
train_007278,0.0011217215,4,1
train_007279,0.000104179744,2,1
train_007280,0.021705115,4,1
train_007281,0.00025770365,1,1
train_007282,0.5,2,0
train_007283,0.0073683583,3,1
train_007284,0.0002355441,2,1
train_007285,0.00023018132,3,1
train_007286,0.0054562436,2,1
train_007287,0.0035287456,4,1
train_007288,0.00019337643,3,1
train_007289,0.000106366024,2,1
train_007290,0.0014618981,4,1
train_007291,0.0010903474,2,1
train_007292,0.000723447,3,1
train_007293,0.007453429,2,1
train_007294,0.0019393382,4,1
train_007295,0.0001372387,3,1
train_007296,0.0010217328,2,1
train_007297,0.0010315011,2,1
train_007298,0.0032362747,2,1
train_007299,0.004972695,2,1
train_007300,0.0020372483,2,1
train_007301,0.014515381,3,1
train_007302,0.0070917835,3,1
train_007303,0.005152291,4,1
train_007304,0.0013401352,4,1
train_007305,0.002848513,3,1
train_007306,0.080257304,3,1
train_007307,0.0055787163,4,1
train_007308,0.00074809865,2,1
train_007309,0.5,4,0
train_007310,0.0006771078,4,1
train_007311,0.0003061836,4,1
train_007312,0.00062102894,4,1
train_007313,0.004662548,3,1
train_007314,0.002913861,2,1
train_007315,0.00026149588,2,1
train_007316,0.008081138,2,1
train_007317,0.0065420633,2,1
train_007318,0.5,4,0
train_007319,0.007925896,3,1
train_007320,0.016675165,2,1
train_007321,0.0003009418,3,1
train_007322,0.0008495349,2,1
train_007323,0.5,2,0
train_007324,0.8910577,4,1
train_007325,0.5,2,0
train_007326,0.0004211056,4,1
train_007327,0.5,3,0
train_007328,0.002056446,2,1
train_007329,0.5,1,0
train_007330,0.00020288838,2,1
train_007331,0.0029501587,4,1
train_007332,0.0054715136,2,1
train_007333,0.0031234769,2,1
train_007334,0.5,2,0
train_007335,0.5,4,0
train_007336,0.0010053659,4,1
train_007337,0.5,2,0
train_007338,0.5,4,0
train_007339,0.046696078,4,1
train_007340,0.00021242177,4,1
train_007341,0.5,4,0
train_007342,0.0015874817,3,1
train_007343,0.092130564,4,1
train_007344,0.010502584,2,1
train_007345,0.0002614096,2,1
train_007346,0.0039092274,3,1
train_007347,0.0044758003,2,1
train_007348,0.055455167,4,1
train_007349,0.0005280662,4,1
train_007350,0.0013278996,3,1
train_007351,0.0013301477,4,1
train_007352,0.0013007433,4,1
train_007353,0.000110567766,4,1
train_007354,0.03798944,2,1
train_007355,0.014767688,2,1
train_007356,0.0004899468,2,1
train_007357,0.00029171884,2,1
train_007358,0.0016635051,3,1
train_007359,0.0010944697,2,1
train_007360,0.0012162769,2,1
train_007361,0.0030892615,2,1
train_007362,0.0013801437,2,1
train_007363,0.5,1,0
train_007364,0.0028006155,3,1
train_007365,0.00016004256,1,1
train_007366,0.029548723,3,1
train_007367,0.021785066,2,1
train_007368,0.005079991,3,1
train_007369,0.002825774,3,1
train_007370,0.003543424,4,1
train_007371,5.9043887e-05,4,1
train_007372,0.00035437013,4,1
train_007373,0.00047179015,3,1
train_007374,0.02524551,4,1
train_007375,0.0054064617,2,1
train_007376,0.008420069,3,1
train_007377,0.000119836244,4,1
train_007378,0.52576154,3,1
train_007379,0.005382064,4,1
train_007380,0.03637697,3,1
train_007381,0.0014344862,2,1
train_007382,0.5,2,0
train_007383,0.5,4,0
train_007384,0.9629185,2,1
train_007385,0.21991073,2,1
train_007386,0.00019099966,3,1
train_007387,0.009842642,4,1
train_007388,0.0013274729,3,1
train_007389,0.0018466358,2,1
train_007390,0.00022348086,2,1
train_007391,0.00037799327,4,1
train_007392,0.0006679894,2,1
train_007393,0.00046514897,3,1
train_007394,0.81793797,3,1
train_007395,0.0011184593,2,1
train_007396,0.0011593085,4,1
train_007397,4.7369973e-05,2,1
train_007398,0.0035869875,2,1
train_007399,0.0041683987,3,1
train_007400,0.001714705,2,1
train_007401,0.9930606,4,1
train_007402,0.00032794627,3,1
train_007403,0.5,2,0
train_007404,0.00060026644,2,1
train_007405,0.5,3,0
train_007406,0.014125676,4,1
train_007407,0.002244346,2,1
train_007408,0.011823217,3,1
train_007409,0.00097071106,3,1
train_007410,0.0004697399,4,1
train_007411,0.00012009213,4,1
train_007412,0.004637321,3,1
train_007413,0.00096039905,4,1
train_007414,0.0022013306,3,1
train_007415,0.010104156,3,1
train_007416,0.0031151597,3,1
train_007417,0.21227881,3,1
train_007418,0.5,2,0
train_007419,0.0038824847,3,1
train_007420,0.0040479223,3,1
train_007421,0.3320985,2,1
train_007422,0.0006218562,2,1
train_007423,0.00028751817,2,1
train_007424,0.030840028,3,1
train_007425,0.015469621,2,1
train_007426,0.0008452252,4,1
train_007427,0.00047375515,4,1
train_007428,0.00028748065,4,1
train_007429,0.00023876825,4,1
train_007430,0.002555276,3,1
train_007431,0.00028241318,3,1
train_007432,0.0047699898,2,1
train_007433,0.00017675065,4,1
train_007434,0.11922093,2,1
train_007435,0.7349772,2,1
train_007436,0.5,3,0
train_007437,0.026740754,2,1
train_007438,0.00028724072,3,1
train_007439,0.5,2,0
train_007440,0.5,2,0
train_007441,0.5,4,0
train_007442,0.027699215,3,1
train_007443,0.00096682383,3,1
train_007444,0.5,4,0
train_007445,0.5,2,0
train_007446,0.5,4,0
train_007447,0.00058533106,2,1
train_007448,0.00031177216,3,1
train_007449,0.0027948266,3,1
train_007450,0.0004844791,3,1
train_007451,0.0019187978,3,1
train_007452,0.0006304188,2,1
train_007453,0.0105559835,4,1
train_007454,0.0075103496,2,1
train_007455,0.003136653,2,1
train_007456,0.003394399,4,1
train_007457,0.00073346664,3,1
train_007458,0.0018186364,4,1
train_007459,0.02021929,3,1
train_007460,0.021989979,2,1
train_007461,8.7529035e-05,3,1
train_007462,0.047412608,3,1
train_007463,0.008216344,4,1
train_007464,0.85861284,4,1
train_007465,0.0034270503,2,1
train_007466,0.001208821,2,1
train_007467,0.0014835761,3,1
train_007468,0.033195637,2,1
train_007469,0.0014722595,3,1
train_007470,0.00026413263,4,1
train_007471,0.00037112515,4,1
train_007472,0.0005034143,4,1
train_007473,0.0008561691,2,1
train_007474,0.001796025,4,1
train_007475,0.1364324,3,1
train_007476,0.009948849,3,1
train_007477,0.0022856842,3,1
train_007478,0.00039386662,4,1
train_007479,0.0009575985,2,1
train_007480,0.5,4,0
train_007481,0.5,2,0
train_007482,0.027002878,2,1
train_007483,0.006021424,4,1
train_007484,0.00017475655,4,1
train_007485,0.011481409,4,1
train_007486,0.0529594,4,1
train_007487,0.0016043534,3,1
train_007488,0.0003198284,3,1
train_007489,0.020904211,2,1
train_007490,0.0021805074,3,1
train_007491,0.0033381917,3,1
train_007492,0.5,2,0
train_007493,0.00015359942,3,1
train_007494,6.3726504e-05,2,1
train_007495,0.00033128037,2,1
train_007496,0.015479458,4,1
train_007497,6.890745e-05,2,1
train_007498,0.001562645,3,1
train_007499,0.5,2,0
train_007500,0.007737381,3,1
train_007501,0.0016555632,3,1
train_007502,0.007644303,2,1
train_007503,0.5,3,0
train_007504,0.00016056186,2,1
train_007505,0.013698906,3,1
train_007506,0.00086772686,3,1
train_007507,0.0018091068,2,1
train_007508,0.0019820335,2,1
train_007509,0.0052676443,3,1
train_007510,0.5,1,0
train_007511,5.6034758e-05,2,1
train_007512,0.00056128646,2,1
train_007513,0.5,2,0
train_007514,0.0028504122,3,1
train_007515,0.0007448375,2,1
train_007516,0.0007802933,2,1
train_007517,5.351379e-05,2,1
train_007518,8.6841515e-05,3,1
train_007519,0.00028384183,2,1
train_007520,0.0013533551,3,1
train_007521,2.1792517e-05,2,1
train_007522,0.5,1,0
train_007523,0.00073434034,2,1
train_007524,0.5,3,0
train_007525,0.00065889,2,1
train_007526,0.0003125743,2,1
train_007527,0.0003150116,2,1
train_007528,0.0001816738,3,1
train_007529,0.01258984,2,1
train_007530,0.0010753805,2,1
train_007531,0.0002583475,2,1
train_007532,0.00011405627,2,1
train_007533,6.313001e-05,4,1
train_007534,0.0009889969,3,1
train_007535,0.5,2,0
train_007536,0.5,2,0
train_007537,0.9748541,3,1
train_007538,0.5,2,0
train_007539,0.01334039,2,1
train_007540,0.5,1,0
train_007541,0.00027500666,4,1
train_007542,0.0010100122,3,1
train_007543,0.00048117194,3,1
train_007544,0.014124848,2,1
train_007545,0.00094048615,2,1
train_007546,0.3830177,2,1
train_007547,0.0013286911,3,1
train_007548,0.0006637047,2,1
train_007549,0.00059429504,3,1
train_007550,0.00018228022,3,1
train_007551,0.041363165,4,1
train_007552,0.002565044,3,1
train_007553,0.006475146,3,1
train_007554,7.624099e-05,2,1
train_007555,0.0043686694,4,1
train_007556,0.0007609082,2,1
train_007557,0.0024658272,2,1
train_007558,0.001625081,2,1
train_007559,0.00019421164,2,1
train_007560,0.0002534047,2,1
train_007561,0.5,1,0
train_007562,0.5,2,0
train_007563,0.5,2,0
train_007564,0.0021724745,3,1
train_007565,0.5,4,0
train_007566,0.4936451,2,1
train_007567,0.00490485,2,1
train_007568,0.0049431347,2,1
train_007569,0.108684085,3,1
train_007570,0.5,3,0
train_007571,0.0161817,2,1
train_007572,0.0007087565,3,1
train_007573,0.0012226478,3,1
train_007574,0.00012948198,2,1
train_007575,0.081429236,3,1
train_007576,0.5,1,0
train_007577,0.5,2,0
train_007578,0.0003253937,3,1
train_007579,8.0603146e-05,3,1
train_007580,0.00084007793,2,1
train_007581,0.00051596604,3,1
train_007582,0.5,1,0
train_007583,0.00055030803,3,1
train_007584,0.5,1,0
train_007585,0.5,2,0
train_007586,0.029231427,4,1
train_007587,0.5,2,0
train_007588,0.0017314493,3,1
train_007589,0.008812994,3,1
train_007590,0.00020012478,2,1
train_007591,0.0005709614,2,1
train_007592,0.5,2,0
train_007593,0.5,2,0
train_007594,0.00041263673,2,1
train_007595,0.00014041437,2,1
train_007596,0.5,1,0
train_007597,0.008818912,2,1
train_007598,0.5,2,0
train_007599,0.0007088311,4,1
train_007600,0.00047377803,2,1
train_007601,0.5,1,0
train_007602,0.5,1,0
train_007603,6.1630635e-05,2,1
train_007604,6.503577e-05,3,1
train_007605,0.5,2,0
train_007606,0.5,2,0
train_007607,0.002610048,2,1
train_007608,0.0021741947,3,1
train_007609,0.008672149,1,1
train_007610,0.5,2,0
train_007611,0.5,1,0
train_007612,0.00010351021,2,1
train_007613,0.0010635883,3,1
train_007614,0.00045325534,3,1
train_007615,0.5,2,0
train_007616,0.003266617,3,1
train_007617,0.033817824,2,1
train_007618,0.0002796919,3,1
train_007619,0.0006685523,2,1
train_007620,0.0019421038,2,1
train_007621,0.5,1,0
train_007622,0.00048703505,2,1
train_007623,0.0012083526,3,1
train_007624,0.003124025,1,1
train_007625,0.017260212,3,1
train_007626,0.0021557806,4,1
train_007627,0.00060460495,2,1
train_007628,0.00068595767,2,1
train_007629,0.006614789,2,1
train_007630,0.00011925725,2,1
train_007631,0.0017868187,2,1
train_007632,0.00048792147,3,1
train_007633,0.00438337,2,1
train_007634,7.212008e-05,3,1
train_007635,0.0048632445,3,1
train_007636,0.0053230226,2,1
train_007637,0.5,2,0
train_007638,0.00066995603,3,1
train_007639,0.001615159,4,1
train_007640,5.1026185e-05,2,1
train_007641,0.011127118,2,1
train_007642,0.5,2,0
train_007643,0.008156187,2,1
train_007644,0.00017373275,2,1
train_007645,0.00029293197,1,1
train_007646,0.0030200377,3,1
train_007647,0.0016315114,3,1
train_007648,0.00826083,2,1
train_007649,0.5,2,0
train_007650,0.5,2,0
train_007651,0.00030786826,3,1
train_007652,0.06852664,3,1
train_007653,0.0011467866,3,1
train_007654,0.5,2,0
train_007655,0.5,1,0
train_007656,0.0007620872,3,1
train_007657,0.016578155,2,1
train_007658,0.5,1,0
train_007659,0.046746995,2,1
train_007660,0.011431337,4,1
train_007661,0.5,1,0
train_007662,0.009190005,2,1
train_007663,0.024837872,2,1
train_007664,0.0003988636,2,1
train_007665,0.0006115895,3,1
train_007666,0.0046212445,1,1
train_007667,0.002179577,2,1
train_007668,0.22450143,1,1
train_007669,0.0087114675,2,1
train_007670,0.00052471523,4,1
train_007671,0.0027784011,2,1
train_007672,0.003998875,2,1
train_007673,7.2543044e-05,2,1
train_007674,0.5,1,0
train_007675,1.9550842e-05,3,1
train_007676,0.5,2,0
train_007677,8.4255975e-05,3,1
train_007678,0.5,2,0
train_007679,3.812959e-05,1,1
train_007680,0.0066606803,3,1
train_007681,0.00016797574,3,1
train_007682,0.000116126,2,1
train_007683,0.5,2,0
train_007684,0.0035656225,3,1
train_007685,0.941417,4,1
train_007686,0.00017550364,2,1
train_007687,0.00017878499,4,1
train_007688,0.0028557086,3,1
train_007689,0.5,2,0
train_007690,0.64639235,2,1
train_007691,0.0019544093,3,1
train_007692,0.00021847659,2,1
train_007693,0.0010549822,2,1
train_007694,0.014667976,3,1
train_007695,0.14334142,2,1
train_007696,0.0018877946,3,1
train_007697,0.0047222544,4,1
train_007698,0.0017994595,3,1
train_007699,0.009011751,1,1
train_007700,0.0014606469,2,1
train_007701,5.783378e-05,2,1
train_007702,0.5,4,0
train_007703,0.5,2,0
train_007704,0.00018368442,3,1
train_007705,0.5,2,0
train_007706,0.040610533,2,1
train_007707,0.00030052417,3,1
train_007708,0.00025569924,3,1
train_007709,0.00017677796,1,1
train_007710,0.034947235,3,1
train_007711,0.0021989036,2,1
train_007712,9.5207986e-05,2,1
train_007713,0.5,1,0
train_007714,0.0049269125,2,1
train_007715,0.5,1,0
train_007716,0.10058687,2,1
train_007717,0.5,2,0
train_007718,0.5,1,0
train_007719,0.00033225594,2,1
train_007720,0.00048416812,2,1
train_007721,0.004830138,3,1
train_007722,0.00036907833,2,1
train_007723,0.5,2,0
train_007724,0.5,2,0
train_007725,0.00049985247,2,1
train_007726,0.0004030831,4,1
train_007727,0.5,4,0
train_007728,0.5,2,0
train_007729,0.009872429,2,1
train_007730,0.0005132686,2,1
train_007731,0.5,2,0
train_007732,0.0042517176,3,1
train_007733,0.0017264647,2,1
train_007734,0.002323256,2,1
train_007735,0.9518407,3,1
train_007736,0.018096436,2,1
train_007737,0.000673411,2,1
train_007738,0.13808398,4,1
train_007739,0.013081745,3,1
train_007740,0.5,2,0
train_007741,0.5,3,0
train_007742,0.5,2,0
train_007743,0.00021995552,2,1
train_007744,0.0007724596,2,1
train_007745,0.5,1,0
train_007746,0.0005723019,2,1
train_007747,0.5,2,0
train_007748,0.0014411781,2,1
train_007749,0.00051479175,2,1
train_007750,0.5,2,0
train_007751,0.11645808,2,1
train_007752,0.00020052397,4,1
train_007753,0.012301339,2,1
train_007754,0.0016050371,2,1
train_007755,0.5,2,0
train_007756,0.00027438573,2,1
train_007757,0.0068386127,2,1
train_007758,0.5,2,0
train_007759,0.001552672,3,1
train_007760,0.0021186662,2,1
train_007761,0.0009353395,2,1
train_007762,0.0018786568,2,1
train_007763,0.0065325806,3,1
train_007764,0.5,2,0
train_007765,0.0046768924,4,1
train_007766,0.0004738523,3,1
train_007767,0.0037242055,3,1
train_007768,0.5,3,0
train_007769,0.007121165,3,1
train_007770,5.8435773e-05,1,1
train_007771,0.001687298,2,1
train_007772,0.00013605996,2,1
train_007773,0.00031477015,2,1
train_007774,0.0006239629,2,1
train_007775,0.0003298905,1,1
train_007776,0.003582146,2,1
train_007777,0.00014455324,2,1
train_007778,0.5,2,0
train_007779,0.0046966667,2,1
train_007780,0.00025032545,2,1
train_007781,0.0020993673,2,1
train_007782,0.0004814983,2,1
train_007783,0.5,2,0
train_007784,0.41272986,1,1
train_007785,0.0005178937,3,1
train_007786,0.0011222275,4,1
train_007787,0.00025622954,3,1
train_007788,0.009154118,3,1
train_007789,0.012426177,2,1
train_007790,0.013667526,3,1
train_007791,0.0005956234,2,1
train_007792,8.322985e-05,2,1
train_007793,0.5,1,0
train_007794,0.00023755681,2,1
train_007795,0.5,2,0
train_007796,0.003498108,1,1
train_007797,0.0023559025,4,1
train_007798,0.00024186616,3,1
train_007799,0.0075675966,2,1
train_007800,0.5,2,0
train_007801,0.00082357676,3,1
train_007802,0.5,2,0
train_007803,0.0016295192,3,1
train_007804,0.5,1,0
train_007805,0.65845776,4,1
train_007806,0.00026169926,3,1
train_007807,0.5,1,0
train_007808,0.0015809786,2,1
train_007809,0.0008788995,2,1
train_007810,0.5,2,0
train_007811,0.5,2,0
train_007812,9.4581825e-05,2,1
train_007813,0.0011396509,4,1
train_007814,0.00096055586,2,1
train_007815,0.00023908561,4,1
train_007816,0.0020445315,3,1
train_007817,0.0031732332,2,1
train_007818,0.007391919,2,1
train_007819,0.0006280993,3,1
train_007820,0.0028651715,4,1
train_007821,0.0011110101,1,1
train_007822,0.9050137,2,1
train_007823,0.002817967,2,1
train_007824,0.0069228387,3,1
train_007825,0.00065602764,2,1
train_007826,0.5,2,0
train_007827,0.00045295845,2,1
train_007828,0.00032929954,2,1
train_007829,0.002634755,2,1
train_007830,0.5,2,0
train_007831,0.00036046514,2,1
train_007832,0.5,2,0
train_007833,0.00059567695,3,1
train_007834,0.011302192,3,1
train_007835,0.0003345273,2,1
train_007836,0.0007949652,2,1
train_007837,0.5,2,0
train_007838,0.0027364593,2,1
train_007839,0.5,2,0
train_007840,0.4749448,3,1
train_007841,0.00424936,3,1
train_007842,0.00013636162,2,1
train_007843,0.0013367204,2,1
train_007844,9.053532e-05,3,1
train_007845,0.5,3,0
train_007846,0.00041706723,2,1
train_007847,0.00030190175,2,1
train_007848,0.00016024629,2,1
train_007849,0.06439844,2,1
train_007850,0.5,3,0
train_007851,0.2800302,4,1
train_007852,7.680778e-05,2,1
train_007853,0.5,2,0
train_007854,0.00085077103,2,1
train_007855,0.68920124,3,1
train_007856,0.0011278163,3,1
train_007857,0.0004950258,2,1
train_007858,0.00019837476,2,1
train_007859,0.08481331,2,1
train_007860,6.265898e-05,3,1
train_007861,0.0042713056,2,1
train_007862,0.5,2,0
train_007863,0.5,1,0
train_007864,0.5,1,0
train_007865,0.0017973634,1,1
train_007866,0.0063725943,3,1
train_007867,0.0003435427,3,1
train_007868,0.0049001398,3,1
train_007869,0.5,2,0
train_007870,0.0698502,1,1
train_007871,0.00069039845,4,1
train_007872,0.00027131464,3,1
train_007873,0.00029617557,2,1
train_007874,0.0013703393,2,1
train_007875,0.030681862,3,1
train_007876,0.010649635,3,1
train_007877,0.00031948785,3,1
train_007878,0.5,2,0
train_007879,0.00071373355,2,1
train_007880,0.5979891,3,1
train_007881,0.0032849412,2,1
train_007882,0.00060903927,2,1
train_007883,0.0002516342,3,1
train_007884,0.00029776577,3,1
train_007885,0.0012955831,2,1
train_007886,8.5121865e-05,3,1
train_007887,0.5,3,0
train_007888,0.0005139909,2,1
train_007889,0.000115683804,4,1
train_007890,0.021215463,2,1
train_007891,0.0060258764,3,1
train_007892,0.00035001364,2,1
train_007893,7.777e-05,2,1
train_007894,0.5,2,0
train_007895,0.7202247,4,1
train_007896,0.0022073723,2,1
train_007897,9.629649e-05,2,1
train_007898,0.5,2,0
train_007899,0.0026785377,2,1
train_007900,5.054353e-05,2,1
train_007901,0.5,4,0
train_007902,0.006030158,2,1
train_007903,0.0011965333,2,1
train_007904,0.00018206438,4,1
train_007905,0.0003834459,2,1
train_007906,0.0066942265,2,1
train_007907,0.0011515969,3,1
train_007908,0.005449831,2,1
train_007909,0.9449495,2,1
train_007910,0.0006054997,2,1
train_007911,0.0002261132,2,1
train_007912,0.00418955,2,1
train_007913,0.5,2,0
train_007914,0.5,2,0
train_007915,5.480911e-05,2,1
train_007916,0.00012297602,2,1
train_007917,0.00041209994,2,1
train_007918,0.000720357,2,1
train_007919,0.008616956,3,1
train_007920,0.00028472944,2,1
train_007921,0.0013818793,2,1
train_007922,0.036829393,2,1
train_007923,0.0010303817,2,1
train_007924,0.00026722066,2,1
train_007925,0.020925453,3,1
train_007926,0.5,4,0
train_007927,0.00023865266,3,1
train_007928,0.00095270015,2,1
train_007929,0.0002885198,2,1
train_007930,0.00020968527,2,1
train_007931,0.0014443598,2,1
train_007932,0.7254261,2,1
train_007933,0.0011886664,2,1
train_007934,0.5,2,0
train_007935,0.00043044903,2,1
train_007936,0.0027370676,3,1
train_007937,0.00027782843,2,1
train_007938,0.0013095088,2,1
train_007939,0.5,4,0
train_007940,0.006701349,2,1
train_007941,0.005410639,2,1
train_007942,0.0034072252,2,1
train_007943,0.0026793443,1,1
train_007944,0.5,2,0
train_007945,0.05200969,3,1
train_007946,0.007829695,3,1
train_007947,0.5,1,0
train_007948,0.00078389613,3,1
train_007949,0.06636122,2,1
train_007950,0.010189238,3,1
train_007951,0.001989008,2,1
train_007952,0.5,2,0
train_007953,0.005219494,2,1
train_007954,0.027477225,2,1
train_007955,0.001630872,2,1
train_007956,0.5,2,0
train_007957,0.008221392,2,1
train_007958,0.0010574256,3,1
train_007959,0.5,1,0
train_007960,0.00033469702,2,1
train_007961,0.018061059,3,1
train_007962,0.00069872336,2,1
train_007963,0.0006554479,4,1
train_007964,0.0005985111,3,1
train_007965,0.00010024888,2,1
train_007966,0.5,2,0
train_007967,0.0060851835,3,1
train_007968,0.5,2,0
train_007969,0.0017114885,2,1
train_007970,0.007215863,3,1
train_007971,0.5,2,0
train_007972,0.30675662,2,1
train_007973,0.5,1,0
train_007974,0.0017003481,2,1
train_007975,0.006776982,2,1
train_007976,0.00045097925,2,1
train_007977,0.0029954994,3,1
train_007978,0.5,2,0
train_007979,0.06130093,3,1
train_007980,0.5,1,0
train_007981,0.0008330451,4,1
train_007982,0.5,2,0
train_007983,0.008479978,3,1
train_007984,0.0021531864,3,1
train_007985,0.5,3,0
train_007986,5.3606123e-05,2,1
train_007987,0.0040924638,2,1
train_007988,0.5,2,0
train_007989,0.00021734647,1,1
train_007990,0.00025341782,3,1
train_007991,0.5,2,0
train_007992,0.5,3,0
train_007993,0.0028270648,1,1
train_007994,0.0031906394,2,1
train_007995,0.016689325,2,1
train_007996,0.0108910315,2,1
train_007997,0.00011013534,2,1
train_007998,0.5,2,0
train_007999,0.01211984,2,1
train_008000,0.0003021712,4,1
train_008001,7.024313e-05,2,1
train_008002,0.5,2,0
train_008003,0.5,2,0
train_008004,0.00019524469,4,1
train_008005,0.00069858594,3,1
train_008006,0.5,4,0
train_008007,0.0011745119,2,1
train_008008,7.890321e-05,3,1
train_008009,3.358104e-05,3,1
train_008010,0.00082019443,2,1
train_008011,6.6581284e-05,2,1
train_008012,0.5,4,0
train_008013,0.5,2,0
train_008014,0.0016076742,4,1
train_008015,0.5,2,0
train_008016,0.13852634,4,1
train_008017,0.0005337173,3,1
train_008018,0.5,2,0
train_008019,0.0008527906,2,1
train_008020,0.0003746314,4,1
train_008021,0.5,3,0
train_008022,0.5,3,0
train_008023,0.0013055807,2,1
train_008024,0.0002013065,2,1
train_008025,0.003978077,3,1
train_008026,0.00021737519,2,1
train_008027,0.5,3,0
train_008028,0.5,2,0
train_008029,0.0058254856,2,1
train_008030,0.5,2,0
train_008031,0.00036686892,3,1
train_008032,0.00012586729,2,1
train_008033,0.5,2,0
train_008034,0.00035841682,2,1
train_008035,4.301551e-05,2,1
train_008036,0.5,2,0
train_008037,0.00027577553,3,1
train_008038,0.0046883016,2,1
train_008039,0.5,2,0
train_008040,0.5,3,0
train_008041,0.003213491,4,1
train_008042,0.9607127,2,1
train_008043,0.0030341637,4,1
train_008044,0.5,2,0
train_008045,0.019121995,3,1
train_008046,0.5,2,0
train_008047,0.0002823555,2,1
train_008048,0.9812191,4,1
train_008049,0.03230342,3,1
train_008050,0.003567058,2,1
train_008051,0.5,2,0
train_008052,0.5460234,4,1
train_008053,0.0071204863,1,1
train_008054,0.01987062,2,1
train_008055,0.007543475,4,1
train_008056,0.0026479468,3,1
train_008057,0.004847887,2,1
train_008058,0.001513478,3,1
train_008059,0.00031678056,4,1
train_008060,0.5,3,0
train_008061,0.5,2,0
train_008062,0.0007996917,3,1
train_008063,0.0018144344,4,1
train_008064,0.5,2,0
train_008065,0.0005393348,2,1
train_008066,0.004146501,3,1
train_008067,0.00055923156,2,1
train_008068,0.5,2,0
train_008069,0.0011913435,3,1
train_008070,0.5,2,0
train_008071,0.9861348,3,1
train_008072,0.5,1,0
train_008073,0.0016401422,2,1
train_008074,0.038929023,3,1
train_008075,0.5,2,0
train_008076,0.001844253,2,1
train_008077,0.5,2,0
train_008078,0.000102460515,3,1
train_008079,0.0023777063,3,1
train_008080,0.5,2,0
train_008081,0.00027191464,3,1
train_008082,0.0014810311,3,1
train_008083,0.00055422843,4,1
train_008084,0.8753842,4,1
train_008085,0.0026056704,2,1
train_008086,0.0017172175,2,1
train_008087,0.5,1,0
train_008088,0.10126079,4,1
train_008089,0.0015106954,3,1
train_008090,0.5,2,0
train_008091,0.0021307345,4,1
train_008092,0.16139136,3,1
train_008093,0.3513037,2,1
train_008094,0.5,1,0
train_008095,0.00013557683,2,1
train_008096,0.0003205037,3,1
train_008097,0.035399795,3,1
train_008098,0.5,2,0
train_008099,0.0010014889,3,1
train_008100,0.04062186,3,1
train_008101,0.5,3,0
train_008102,0.009544796,2,1
train_008103,0.06994712,4,1
train_008104,0.0005202783,2,1
train_008105,0.0059020035,3,1
train_008106,0.00017675775,2,1
train_008107,0.000189231,3,1
train_008108,0.5,3,0
train_008109,0.0032664957,2,1
train_008110,0.0011125074,2,1
train_008111,0.5,2,0
train_008112,0.5,2,0
train_008113,0.0005593747,4,1
train_008114,0.00027975117,2,1
train_008115,0.00025362676,4,1
train_008116,0.019401234,2,1
train_008117,0.0011475085,3,1
train_008118,0.68321884,3,1
train_008119,0.00017160847,2,1
train_008120,0.5,2,0
train_008121,8.646256e-05,4,1
train_008122,0.5,4,0
train_008123,0.0055588265,2,1
train_008124,0.00034205744,1,1
train_008125,0.5,2,0
train_008126,0.5,2,0
train_008127,0.9027091,4,1
train_008128,0.025269505,4,1
train_008129,0.17255439,2,1
train_008130,0.5,2,0
train_008131,0.0012439584,4,1
train_008132,0.000119641416,2,1
train_008133,0.0025280244,2,1
train_008134,0.00058244565,2,1
train_008135,0.5,1,0
train_008136,0.0016470649,2,1
train_008137,0.00012430166,2,1
train_008138,0.0007878505,4,1
train_008139,0.0030200302,3,1
train_008140,0.0029532744,2,1
train_008141,0.0007348092,2,1
train_008142,0.00019984596,3,1
train_008143,0.5,2,0
train_008144,0.0003665288,3,1
train_008145,0.00021413031,3,1
train_008146,0.7981839,4,1
train_008147,0.9874352,3,1
train_008148,0.00052548817,4,1
train_008149,0.00039408306,3,1
train_008150,0.5,4,0
train_008151,0.015208415,2,1
train_008152,0.0073342533,2,1
train_008153,9.410118e-05,1,1
train_008154,6.18711e-05,2,1
train_008155,0.0034078974,4,1
train_008156,0.5,1,0
train_008157,0.5,2,0
train_008158,0.5,2,0
train_008159,0.5,2,0
train_008160,0.09943852,3,1
train_008161,0.5,2,0
train_008162,0.5,3,0
train_008163,0.0037697724,4,1
train_008164,0.0011430912,4,1
train_008165,0.5,3,0
train_008166,0.5,2,0
train_008167,0.0024939314,3,1
train_008168,0.00048151723,2,1
train_008169,0.0031130598,4,1
train_008170,9.067268e-05,2,1
train_008171,0.000154984,3,1
train_008172,0.00041019957,4,1
train_008173,0.00044475138,2,1
train_008174,0.002995498,3,1
train_008175,0.5,2,0
train_008176,0.5,4,0
train_008177,0.057874512,2,1
train_008178,0.5,2,0
train_008179,0.0030302976,3,1
train_008180,0.000433976,2,1
train_008181,0.0002874815,4,1
train_008182,0.0015184176,3,1
train_008183,0.0008774226,2,1
train_008184,0.5,2,0
train_008185,0.0012166043,2,1
train_008186,0.00020729235,2,1
train_008187,0.89854014,4,1
train_008188,0.003089257,2,1
train_008189,0.0013476408,3,1
train_008190,0.006660318,2,1
train_008191,0.0046290266,4,1
train_008192,0.0009549624,2,1
train_008193,0.00011092993,2,1
train_008194,0.5,1,0
train_008195,0.0014386299,3,1
train_008196,0.5,2,0
train_008197,0.00018154735,3,1
train_008198,0.0056782546,3,1
train_008199,0.5,2,0
train_008200,0.0041124416,2,1
train_008201,7.050252e-05,1,1
train_008202,0.5,1,0
train_008203,0.0003178707,3,1
train_008204,0.5,4,0
train_008205,0.0005989711,4,1
train_008206,0.0008399936,3,1
train_008207,0.0069484636,2,1
train_008208,0.01906063,2,1
train_008209,0.0007244305,4,1
train_008210,0.0030123352,4,1
train_008211,0.06832717,2,1
train_008212,0.5,2,0
train_008213,0.0044317367,2,1
train_008214,0.0004950167,2,1
train_008215,0.0012155285,2,1
train_008216,0.3209871,2,1
train_008217,0.5,2,0
train_008218,0.007631454,3,1
train_008219,0.5,2,0
train_008220,0.00018805754,4,1
train_008221,0.0014684667,2,1
train_008222,0.0027116367,2,1
train_008223,0.004384966,3,1
train_008224,0.00829591,4,1
train_008225,0.5,2,0
train_008226,0.5,2,0
train_008227,0.00023074885,4,1
train_008228,0.5,2,0
train_008229,0.5,1,0
train_008230,0.5,2,0
train_008231,0.95874333,2,1
train_008232,0.0002069707,3,1
train_008233,0.5,2,0
train_008234,0.00037978424,3,1
train_008235,0.0017121533,4,1
train_008236,0.058669947,2,1
train_008237,0.00022839154,4,1
train_008238,0.007977022,2,1
train_008239,0.021439865,4,1
train_008240,6.848806e-05,3,1
train_008241,0.07873055,4,1
train_008242,0.0001679439,1,1
train_008243,0.0028005962,3,1
train_008244,0.0011979719,2,1
train_008245,0.28855348,4,1
train_008246,0.0059109568,2,1
train_008247,0.0018102187,2,1
train_008248,0.5,2,0
train_008249,0.5,2,0
train_008250,0.5,2,0
train_008251,0.021782635,3,1
train_008252,0.00056379824,3,1
train_008253,0.0011603871,4,1
train_008254,0.043118797,1,1
train_008255,4.5757795e-05,2,1
train_008256,0.00063547434,3,1
train_008257,0.0014331335,3,1
train_008258,0.5,2,0
train_008259,0.0037932487,2,1
train_008260,0.5,3,0
train_008261,0.0017886208,2,1
train_008262,0.9953252,4,1
train_008263,0.0059020007,3,1
train_008264,0.5,2,0
train_008265,0.5,2,0
train_008266,0.054441817,2,1
train_008267,0.0002281918,2,1
train_008268,0.0006981543,3,1
train_008269,4.3231154e-05,1,1
train_008270,0.00058178406,4,1
train_008271,8.1179576e-05,3,1
train_008272,0.5,2,0
train_008273,0.014053009,4,1
train_008274,0.00014951,2,1
train_008275,0.04061064,2,1
train_008276,0.0007973212,2,1
train_008277,0.00021351269,2,1
train_008278,0.8365022,4,1
train_008279,0.0022793403,4,1
train_008280,3.7529455e-05,2,1
train_008281,0.5,3,0
train_008282,0.00014754423,4,1
train_008283,0.013692804,2,1
train_008284,0.0008221456,3,1
train_008285,0.0006743537,2,1
train_008286,0.00086983806,2,1
train_008287,0.000221811,2,1
train_008288,0.007393715,2,1
train_008289,0.5,1,0
train_008290,0.00015499497,2,1
train_008291,0.00014673384,3,1
train_008292,0.5,2,0
train_008293,0.0067823054,2,1
train_008294,0.0021630903,2,1
train_008295,0.5,3,0
train_008296,8.011711e-05,2,1
train_008297,0.037001796,2,1
train_008298,0.00058221776,2,1
train_008299,0.0047487756,3,1
train_008300,0.5,2,0
train_008301,0.7591818,2,1
train_008302,0.7566615,4,1
train_008303,0.00030108236,3,1
train_008304,0.00032539526,2,1
train_008305,0.00021829475,3,1
train_008306,0.008448262,4,1
train_008307,0.00036070775,3,1
train_008308,0.0061546434,4,1
train_008309,0.0005179593,2,1
train_008310,0.001765708,2,1
train_008311,0.109642275,2,1
train_008312,0.0003500133,2,1
train_008313,0.5,1,0
train_008314,0.008837711,2,1
train_008315,0.004466073,3,1
train_008316,0.00021250577,2,1
train_008317,0.024169344,3,1
train_008318,0.0018189894,4,1
train_008319,0.5,2,0
train_008320,0.0023698735,3,1
train_008321,0.07909721,4,1
train_008322,0.007155768,3,1
train_008323,0.00201467,3,1
train_008324,0.00032315598,2,1
train_008325,0.018318724,4,1
train_008326,0.5,2,0
train_008327,0.00034638826,2,1
train_008328,8.274798e-05,3,1
train_008329,0.003170366,1,1
train_008330,0.5,2,0
train_008331,0.8669733,2,1
train_008332,0.11649293,2,1
train_008333,2.3023265e-05,3,1
train_008334,0.5,4,0
train_008335,0.011591661,3,1
train_008336,0.0014958635,1,1
train_008337,0.00012558191,2,1
train_008338,0.5,4,0
train_008339,0.0053137275,2,1
train_008340,0.0018213403,4,1
train_008341,0.5,2,0
train_008342,9.637748e-05,4,1
train_008343,0.00017715582,2,1
train_008344,0.0044504683,3,1
train_008345,0.0082334,3,1
train_008346,0.0013622829,3,1
train_008347,0.0013117011,4,1
train_008348,0.0076117306,4,1
train_008349,0.0019544146,3,1
train_008350,0.025111865,3,1
train_008351,0.0033947662,2,1
train_008352,0.00014422931,2,1
train_008353,0.5,2,0
train_008354,0.5,2,0
train_008355,6.720873e-05,3,1
train_008356,0.5,1,0
train_008357,5.7145357e-05,2,1
train_008358,0.5,3,0
train_008359,0.5,2,0
train_008360,0.003517302,2,1
train_008361,7.8704885e-05,4,1
train_008362,0.00045995048,2,1
train_008363,0.0006398642,3,1
train_008364,0.0010235313,2,1
train_008365,0.5578032,2,1
train_008366,0.15275855,2,1
train_008367,0.00062604883,3,1
train_008368,0.0043980605,3,1
train_008369,0.32207897,3,1
train_008370,0.0004739171,3,1
train_008371,0.86814374,3,1
train_008372,0.0009983251,2,1
train_008373,0.00058431434,3,1
train_008374,0.00312447,3,1
train_008375,0.5,1,0
train_008376,3.5382516e-05,2,1
train_008377,0.0077322437,2,1
train_008378,0.0012056304,2,1
train_008379,0.5,2,0
train_008380,0.030689925,4,1
train_008381,0.000530079,4,1
train_008382,0.00024987187,3,1
train_008383,0.00014734882,2,1
train_008384,0.00075138273,2,1
train_008385,0.000605737,2,1
train_008386,0.5,2,0
train_008387,0.5,2,0
train_008388,0.0004421532,2,1
train_008389,0.00023758269,3,1
train_008390,0.0034628008,4,1
train_008391,0.5,1,0
train_008392,0.00022367809,3,1
train_008393,0.00020162431,2,1
train_008394,0.0010505662,2,1
train_008395,0.94242746,3,1
train_008396,0.0075028166,3,1
train_008397,6.7516434e-05,2,1
train_008398,0.009166263,3,1
train_008399,9.0174115e-05,4,1
train_008400,0.00037393437,4,1
train_008401,0.016760288,3,1
train_008402,0.5,4,0
train_008403,0.0014218945,2,1
train_008404,0.00060301286,3,1
train_008405,0.5,1,0
train_008406,0.00066110055,2,1
train_008407,0.0019714236,3,1
train_008408,0.0001911842,2,1
train_008409,0.00023460161,3,1
train_008410,0.9822934,1,1
train_008411,0.0048316866,1,1
train_008412,0.022909315,4,1
train_008413,0.009684731,2,1
train_008414,0.07014829,2,1
train_008415,0.07207601,2,1
train_008416,0.0034718139,3,1
train_008417,8.291943e-05,3,1
train_008418,0.255558,3,1
train_008419,0.014304206,2,1
train_008420,0.00031445306,3,1
train_008421,0.5,4,0
train_008422,0.5,2,0
train_008423,0.0013703413,2,1
train_008424,0.003357755,2,1
train_008425,0.5,2,0
train_008426,0.5,3,0
train_008427,0.5,1,0
train_008428,0.5,1,0
train_008429,0.0021406403,4,1
train_008430,0.5,2,0
train_008431,0.0030731494,3,1
train_008432,0.00055223174,3,1
train_008433,0.0020472037,2,1
train_008434,9.635249e-05,2,1
train_008435,0.0071496773,2,1
train_008436,0.001639404,2,1
train_008437,8.99957e-05,3,1
train_008438,5.2632466e-05,1,1
train_008439,0.04899308,4,1
train_008440,6.105067e-05,2,1
train_008441,0.0039821197,4,1
train_008442,0.5,2,0
train_008443,0.043110896,3,1
train_008444,6.759144e-05,3,1
train_008445,0.008610825,3,1
train_008446,0.00038357798,3,1
train_008447,0.5,4,0
train_008448,0.0026223548,2,1
train_008449,0.0008025425,4,1
train_008450,0.5,2,0
train_008451,0.0001091376,2,1
train_008452,0.0118199745,2,1
train_008453,0.5,2,0
train_008454,0.00035771122,3,1
train_008455,0.0022604158,3,1
train_008456,0.5,2,0
train_008457,0.5,2,0
train_008458,0.00025562488,3,1
train_008459,0.00036302293,3,1
train_008460,0.01056713,3,1
train_008461,0.5,2,0
train_008462,0.0027106083,3,1
train_008463,0.5,2,0
train_008464,0.0028329652,4,1
train_008465,0.5,2,0
train_008466,0.00031729692,2,1
train_008467,0.014422494,2,1
train_008468,0.00020129865,2,1
train_008469,0.00028384183,2,1
train_008470,0.5,2,0
train_008471,0.00026289446,3,1
train_008472,0.5,2,0
train_008473,4.736966e-05,2,1
train_008474,0.00067683245,2,1
train_008475,0.0005882089,2,1
train_008476,0.00030448296,2,1
train_008477,0.5,2,0
train_008478,0.5,2,0
train_008479,0.5,2,0
train_008480,0.0002823485,3,1
train_008481,0.93955433,2,1
train_008482,0.5,2,0
train_008483,0.007180666,1,1
train_008484,0.0026679293,2,1
train_008485,0.0012527263,3,1
train_008486,0.0024377021,3,1
train_008487,0.0017556389,2,1
train_008488,0.28022456,3,1
train_008489,0.00023923216,3,1
train_008490,0.011104788,2,1
train_008491,0.0729009,3,1
train_008492,8.695153e-05,4,1
train_008493,0.005625908,4,1
train_008494,0.00033518826,3,1
train_008495,0.00023320055,2,1
train_008496,0.5,4,0
train_008497,0.0029761158,2,1
train_008498,0.0002652651,1,1
train_008499,0.0001891304,2,1
train_008500,0.9471099,3,1
train_008501,0.048124656,3,1
train_008502,0.5,2,0
train_008503,0.5,3,0
train_008504,0.010532535,1,1
train_008505,0.0063195634,3,1
train_008506,0.015002678,1,1
train_008507,0.022336582,3,1
train_008508,0.5,3,0
train_008509,0.0016578287,3,1
train_008510,0.5,4,0
train_008511,0.030007703,2,1
train_008512,0.5,4,0
train_008513,0.014621186,3,1
train_008514,0.5,4,0
train_008515,0.5,3,0
train_008516,0.5,4,0
train_008517,0.5,4,0
train_008518,0.5,3,0
train_008519,0.5,4,0
train_008520,0.0066135232,4,1
train_008521,0.5,4,0
train_008522,0.5,4,0
train_008523,0.00010421017,3,1
train_008524,0.5,3,0
train_008525,0.5,3,0
train_008526,0.012520795,1,1
train_008527,0.5,2,0
train_008528,0.5,2,0
train_008529,0.5,2,0
train_008530,0.5,3,0
train_008531,0.5,2,0
train_008532,0.012334479,4,1
train_008533,0.5,1,0
train_008534,0.5,4,0
train_008535,0.0017719372,1,1
train_008536,0.5,3,0
train_008537,0.12464824,4,1
train_008538,0.5,3,0
train_008539,0.99347866,1,1
train_008540,0.0269501,3,1
train_008541,0.5,2,0
train_008542,0.98986316,4,1
train_008543,0.5,3,0
train_008544,0.5,2,0
train_008545,0.5,3,0
train_008546,0.5,3,0
train_008547,0.5,4,0
train_008548,0.5,3,0
train_008549,0.5,3,0
train_008550,0.00056334585,4,1
train_008551,0.5,2,0
train_008552,0.002222144,3,1
train_008553,0.0003678124,3,1
train_008554,0.5,2,0
train_008555,0.5,4,0
train_008556,0.00012425061,4,1
train_008557,0.5,3,0
train_008558,0.5,4,0
train_008559,0.5,2,0
train_008560,0.9831549,3,1
train_008561,0.5,2,0
train_008562,0.9934644,4,1
train_008563,0.24628547,3,1
train_008564,0.00086255715,1,1
train_008565,0.20985338,3,1
train_008566,0.00014345252,3,1
train_008567,0.0010970643,3,1
train_008568,0.5,3,0
train_008569,0.028284004,4,1
train_008570,0.5,4,0
train_008571,0.5,2,0
train_008572,0.5,3,0
train_008573,0.5,3,0
train_008574,0.5,4,0
train_008575,0.5,2,0
train_008576,0.110925205,3,1
train_008577,0.00070281624,1,1
train_008578,4.698531e-05,1,1
train_008579,0.0012913897,4,1
train_008580,0.015412667,3,1
train_008581,0.98078406,4,1
train_008582,0.5,2,0
train_008583,0.5,4,0
train_008584,0.5,3,0
train_008585,0.009035587,4,1
train_008586,0.5,3,0
train_008587,0.5,3,0
train_008588,0.5,3,0
train_008589,0.108215846,3,1
train_008590,0.5,3,0
train_008591,0.5,4,0
train_008592,0.5,4,0
train_008593,0.5,3,0
train_008594,0.007087229,3,1
train_008595,0.5,4,0
train_008596,0.0009270613,4,1
train_008597,0.5,3,0
train_008598,0.5,3,0
train_008599,0.5,2,0
train_008600,0.5,2,0
train_008601,0.17592569,4,1
train_008602,0.5,2,0
train_008603,0.012875567,4,1
train_008604,0.5,3,0
train_008605,0.5,4,0
train_008606,0.5,2,0
train_008607,0.000305934,4,1
train_008608,0.5,4,0
train_008609,0.5,3,0
train_008610,0.5,3,0
train_008611,0.013446975,2,1
train_008612,0.5,4,0
train_008613,0.5,2,0
train_008614,0.5,4,0
train_008615,0.5,3,0
train_008616,0.5,4,0
train_008617,0.011386014,3,1
train_008618,0.5,3,0
train_008619,0.5,3,0
train_008620,0.5,1,0
train_008621,0.01821413,4,1
train_008622,0.5,1,0
train_008623,0.5,3,0
train_008624,0.017834462,3,1
train_008625,0.5,3,0
train_008626,0.00081843947,3,1
train_008627,0.5,3,0
train_008628,0.0042772014,3,1
train_008629,0.034737118,4,1
train_008630,0.013170091,4,1
train_008631,0.00254349,4,1
train_008632,0.5,3,0
train_008633,0.5,3,0
train_008634,0.5,3,0
train_008635,0.0017997952,4,1
train_008636,0.5,2,0
train_008637,0.5,1,0
train_008638,0.5,3,0
train_008639,0.5,2,0
train_008640,0.5,2,0
train_008641,0.5,3,0
train_008642,0.5,3,0
train_008643,0.004183565,3,1
train_008644,0.5,3,0
train_008645,0.5,3,0
train_008646,0.01166747,1,1
train_008647,0.5,3,0
train_008648,0.004855539,1,1
train_008649,0.5,4,0
train_008650,0.5,3,0
train_008651,0.5,4,0
train_008652,0.5,4,0
train_008653,0.5,4,0
train_008654,0.5,2,0
train_008655,0.5,4,0
train_008656,0.5,2,0
train_008657,0.00025968876,1,1
train_008658,0.000366103,4,1
train_008659,0.0012769817,3,1
train_008660,0.5,2,0
train_008661,0.5615835,4,1
train_008662,0.5,4,0
train_008663,0.5,3,0
train_008664,0.5,1,0
train_008665,0.5,3,0
train_008666,0.5,4,0
train_008667,0.011730086,4,1
train_008668,0.5,3,0
train_008669,0.5,4,0
train_008670,0.055514555,4,1
train_008671,0.5,2,0
train_008672,0.5,3,0
train_008673,0.5,4,0
train_008674,0.5,2,0
train_008675,0.0018157712,4,1
train_008676,0.9373005,4,1
train_008677,0.0006612799,1,1
train_008678,0.007925573,1,1
train_008679,0.5,3,0
train_008680,0.0013363803,4,1
train_008681,0.5,3,0
train_008682,0.5,3,0
train_008683,0.5,3,0
train_008684,0.5,4,0
train_008685,0.5,3,0
train_008686,0.0089417845,4,1
train_008687,0.00092606776,3,1
train_008688,0.5,3,0
train_008689,0.5,2,0
train_008690,0.5,3,0
train_008691,0.010863583,3,1
train_008692,0.5,2,0
train_008693,0.5,3,0
train_008694,0.0005405877,3,1
train_008695,0.002498536,3,1
train_008696,0.99265665,4,1
train_008697,0.00020954516,3,1
train_008698,0.5,3,0
train_008699,0.5,1,0
train_008700,0.5,4,0
train_008701,0.5,4,0
train_008702,0.5,2,0
train_008703,0.9702563,3,1
train_008704,0.5,4,0
train_008705,0.5,3,0
train_008706,0.009170357,3,1
train_008707,0.5,3,0
train_008708,0.00013771215,4,1
train_008709,0.0239838,4,1
train_008710,0.5,3,0
train_008711,0.5,3,0
train_008712,0.0019423804,1,1
train_008713,0.011673384,4,1
train_008714,0.5,2,0
train_008715,0.0068931663,3,1
train_008716,0.0021244704,1,1
train_008717,0.5,3,0
train_008718,0.5,2,0
train_008719,0.5,2,0
train_008720,0.0016701956,3,1
train_008721,0.5,4,0
train_008722,0.5,3,0
train_008723,0.00023705055,1,1
train_008724,0.5,4,0
train_008725,0.5,4,0
train_008726,0.09772255,4,1
train_008727,0.5,3,0
train_008728,0.0034184277,1,1
train_008729,0.002596961,4,1
train_008730,0.00014890169,2,1
train_008731,0.5,2,0
train_008732,0.5,3,0
train_008733,0.5,3,0
train_008734,0.5,4,0
train_008735,0.5,3,0
train_008736,0.018629963,3,1
train_008737,0.5,4,0
train_008738,0.5,3,0
train_008739,0.01170313,4,1
train_008740,0.00042157486,4,1
train_008741,0.5,4,0
train_008742,0.5,3,0
train_008743,0.5,4,0
train_008744,0.5,4,0
train_008745,0.010166761,3,1
train_008746,0.5,2,0
train_008747,0.96022034,3,1
train_008748,0.5,4,0
train_008749,0.5,4,0
train_008750,0.5,3,0
train_008751,0.98463714,4,1
train_008752,0.5,3,0
train_008753,0.118459776,3,1
train_008754,0.5,1,0
train_008755,0.012325392,3,1
train_008756,0.5,4,0
train_008757,0.03729922,4,1
train_008758,0.5,3,0
train_008759,0.9925607,3,1
train_008760,0.006504602,3,1
train_008761,0.91845435,4,1
train_008762,0.5,3,0
train_008763,0.5,4,0
train_008764,0.5,4,0
train_008765,0.5,4,0
train_008766,0.5,4,0
train_008767,0.5,4,0
train_008768,0.5,4,0
train_008769,0.5,3,0
train_008770,0.013616,4,1
train_008771,0.5,2,0
train_008772,0.5,4,0
train_008773,0.9894071,4,1
train_008774,0.038934015,4,1
train_008775,0.5,3,0
train_008776,0.00045149509,3,1
train_008777,0.0038590946,4,1
train_008778,0.5,4,0
train_008779,0.5,3,0
train_008780,0.5,3,0
train_008781,0.02172823,4,1
train_008782,0.7623201,4,1
train_008783,0.5,3,0
train_008784,0.5,3,0
train_008785,0.5,4,0
train_008786,0.5,2,0
train_008787,0.0065061017,4,1
train_008788,0.5,2,0
train_008789,0.5,4,0
train_008790,0.5,3,0
train_008791,0.5,3,0
train_008792,0.011384551,4,1
train_008793,0.5,3,0
train_008794,0.5,3,0
train_008795,0.5,4,0
train_008796,0.0036213798,1,1
train_008797,0.5,4,0
train_008798,0.5,2,0
train_008799,0.5,4,0
train_008800,0.5,3,0
train_008801,0.5,3,0
train_008802,0.5,3,0
train_008803,0.0048995786,3,1
train_008804,0.5,1,0
train_008805,0.5,3,0
train_008806,0.5,2,0
train_008807,0.08603864,4,1
train_008808,0.0520921,3,1
train_008809,0.5,4,0
train_008810,0.5,3,0
train_008811,0.70698947,4,1
train_008812,0.5,3,0
train_008813,0.5,4,0
train_008814,0.0039009734,4,1
train_008815,0.5,2,0
train_008816,0.0045047966,1,1
train_008817,0.5,4,0
train_008818,0.04379842,3,1
train_008819,0.5,2,0
train_008820,0.5,4,0
train_008821,0.5,3,0
train_008822,0.5,3,0
train_008823,0.97435045,3,1
train_008824,0.0008340551,3,1
train_008825,0.055185303,4,1
train_008826,0.5,2,0
train_008827,0.5,4,0
train_008828,0.5,4,0
train_008829,0.5,3,0
train_008830,0.5,3,0
train_008831,0.96989876,4,1
train_008832,0.5,4,0
train_008833,0.5,4,0
train_008834,0.00021281214,3,1
train_008835,0.5,3,0
train_008836,0.96790373,3,1
train_008837,0.5,2,0
train_008838,0.5,4,0
train_008839,0.03313451,4,1
train_008840,0.5,2,0
train_008841,0.5,3,0
train_008842,0.0019279751,3,1
train_008843,0.5,4,0
train_008844,0.5,3,0
train_008845,0.5,3,0
train_008846,0.5,2,0
train_008847,0.5,4,0
train_008848,0.5,3,0
train_008849,0.5,3,0
train_008850,0.012571649,4,1
train_008851,0.5,2,0
train_008852,0.5,3,0
train_008853,0.5,2,0
train_008854,0.5,4,0
train_008855,0.5,2,0
train_008856,0.5,2,0
train_008857,0.9695756,3,1
train_008858,0.07220643,4,1
train_008859,0.013889732,4,1
train_008860,0.01881969,4,1
train_008861,0.5,3,0
train_008862,0.5,4,0
train_008863,0.5,4,0
train_008864,0.022783682,3,1
train_008865,0.5,3,0
train_008866,0.5,3,0
train_008867,0.0002744114,4,1
train_008868,0.5,3,0
train_008869,0.5,3,0
train_008870,0.5,4,0
train_008871,0.006377194,3,1
train_008872,0.5,3,0
train_008873,0.0037191105,3,1
train_008874,0.00091717025,1,1
train_008875,0.5,2,0
train_008876,0.010358474,4,1
train_008877,0.5,2,0
train_008878,0.0015251838,3,1
train_008879,0.03350129,3,1
train_008880,0.5,3,0
train_008881,0.5,2,0
train_008882,0.5,1,0
train_008883,0.012385324,4,1
train_008884,0.5,2,0
train_008885,0.5,4,0
train_008886,0.5,3,0
train_008887,0.00011242879,1,1
train_008888,0.5,3,0
train_008889,0.5,4,0
train_008890,0.5,2,0
train_008891,0.0029847382,3,1
train_008892,0.5,2,0
train_008893,0.5,4,0
train_008894,0.5,2,0
train_008895,0.5,4,0
train_008896,0.14906058,4,1
train_008897,0.5,3,0
train_008898,0.5,3,0
train_008899,0.5,2,0
train_008900,0.5,4,0
train_008901,0.0006372882,4,1
train_008902,0.5,2,0
train_008903,0.006619339,3,1
train_008904,0.0023681475,4,1
train_008905,0.5,3,0
train_008906,0.5,4,0
train_008907,0.5,4,0
train_008908,0.0077717477,3,1
train_008909,0.5,4,0
train_008910,0.00090503815,1,1
train_008911,0.5,3,0
train_008912,0.5,4,0
train_008913,0.5,2,0
train_008914,0.5,2,0
train_008915,0.5,4,0
train_008916,0.5,4,0
train_008917,0.0006445107,4,1
train_008918,0.5,3,0
train_008919,0.5,2,0
train_008920,0.5,3,0
train_008921,0.5,1,0
train_008922,0.5,3,0
train_008923,0.5,4,0
train_008924,0.5,3,0
train_008925,0.5,4,0
train_008926,0.5,4,0
train_008927,0.024552606,4,1
train_008928,0.5,3,0
train_008929,0.5,3,0
train_008930,0.5,3,0
train_008931,0.5,2,0
train_008932,0.5,3,0
train_008933,0.5,4,0
train_008934,0.5,2,0
train_008935,0.5,1,0
train_008936,0.5,4,0
train_008937,0.0037089745,4,1
train_008938,0.5,2,0
train_008939,0.5,2,0
train_008940,0.5,3,0
train_008941,0.5,4,0
train_008942,0.5,2,0
train_008943,0.5,3,0
train_008944,0.0021216804,4,1
train_008945,0.5,4,0
train_008946,0.040983323,4,1
train_008947,0.00018107478,3,1
train_008948,0.5,4,0
train_008949,0.5,3,0
train_008950,0.082876004,3,1
train_008951,0.5,4,0
train_008952,0.0001493942,3,1
train_008953,0.5,3,0
train_008954,0.5,2,0
train_008955,0.5,4,0
train_008956,0.5,4,0
train_008957,0.5,3,0
train_008958,0.013288093,4,1
train_008959,0.5,3,0
train_008960,0.5,2,0
train_008961,0.5,3,0
train_008962,0.003115972,3,1
train_008963,0.5,2,0
train_008964,0.5,2,0
train_008965,0.5,2,0
train_008966,0.5,2,0
train_008967,4.910046e-05,3,1
train_008968,0.08960674,4,1
train_008969,0.00033196431,1,1
train_008970,0.5,3,0
train_008971,0.5,3,0
train_008972,0.0011600979,4,1
train_008973,0.5,4,0
train_008974,0.5,3,0
train_008975,0.0005627296,4,1
train_008976,0.5,3,0
train_008977,0.5,4,0
train_008978,0.5,4,0
train_008979,0.5,2,0
train_008980,0.5,3,0
train_008981,0.5,4,0
train_008982,0.5,2,0
train_008983,7.381495e-06,3,1
train_008984,0.5,4,0
train_008985,0.5,3,0
train_008986,0.0017049656,4,1
train_008987,0.5,4,0
train_008988,0.00019870704,3,1
train_008989,0.5,4,0
train_008990,0.5,4,0
train_008991,0.0031161562,1,1
train_008992,0.5,3,0
train_008993,0.5,2,0
train_008994,0.043841936,4,1
train_008995,0.5,4,0
train_008996,0.006463461,1,1
train_008997,0.5,2,0
train_008998,0.5,4,0
train_008999,0.5,2,0
train_009000,0.0011870358,1,1
train_009001,0.0005773344,4,1
train_009002,0.5,4,0
train_009003,0.5,2,0
train_009004,0.5,2,0
train_009005,0.5,4,0
train_009006,0.5,3,0
train_009007,0.5,4,0
train_009008,0.5,3,0
train_009009,0.5,3,0
train_009010,0.084591955,4,1
train_009011,0.0045899986,4,1
train_009012,0.0010477722,2,1
train_009013,0.5,3,0
train_009014,0.5,3,0
train_009015,0.002197191,3,1
train_009016,0.0007401269,4,1
train_009017,0.5,3,0
train_009018,0.5,2,0
train_009019,0.01808718,3,1
train_009020,0.5,4,0
train_009021,0.5,3,0
train_009022,0.5,3,0
train_009023,0.00052139454,1,1
train_009024,0.0018441145,3,1
train_009025,0.01474954,3,1
train_009026,0.05862339,4,1
train_009027,0.004472343,1,1
train_009028,0.5,3,0
train_009029,0.5,3,0
train_009030,0.5,2,0
train_009031,0.03749018,4,1
train_009032,0.5,3,0
train_009033,0.5,3,0
train_009034,0.5,2,0
train_009035,0.5,3,0
train_009036,0.5,4,0
train_009037,0.0026450376,3,1
train_009038,0.5,4,0
train_009039,0.5,3,0
train_009040,0.5,2,0
train_009041,0.5,2,0
train_009042,0.5,3,0
train_009043,0.5,4,0
train_009044,0.049934596,4,1
train_009045,0.5,4,0
train_009046,0.5,3,0
train_009047,0.5,2,0
train_009048,0.004090028,4,1
train_009049,0.5,4,0
train_009050,0.5,3,0
train_009051,0.48810405,4,1
train_009052,0.5,4,0
train_009053,0.5,2,0
train_009054,0.5,3,0
train_009055,0.03888173,3,1
train_009056,0.5,2,0
train_009057,0.5,4,0
train_009058,0.5,4,0
train_009059,0.5,3,0
train_009060,0.5,4,0
train_009061,0.004701007,4,1
train_009062,0.5,3,0
train_009063,0.5,4,0
train_009064,0.006884454,1,1
train_009065,0.7159204,4,1
train_009066,0.5,3,0
train_009067,0.98518,4,1
train_009068,0.5,4,0
train_009069,0.5,3,0
train_009070,0.5,3,0
train_009071,0.5,4,0
train_009072,0.5,2,0
train_009073,0.5,4,0
train_009074,0.5,4,0
train_009075,0.041738845,4,1
train_009076,0.5,3,0
train_009077,0.5,4,0
train_009078,0.5,4,0
train_009079,0.5,2,0
train_009080,0.5,4,0
train_009081,0.5,4,0
train_009082,0.101660095,3,1
train_009083,0.5,3,0
train_009084,0.5,3,0
train_009085,0.5,2,0
train_009086,0.5,3,0
train_009087,0.5,3,0
train_009088,0.0051836073,4,1
train_009089,0.5,3,0
train_009090,0.020293161,4,1
train_009091,0.5,4,0
train_009092,0.5,3,0
train_009093,0.10230676,3,1
train_009094,0.5,2,0
train_009095,0.5,3,0
train_009096,0.5,2,0
train_009097,0.5,2,0
train_009098,0.5,2,0
train_009099,0.5,2,0
train_009100,0.00020293336,4,1
train_009101,0.96749175,4,1
train_009102,0.98896676,4,1
train_009103,0.5,2,0
train_009104,0.5,4,0
train_009105,0.5,3,0
train_009106,0.5,3,0
train_009107,0.5,2,0
train_009108,0.0014594044,4,1
train_009109,0.5,4,0
train_009110,0.5,4,0
train_009111,0.0036557943,3,1
train_009112,0.05167041,3,1
train_009113,0.0069873906,4,1
train_009114,0.5,2,0
train_009115,0.00983059,3,1
train_009116,0.5,3,0
train_009117,0.5,2,0
train_009118,0.5,2,0
train_009119,0.5,4,0
train_009120,0.5,3,0
train_009121,0.5,3,0
train_009122,0.5,4,0
train_009123,0.9940753,3,1
train_009124,0.0028616393,3,1
train_009125,0.5,3,0
train_009126,0.5,3,0
train_009127,0.0046826727,3,1
train_009128,0.5,3,0
train_009129,0.5,2,0
train_009130,0.5,3,0
train_009131,0.002099387,4,1
train_009132,0.5,3,0
train_009133,0.5,4,0
train_009134,0.001212399,3,1
train_009135,0.023266139,4,1
train_009136,0.0087404065,3,1
train_009137,0.5,4,0
train_009138,0.5,4,0
train_009139,0.5,4,0
train_009140,0.5,3,0
train_009141,0.5,3,0
train_009142,0.00029347427,3,1
train_009143,0.008067462,4,1
train_009144,0.5,2,0
train_009145,0.5,2,0
train_009146,0.055788457,2,1
train_009147,0.5,3,0
train_009148,0.07299265,3,1
train_009149,0.5,3,0
train_009150,0.013772054,4,1
train_009151,0.052661754,4,1
train_009152,0.5,4,0
train_009153,0.00036045886,3,1
train_009154,0.5,3,0
train_009155,0.5,2,0
train_009156,0.5,4,0
train_009157,0.5,3,0
train_009158,0.5,3,0
train_009159,0.5,2,0
train_009160,0.5,4,0
train_009161,0.5,3,0
train_009162,0.5,3,0
train_009163,0.98014647,4,1
train_009164,0.5,3,0
train_009165,0.5,4,0
train_009166,0.5,3,0
train_009167,0.03065687,4,1
train_009168,0.5,4,0
train_009169,0.5,3,0
train_009170,0.00465145,3,1
train_009171,0.5,4,0
train_009172,0.5,4,0
train_009173,0.0052849133,3,1
train_009174,0.5,3,0
train_009175,0.5,3,0
train_009176,0.5,2,0
train_009177,0.5,3,0
train_009178,0.5,3,0
train_009179,0.5,3,0
train_009180,0.5,2,0
train_009181,0.0005699046,3,1
train_009182,0.5,3,0
train_009183,0.5,2,0
train_009184,0.5,3,0
train_009185,0.0054825856,3,1
train_009186,0.5,3,0
train_009187,0.5,3,0
train_009188,0.005545214,3,1
train_009189,0.002703492,3,1
train_009190,0.058165394,4,1
train_009191,0.5,3,0
train_009192,0.5,3,0
train_009193,0.0023367347,2,1
train_009194,0.00045552265,3,1
train_009195,0.5,3,0
train_009196,0.007442993,3,1
train_009197,0.0043890593,4,1
train_009198,0.5,4,0
train_009199,0.5,3,0
train_009200,0.0029798076,3,1
train_009201,0.5,4,0
train_009202,0.5,3,0
train_009203,0.024100892,4,1
train_009204,0.5,4,0
train_009205,0.0005129209,3,1
train_009206,0.5,2,0
train_009207,0.5,4,0
train_009208,0.5,3,0
train_009209,0.12596242,4,1
train_009210,0.5,3,0
train_009211,0.00067745405,3,1
train_009212,0.5,3,0
train_009213,0.0014044999,3,1
train_009214,0.5,3,0
train_009215,0.055039663,4,1
train_009216,0.5,3,0
train_009217,0.00014968382,3,1
train_009218,0.097942196,3,1
train_009219,0.5,2,0
train_009220,0.5,3,0
train_009221,0.00034679146,1,1
train_009222,0.094329305,4,1
train_009223,0.5,3,0
train_009224,0.5,4,0
train_009225,0.5,3,0
train_009226,0.5,3,0
train_009227,0.00040220065,4,1
train_009228,0.5,2,0
train_009229,0.021976044,3,1
train_009230,0.07933605,3,1
train_009231,0.73763245,4,1
train_009232,0.005849025,3,1
train_009233,0.5,3,0
train_009234,0.5,1,0
train_009235,0.5,1,0
train_009236,0.0072878627,3,1
train_009237,0.5,3,0
train_009238,0.5,2,0
train_009239,0.0038475348,3,1
train_009240,0.00042121296,4,1
train_009241,0.5,3,0
train_009242,0.5,3,0
train_009243,0.00014567228,3,1
train_009244,0.987015,3,1
train_009245,0.5,3,0
train_009246,0.5,3,0
train_009247,0.5,2,0
train_009248,0.5,2,0
train_009249,0.5,3,0
train_009250,0.5,4,0
train_009251,0.95058256,4,1
train_009252,0.012527998,4,1
train_009253,0.5,4,0
train_009254,0.5,4,0
train_009255,0.015263859,4,1
train_009256,0.5,3,0
train_009257,0.5,3,0
train_009258,0.5,3,0
train_009259,0.5,3,0
train_009260,0.9888545,4,1
train_009261,0.023398025,4,1
train_009262,0.06374633,4,1
train_009263,0.5,3,0
train_009264,0.5,4,0
train_009265,0.5,4,0
train_009266,0.02199609,3,1
train_009267,0.5,2,0
train_009268,0.5,3,0
train_009269,0.5,3,0
train_009270,0.5,3,0
train_009271,0.5,2,0
train_009272,0.5,3,0
train_009273,0.5,3,0
train_009274,0.5,3,0
train_009275,0.5,2,0
train_009276,0.026837073,4,1
train_009277,0.5,3,0
train_009278,0.005726722,3,1
train_009279,0.0018570926,4,1
train_009280,0.5,3,0
train_009281,0.5,3,0
train_009282,0.5,4,0
train_009283,0.5,3,0
train_009284,0.5,4,0
train_009285,0.5,3,0
train_009286,0.5,2,0
train_009287,0.8548592,4,1
train_009288,0.5,4,0
train_009289,0.007252373,4,1
train_009290,0.5,3,0
train_009291,0.5,2,0
train_009292,0.00059405004,4,1
train_009293,0.5,4,0
train_009294,0.5,4,0
train_009295,0.5,3,0
train_009296,0.5,1,0
train_009297,0.5,3,0
train_009298,0.5,2,0
train_009299,0.10724215,4,1
train_009300,0.5,4,0
train_009301,0.5,3,0
train_009302,0.5,4,0
train_009303,0.5,4,0
train_009304,0.5,3,0
train_009305,0.026412765,4,1
train_009306,0.12347232,4,1
train_009307,0.5,3,0
train_009308,3.5117355e-05,3,1
train_009309,0.5,4,0
train_009310,0.5,3,0
train_009311,0.08826158,3,1
train_009312,0.5,2,0
train_009313,0.5,3,0
train_009314,0.0027352814,1,1
train_009315,0.0021089176,3,1
train_009316,8.514497e-05,2,1
train_009317,0.5,3,0
train_009318,0.03452606,2,1
train_009319,0.9854537,4,1
train_009320,0.5,4,0
train_009321,0.5,3,0
train_009322,0.5,2,0
train_009323,0.5,4,0
train_009324,0.0002859885,3,1
train_009325,0.5,3,0
train_009326,0.5,4,0
train_009327,0.5,3,0
train_009328,0.5,3,0
train_009329,0.009043897,3,1
train_009330,0.004063548,4,1
train_009331,0.5,4,0
train_009332,0.004762666,4,1
train_009333,0.5,2,0
train_009334,0.5,4,0
train_009335,0.0051767095,3,1
train_009336,0.5,3,0
train_009337,0.5,2,0
train_009338,0.5,1,0
train_009339,0.5,4,0
train_009340,0.5,3,0
train_009341,0.5,3,0
train_009342,0.016841697,2,1
train_009343,0.5,3,0
train_009344,0.97123384,4,1
train_009345,0.5,2,0
train_009346,0.0014692681,3,1
train_009347,0.007815302,3,1
train_009348,0.5,2,0
train_009349,0.013261884,3,1
train_009350,0.014050846,4,1
train_009351,0.5,4,0
train_009352,0.0068551484,1,1
train_009353,0.5,3,0
train_009354,0.010335947,3,1
train_009355,0.02298873,4,1
train_009356,0.5,2,0
train_009357,0.0008066526,3,1
train_009358,0.5,3,0
train_009359,0.5,3,0
train_009360,0.5,3,0
train_009361,0.021116223,4,1
train_009362,0.5,3,0
train_009363,0.99167633,4,1
train_009364,0.0120609915,4,1
train_009365,0.5,4,0
train_009366,0.5,3,0
train_009367,0.012573074,4,1
train_009368,0.5,2,0
train_009369,0.9666598,4,1
train_009370,0.5,3,0
train_009371,0.5,4,0
train_009372,0.5,4,0
train_009373,0.5,2,0
train_009374,0.5,3,0
train_009375,0.5,3,0
train_009376,0.0056260563,4,1
train_009377,0.5,2,0
train_009378,0.5,2,0
train_009379,0.5,3,0
train_009380,0.0013828431,3,1
train_009381,0.5,2,0
train_009382,0.5,2,0
train_009383,0.02081538,4,1
train_009384,0.5,2,0
train_009385,0.5,2,0
train_009386,0.022730108,3,1
train_009387,0.5,2,0
train_009388,0.5,3,0
train_009389,0.5,4,0
train_009390,0.5,3,0
train_009391,0.5,3,0
train_009392,0.5,4,0
train_009393,0.5,3,0
train_009394,0.5,4,0
train_009395,0.5,3,0
train_009396,0.5,3,0
train_009397,0.5,4,0
train_009398,0.5,3,0
train_009399,0.5,3,0
train_009400,0.5,3,0
train_009401,0.0007513786,4,1
train_009402,0.5,4,0
train_009403,0.5,3,0
train_009404,0.5,3,0
train_009405,0.0039325575,4,1
train_009406,0.5,2,0
train_009407,0.5,4,0
train_009408,0.5,3,0
train_009409,0.08700501,1,1
train_009410,0.5,4,0
train_009411,0.5,4,0
train_009412,0.15067555,3,1
train_009413,0.5,2,0
train_009414,0.5,3,0
train_009415,0.5,4,0
train_009416,0.5,2,0
train_009417,0.13876686,4,1
train_009418,0.0029013574,1,1
train_009419,0.028534802,3,1
train_009420,0.5,3,0
train_009421,0.5,2,0
train_009422,0.5,2,0
train_009423,0.5,3,0
train_009424,0.018679313,4,1
train_009425,0.006880836,3,1
train_009426,0.5,3,0
train_009427,0.5,2,0
train_009428,0.5,2,0
train_009429,0.00035496618,3,1
train_009430,0.015036672,3,1
train_009431,0.5,2,0
train_009432,0.5,3,0
train_009433,0.5,4,0
train_009434,0.5,3,0
train_009435,0.5,2,0
train_009436,0.5,3,0
train_009437,0.5,3,0
train_009438,0.5,3,0
train_009439,0.5,2,0
train_009440,0.5,2,0
train_009441,0.029285867,4,1
train_009442,0.5,4,0
train_009443,0.5,4,0
train_009444,0.005462572,3,1
train_009445,0.5,3,0
train_009446,0.5,3,0
train_009447,0.0011117449,4,1
train_009448,0.0016849719,4,1
train_009449,0.022198139,3,1
train_009450,0.5,3,0
train_009451,0.5,3,0
train_009452,0.0034706164,3,1
train_009453,0.5,3,0
train_009454,0.5,2,0
train_009455,0.10627584,4,1
train_009456,0.5,2,0
train_009457,0.5,2,0
train_009458,0.5,3,0
train_009459,0.5,3,0
train_009460,0.5,3,0
train_009461,0.5,4,0
train_009462,0.5,2,0
train_009463,0.5,3,0
train_009464,0.5,4,0
train_009465,0.5,3,0
train_009466,0.5,4,0
train_009467,0.5,4,0
train_009468,0.020239616,4,1
train_009469,0.5,3,0
train_009470,0.5,3,0
train_009471,0.5,2,0
train_009472,0.5,3,0
train_009473,0.0026000494,4,1
train_009474,0.97769094,4,1
train_009475,0.5,3,0
train_009476,0.5,3,0
train_009477,0.003328734,3,1
train_009478,0.5,3,0
train_009479,0.5,4,0
train_009480,0.5,3,0
train_009481,0.09119572,3,1
train_009482,0.0148110045,2,1
train_009483,0.5,2,0
train_009484,0.5,2,0
train_009485,0.5,3,0
train_009486,0.5,3,0
train_009487,0.5,3,0
train_009488,0.014176654,4,1
train_009489,0.5,3,0
train_009490,0.5,2,0
train_009491,0.082458936,3,1
train_009492,0.5,3,0
train_009493,0.5,4,0
train_009494,0.0030260386,3,1
train_009495,0.5,3,0
train_009496,0.004773248,3,1
train_009497,0.5,3,0
train_009498,0.5,3,0
train_009499,0.5,1,0
train_009500,0.5,2,0
train_009501,0.012423385,1,1
train_009502,0.0008316626,3,1
train_009503,0.0055595464,4,1
train_009504,0.0019304026,2,1
train_009505,0.0046668365,4,1
train_009506,0.5,4,0
train_009507,0.027060771,2,1
train_009508,0.6556429,2,1
train_009509,0.007909148,1,1
train_009510,0.00070415967,3,1
train_009511,0.00012781734,1,1
train_009512,0.0012877469,1,1
train_009513,0.8950987,3,1
train_009514,0.00013797112,1,1
train_009515,0.0077123297,1,1
train_009516,0.006231994,1,1
train_009517,0.9861968,3,1
train_009518,0.00011002074,2,1
train_009519,0.005560772,1,1
train_009520,0.00029921997,1,1
train_009521,0.0009228512,1,1
train_009522,0.012790623,2,1
train_009523,0.5,2,0
train_009524,0.2551843,1,1
train_009525,0.00041991245,1,1
train_009526,0.0039932346,2,1
train_009527,0.5,2,0
train_009528,0.5,1,0
train_009529,0.0066313026,2,1
train_009530,0.5,1,0
train_009531,0.5,1,0
train_009532,0.5,3,0
train_009533,0.5,1,0
train_009534,0.5,3,0
train_009535,0.007369673,1,1
train_009536,0.002685766,3,1
train_009537,0.00011616318,2,1
train_009538,0.004440108,2,1
train_009539,0.00032540245,1,1
train_009540,0.5,1,0
train_009541,0.5,3,0
train_009542,0.5,2,0
train_009543,0.00011413942,1,1
train_009544,0.5,2,0
train_009545,0.022877209,1,1
train_009546,0.00012897913,3,1
train_009547,0.011103743,2,1
train_009548,0.5,1,0
train_009549,0.11920594,3,1
train_009550,0.5,1,0
train_009551,0.5,2,0
train_009552,0.006037214,3,1
train_009553,0.00018460174,2,1
train_009554,0.0004430575,1,1
train_009555,0.5,3,0
train_009556,0.0026619423,2,1
train_009557,0.0022350335,3,1
train_009558,0.5,2,0
train_009559,0.5,2,0
train_009560,0.14784318,4,1
train_009561,0.002071242,2,1
train_009562,0.5,2,0
train_009563,0.010548931,3,1
train_009564,0.5,4,0
train_009565,0.0006920685,3,1
train_009566,8.949046e-05,1,1
train_009567,0.010398595,3,1
train_009568,0.02124308,3,1
train_009569,0.0016779617,2,1
train_009570,0.00087629084,1,1
train_009571,0.00026186556,1,1
train_009572,0.5,3,0
train_009573,0.5,1,0
train_009574,0.98651516,4,1
train_009575,0.008941599,1,1
train_009576,0.032174256,2,1
train_009577,6.96164e-05,2,1
train_009578,2.2289916e-05,2,1
train_009579,0.5,1,0
train_009580,0.0056753703,2,1
train_009581,0.0036199552,4,1
train_009582,4.949822e-05,2,1
train_009583,0.008193981,1,1
train_009584,0.5,1,0
train_009585,0.028687675,2,1
train_009586,0.00011620764,3,1
train_009587,0.5,2,0
train_009588,0.005547211,2,1
train_009589,0.10112765,2,1
train_009590,0.5,4,0
train_009591,0.017602064,2,1
train_009592,0.5,2,0
train_009593,0.005560366,2,1
train_009594,4.825954e-05,2,1
train_009595,0.0040721586,2,1
train_009596,0.5,1,0
train_009597,0.01577361,1,1
train_009598,0.0011800037,1,1
train_009599,0.5,1,0
train_009600,0.7132862,3,1
train_009601,0.5,1,0
train_009602,0.5,1,0
train_009603,0.00020954151,1,1
train_009604,0.00036195098,2,1
train_009605,0.5,1,0
train_009606,0.002830985,1,1
train_009607,0.0022857953,2,1
train_009608,0.5,2,0
train_009609,0.07488635,2,1
train_009610,0.5,2,0
train_009611,0.00057087245,2,1
train_009612,0.030089336,2,1
train_009613,0.029395357,2,1
train_009614,0.003560658,1,1
train_009615,0.011221058,1,1
train_009616,0.058861442,2,1
train_009617,0.008467158,2,1
train_009618,0.031259656,3,1
train_009619,0.5,1,0
train_009620,0.5,2,0
train_009621,0.6734483,3,1
train_009622,0.5,2,0
train_009623,0.0007809398,4,1
train_009624,0.0015275449,3,1
train_009625,0.9243408,2,1
train_009626,0.5,1,0
train_009627,0.00015216946,1,1
train_009628,0.5,1,0
train_009629,0.5,3,0
train_009630,0.5,1,0
train_009631,0.5,1,0
train_009632,0.00033846655,1,1
train_009633,0.011462905,3,1
train_009634,0.07657595,2,1
train_009635,4.0411676e-05,2,1
train_009636,0.000958286,3,1
train_009637,7.040888e-06,2,1
train_009638,0.00095783436,1,1
train_009639,0.5,4,0
train_009640,0.018390015,3,1
train_009641,0.5,1,0
train_009642,0.0031534904,1,1
train_009643,0.5,1,0
train_009644,0.0010006926,2,1
train_009645,0.5,2,0
train_009646,0.5,3,0
train_009647,0.0002789312,1,1
train_009648,0.5,1,0
train_009649,0.0024887875,3,1
train_009650,0.5,1,0
train_009651,0.92200685,3,1
train_009652,0.5,1,0
train_009653,0.5,2,0
train_009654,0.00017711057,2,1
train_009655,0.5,2,0
train_009656,0.0014469711,1,1
train_009657,0.5,1,0
train_009658,0.5,1,0
train_009659,0.34491706,3,1
train_009660,0.0039527086,3,1
train_009661,0.5,2,0
train_009662,0.0043150084,4,1
train_009663,0.0039794887,3,1
train_009664,0.0012304637,2,1
train_009665,0.0002522396,3,1
train_009666,0.003433519,2,1
train_009667,5.2231528e-05,4,1
train_009668,0.0021493884,1,1
train_009669,0.0020612427,2,1
train_009670,0.02966394,2,1
train_009671,0.5,2,0
train_009672,0.00019233917,1,1
train_009673,0.0067944927,2,1
train_009674,0.0002609411,1,1
train_009675,0.0009112197,1,1
train_009676,8.394007e-05,3,1
train_009677,0.015084854,4,1
train_009678,0.5,3,0
train_009679,0.00046120008,4,1
train_009680,0.011158322,2,1
train_009681,0.0013318332,4,1
train_009682,0.0006235367,2,1
train_009683,0.004307654,4,1
train_009684,0.9865007,4,1
train_009685,0.06728383,2,1
train_009686,0.005908873,2,1
train_009687,0.5,2,0
train_009688,0.0010840534,4,1
train_009689,0.00025473995,3,1
train_009690,0.018639827,4,1
train_009691,0.0015258858,3,1
train_009692,9.1729904e-05,3,1
train_009693,0.9744632,2,1
train_009694,0.4569289,2,1
train_009695,0.01647326,4,1
train_009696,0.03153959,4,1
train_009697,0.03309569,2,1
train_009698,0.5,1,0
train_009699,0.0007173468,3,1
train_009700,0.008382062,3,1
train_009701,0.0046238345,3,1
train_009702,0.0014030568,2,1
train_009703,0.00010549064,3,1
train_009704,0.0009744612,1,1
train_009705,0.5,1,0
train_009706,0.00025247733,4,1
train_009707,0.16363248,3,1
train_009708,0.0037649085,4,1
train_009709,0.5,3,0
train_009710,0.5,1,0
train_009711,0.015559416,3,1
train_009712,0.61917496,3,1
train_009713,0.0029961222,2,1
train_009714,0.0084760245,3,1
train_009715,7.1041075e-05,2,1
train_009716,0.0011592826,2,1
train_009717,0.00016522918,3,1
train_009718,0.0032149884,1,1
train_009719,3.813502e-05,2,1
train_009720,0.29812565,2,1
train_009721,6.199059e-05,2,1
train_009722,0.5,2,0
train_009723,6.1933526e-05,2,1
train_009724,0.0025776576,3,1
train_009725,0.5,1,0
train_009726,0.0018637246,3,1
train_009727,0.010306273,3,1
train_009728,0.00027999494,4,1
train_009729,6.455116e-05,2,1
train_009730,0.005432274,4,1
train_009731,0.014527922,2,1
train_009732,9.126759e-05,1,1
train_009733,0.0003348556,3,1
train_009734,0.0002825028,3,1
train_009735,0.013080378,3,1
train_009736,0.5,1,0
train_009737,0.002601406,4,1
train_009738,0.5,3,0
train_009739,0.5,1,0
train_009740,0.00025330388,2,1
train_009741,0.039345067,1,1
train_009742,0.0005121324,2,1
train_009743,0.5,1,0
train_009744,0.9652106,3,1
train_009745,0.0045511886,1,1
train_009746,3.4271532e-05,4,1
train_009747,0.0583317,3,1
train_009748,0.0070229922,3,1
train_009749,0.0005172109,2,1
train_009750,0.060488634,3,1
train_009751,0.5,1,0
train_009752,8.57265e-05,2,1
train_009753,8.416863e-05,1,1
train_009754,0.94577485,3,1
train_009755,0.0004803783,2,1
train_009756,0.5,4,0
train_009757,0.025349006,3,1
train_009758,0.0031314902,2,1
train_009759,0.93658817,1,1
train_009760,0.06774981,2,1
train_009761,7.120945e-05,2,1
train_009762,0.0003703977,2,1
train_009763,0.00013520411,2,1
train_009764,0.00012365803,1,1
train_009765,0.026627822,4,1
train_009766,0.0013073684,2,1
train_009767,6.694345e-05,2,1
train_009768,0.5,1,0
train_009769,0.5,1,0
train_009770,0.001792121,3,1
train_009771,0.0006421188,4,1
train_009772,0.005216156,2,1
train_009773,0.020662043,2,1
train_009774,0.00035531845,1,1
train_009775,0.003974954,2,1
train_009776,0.008207952,1,1
train_009777,0.00040212186,2,1
train_009778,0.00014912106,1,1
train_009779,0.0040525943,1,1
train_009780,0.0035568473,2,1
train_009781,0.011565256,3,1
train_009782,0.5,1,0
train_009783,6.373583e-05,2,1
train_009784,0.057626136,3,1
train_009785,0.5,1,0
train_009786,0.5,3,0
train_009787,0.0013584911,3,1
train_009788,0.0017533498,2,1
train_009789,0.0003061383,2,1
train_009790,0.5,2,0
train_009791,0.0135132475,3,1
train_009792,0.00032325892,2,1
train_009793,0.5,3,0
train_009794,0.5,4,0
train_009795,0.00033327632,2,1
train_009796,0.5,1,0
train_009797,0.0009403174,2,1
train_009798,0.5,2,0
train_009799,0.0038193022,2,1
train_009800,0.5,1,0
train_009801,0.0033778544,4,1
train_009802,0.5,1,0
train_009803,0.0016508708,2,1
train_009804,0.09769889,4,1
train_009805,0.5,1,0
train_009806,0.0006721264,4,1
train_009807,0.0017555244,4,1
train_009808,0.001724792,3,1
train_009809,0.00010267992,3,1
train_009810,0.9187209,1,1
train_009811,0.5,4,0
train_009812,0.002239423,3,1
train_009813,0.5,3,0
train_009814,0.5,4,0
train_009815,7.300903e-05,1,1
train_009816,0.007786602,2,1
train_009817,0.5,2,0
train_009818,0.0015487395,2,1
train_009819,0.5,2,0
train_009820,0.0020059834,2,1
train_009821,0.0003221788,2,1
train_009822,0.00012380385,3,1
train_009823,0.00025088995,3,1
train_009824,0.010923305,2,1
train_009825,0.5,3,0
train_009826,0.0014222692,3,1
train_009827,0.5,1,0
train_009828,0.023810497,2,1
train_009829,0.0005900478,2,1
train_009830,0.00071620924,2,1
train_009831,0.0018176239,2,1
train_009832,0.5,4,0
train_009833,0.020751838,2,1
train_009834,0.0005318932,1,1
train_009835,0.5,1,0
train_009836,0.00021881745,2,1
train_009837,0.0005078176,4,1
train_009838,0.0003640909,4,1
train_009839,0.121689945,3,1
train_009840,0.5,1,0
train_009841,0.008145721,3,1
train_009842,0.00050968316,4,1
train_009843,0.00052515016,1,1
train_009844,0.5,3,0
train_009845,0.05387349,2,1
train_009846,0.0024530774,2,1
train_009847,0.5,2,0
train_009848,0.5,1,0
train_009849,0.0049078683,2,1
train_009850,0.0076726046,3,1
train_009851,0.00017951196,4,1
train_009852,0.00581668,4,1
train_009853,0.0015161198,1,1
train_009854,0.0022005832,3,1
train_009855,0.0004957691,2,1
train_009856,0.04439036,2,1
train_009857,0.0027577034,4,1
train_009858,0.034430932,3,1
train_009859,0.0004473055,3,1
train_009860,0.10403576,3,1
train_009861,0.001667054,3,1
train_009862,0.0027286115,3,1
train_009863,0.0017951352,4,1
train_009864,0.5,1,0
train_009865,0.01046459,2,1
train_009866,0.00020298641,3,1
train_009867,0.5,1,0
train_009868,0.5,4,0
train_009869,0.001922348,3,1
train_009870,0.0030999032,3,1
train_009871,0.017823983,3,1
train_009872,0.0029527417,1,1
train_009873,0.0020104768,2,1
train_009874,0.03193328,2,1
train_009875,0.00031786715,3,1
train_009876,0.00017996375,4,1
train_009877,0.0025870516,1,1
train_009878,0.5,1,0
train_009879,0.021367582,4,1
train_009880,0.1487506,4,1
train_009881,0.0016047226,2,1
train_009882,0.0010288503,2,1
train_009883,0.026404051,4,1
train_009884,0.009323977,4,1
train_009885,0.00024545068,2,1
train_009886,0.5,2,0
train_009887,0.000524354,1,1
train_009888,0.012627024,1,1
train_009889,0.00010398402,2,1
train_009890,9.696606e-05,1,1
train_009891,0.00016342614,1,1
train_009892,0.010882593,3,1
train_009893,0.00033740152,1,1
train_009894,0.5,2,0
train_009895,0.00094590057,2,1
train_009896,0.0048503997,1,1
train_009897,0.5,2,0
train_009898,0.004409053,2,1
train_009899,2.8695637e-05,1,1
train_009900,0.119781986,4,1
train_009901,0.022271246,4,1
train_009902,0.5,1,0
train_009903,0.5,4,0
train_009904,0.010909274,1,1
train_009905,0.006046054,2,1
train_009906,0.0010527069,2,1
train_009907,0.0011330616,3,1
train_009908,0.5,1,0
train_009909,0.00019324933,2,1
train_009910,0.0034299083,1,1
train_009911,0.00092966907,3,1
train_009912,0.118760236,4,1
train_009913,0.5,2,0
train_009914,0.9219933,2,1
train_009915,0.00020554649,2,1
train_009916,0.005269557,4,1
train_009917,0.9852099,2,1
train_009918,0.00016066723,3,1
train_009919,0.3970649,4,1
train_009920,0.11969267,1,1
train_009921,0.00018104071,1,1
train_009922,0.0007753986,3,1
train_009923,0.002957682,1,1
train_009924,0.00018472962,4,1
train_009925,0.00024397766,3,1
train_009926,0.00040396443,1,1
train_009927,0.0028570204,1,1
train_009928,0.0004813279,2,1
train_009929,0.00041444358,3,1
train_009930,0.00061694224,2,1
train_009931,0.0001290905,3,1
train_009932,0.018751636,4,1
train_009933,0.13557187,2,1
train_009934,0.5,2,0
train_009935,0.005027651,3,1
train_009936,0.0023041808,2,1
train_009937,0.00028611888,1,1
train_009938,0.000113947994,1,1
train_009939,0.5,1,0
train_009940,0.87219286,4,1
train_009941,0.00093569217,3,1
train_009942,0.0025844378,2,1
train_009943,0.5,2,0
train_009944,0.95591456,2,1
train_009945,0.5,1,0
train_009946,0.5,1,0
train_009947,0.00043709791,3,1
train_009948,0.18795271,3,1
train_009949,0.004675435,1,1
train_009950,0.5,1,0
train_009951,0.5,2,0
train_009952,0.00017622046,3,1
train_009953,0.63897127,1,1
train_009954,0.0001345061,3,1
train_009955,0.5,2,0
train_009956,0.5,2,0
train_009957,0.0010185502,1,1
train_009958,0.0038313065,3,1
train_009959,0.5,2,0
train_009960,0.00041404917,2,1
train_009961,0.014164093,3,1
train_009962,0.5,1,0
train_009963,0.014526268,3,1
train_009964,0.0017594345,4,1
train_009965,0.003628739,3,1
train_009966,0.0063516386,2,1
train_009967,0.5,2,0
train_009968,0.5,1,0
train_009969,0.5,4,0
train_009970,0.5,4,0
train_009971,0.0004692205,2,1
train_009972,0.0002838029,2,1
train_009973,0.00044673277,1,1
train_009974,0.5,1,0
train_009975,0.00013336842,3,1
train_009976,4.4782053e-05,1,1
train_009977,0.0022627322,3,1
train_009978,0.0003161107,2,1
train_009979,0.5,3,0
train_009980,0.06107818,3,1
train_009981,0.00032619847,2,1
train_009982,0.5,1,0
train_009983,0.5,1,0
train_009984,0.0001856181,1,1
train_009985,0.0014232101,2,1
train_009986,0.5,3,0
train_009987,0.5,1,0
train_009988,0.00085630675,2,1
train_009989,0.0017847134,4,1
train_009990,0.5,2,0
train_009991,0.0033430501,1,1
train_009992,0.5,2,0
train_009993,0.0017131926,1,1
train_009994,0.5,1,0
train_009995,0.00015574292,1,1
train_009996,0.5,3,0
train_009997,0.00017066603,1,1
train_009998,0.3772052,1,1
train_009999,0.5,1,0
